// images.h
// contains image buffers for simple space invaders
// Jonathan Valvano, March 5, 2018
// Capture image dimensions from BMP files

#ifndef __images_h
#define __images_h
#include <stdint.h>


// *************************** Images ***************************
// enemy ship that starts at the top of the screen (arms/mouth closed)
// includes two blacked out columns on the left and right sides of the image to prevent smearing when moved 2 pixels to the left or right
// includes one blacked out row on the top and bottom sides of the image to prevent smearing when moved 1 pixels to the up or down
// width=16 x height=10
const uint16_t SmallEnemy10pointA[] = {
 0x0000, 0x0000, 0x0000, 0x0000, 0x0000, 0x0000, 0x0000, 0x0000, 0x0000, 0x0000, 0x0000, 0x0000, 0x0000, 0x0000, 0x0000, 0x0000,
 0x0000, 0x0000, 0x0000, 0x0000, 0x0000, 0xFFFF, 0xFFFF, 0x0000, 0x0000, 0xFFFF, 0xFFFF, 0x0000, 0x0000, 0x0000, 0x0000, 0x0000,
 0x0000, 0x0000, 0xFFFF, 0x0000, 0xFFFF, 0x0000, 0x0000, 0x0000, 0x0000, 0x0000, 0x0000, 0xFFFF, 0x0000, 0xFFFF, 0x0000, 0x0000,
 0x0000, 0x0000, 0xFFFF, 0xFFFF, 0xFFFF, 0xFFFF, 0xFFFF, 0xFFFF, 0xFFFF, 0xFFFF, 0xFFFF, 0xFFFF, 0xFFFF, 0xFFFF, 0x0000, 0x0000,
 0x0000, 0x0000, 0xFFFF, 0xFFFF, 0xFFFF, 0xFFFF, 0xFFFF, 0xFFFF, 0xFFFF, 0xFFFF, 0xFFFF, 0xFFFF, 0xFFFF, 0xFFFF, 0x0000, 0x0000,
 0x0000, 0x0000, 0x0000, 0xFFFF, 0xFFFF, 0x0000, 0xFFFF, 0xFFFF, 0xFFFF, 0xFFFF, 0x0000, 0xFFFF, 0xFFFF, 0x0000, 0x0000, 0x0000,
 0x0000, 0x0000, 0x0000, 0x0000, 0xFFFF, 0xFFFF, 0xFFFF, 0xFFFF, 0xFFFF, 0xFFFF, 0xFFFF, 0xFFFF, 0x0000, 0x0000, 0x0000, 0x0000,
 0x0000, 0x0000, 0x0000, 0x0000, 0x0000, 0xFFFF, 0x0000, 0x0000, 0x0000, 0x0000, 0xFFFF, 0x0000, 0x0000, 0x0000, 0x0000, 0x0000,
 0x0000, 0x0000, 0x0000, 0x0000, 0xFFFF, 0x0000, 0x0000, 0x0000, 0x0000, 0x0000, 0x0000, 0xFFFF, 0x0000, 0x0000, 0x0000, 0x0000,
 0x0000, 0x0000, 0x0000, 0x0000, 0x0000, 0x0000, 0x0000, 0x0000, 0x0000, 0x0000, 0x0000, 0x0000, 0x0000, 0x0000, 0x0000, 0x0000,
};




// enemy ship that starts at the top of the screen (arms/mouth open)
// includes two blacked out columns on the left and right sides of the image to prevent smearing when moved 2 pixels to the left or right
// includes one blacked out row on the top and bottom sides of the image to prevent smearing when moved 1 pixels to the up or down
// width=16 x height=10
const uint16_t SmallEnemy10pointB[] = {
 0x0000, 0x0000, 0x0000, 0x0000, 0x0000, 0x0000, 0x0000, 0x0000, 0x0000, 0x0000, 0x0000, 0x0000, 0x0000, 0x0000, 0x0000, 0x0000,
 0x0000, 0x0000, 0x0000, 0xFFFF, 0x0000, 0x0000, 0x0000, 0x0000, 0x0000, 0x0000, 0x0000, 0x0000, 0xFFFF, 0x0000, 0x0000, 0x0000,
 0x0000, 0x0000, 0x0000, 0x0000, 0xFFFF, 0x0000, 0x0000, 0x0000, 0x0000, 0x0000, 0x0000, 0xFFFF, 0x0000, 0x0000, 0x0000, 0x0000,
 0x0000, 0x0000, 0x0000, 0xFFFF, 0xFFFF, 0xFFFF, 0xFFFF, 0xFFFF, 0xFFFF, 0xFFFF, 0xFFFF, 0xFFFF, 0xFFFF, 0x0000, 0x0000, 0x0000,
 0x0000, 0x0000, 0xFFFF, 0xFFFF, 0xFFFF, 0xFFFF, 0xFFFF, 0xFFFF, 0xFFFF, 0xFFFF, 0xFFFF, 0xFFFF, 0xFFFF, 0xFFFF, 0x0000, 0x0000,
 0x0000, 0x0000, 0xFFFF, 0xFFFF, 0xFFFF, 0x0000, 0xFFFF, 0xFFFF, 0xFFFF, 0xFFFF, 0x0000, 0xFFFF, 0xFFFF, 0xFFFF, 0x0000, 0x0000,
 0x0000, 0x0000, 0xFFFF, 0x0000, 0xFFFF, 0xFFFF, 0xFFFF, 0xFFFF, 0xFFFF, 0xFFFF, 0xFFFF, 0xFFFF, 0x0000, 0xFFFF, 0x0000, 0x0000,
 0x0000, 0x0000, 0xFFFF, 0x0000, 0x0000, 0xFFFF, 0x0000, 0x0000, 0x0000, 0x0000, 0xFFFF, 0x0000, 0x0000, 0xFFFF, 0x0000, 0x0000,
 0x0000, 0x0000, 0x0000, 0x0000, 0xFFFF, 0x0000, 0x0000, 0x0000, 0x0000, 0x0000, 0x0000, 0xFFFF, 0x0000, 0x0000, 0x0000, 0x0000,
 0x0000, 0x0000, 0x0000, 0x0000, 0x0000, 0x0000, 0x0000, 0x0000, 0x0000, 0x0000, 0x0000, 0x0000, 0x0000, 0x0000, 0x0000, 0x0000,
};

// enemy ship that starts in the middle of the screen (arms together)
// includes two blacked out columns on the left and right sides of the image to prevent smearing when moved 2 pixels to the left or right
// includes one blacked out row on the top and bottom sides of the image to prevent smearing when moved 1 pixels to the up or down
// width=16 x height=10
const uint16_t SmallEnemy20pointA[] = {
 0x0000, 0x0000, 0x0000, 0x0000, 0x0000, 0x0000, 0x0000, 0x0000, 0x0000, 0x0000, 0x0000, 0x0000, 0x0000, 0x0000, 0x0000, 0x0000,
 0x0000, 0x0000, 0x0000, 0x0000, 0xFFFF, 0xFFFF, 0x0000, 0x0000, 0x0000, 0x0000, 0xFFFF, 0xFFFF, 0x0000, 0x0000, 0x0000, 0x0000,
 0x0000, 0x0000, 0x0000, 0xFFFF, 0xFFFF, 0x0000, 0x0000, 0xFFFF, 0xFFFF, 0x0000, 0x0000, 0xFFFF, 0xFFFF, 0x0000, 0x0000, 0x0000,
 0x0000, 0x0000, 0x0000, 0x0000, 0xFFFF, 0xFFFF, 0xFFFF, 0x0000, 0x0000, 0xFFFF, 0xFFFF, 0xFFFF, 0x0000, 0x0000, 0x0000, 0x0000,
 0x0000, 0x0000, 0xFFFF, 0xFFFF, 0xFFFF, 0xFFFF, 0xFFFF, 0xFFFF, 0xFFFF, 0xFFFF, 0xFFFF, 0xFFFF, 0xFFFF, 0xFFFF, 0x0000, 0x0000,
 0x0000, 0x0000, 0xFFFF, 0xFFFF, 0xFFFF, 0x0000, 0x0000, 0xFFFF, 0xFFFF, 0x0000, 0x0000, 0xFFFF, 0xFFFF, 0xFFFF, 0x0000, 0x0000,
 0x0000, 0x0000, 0xFFFF, 0xFFFF, 0xFFFF, 0xFFFF, 0xFFFF, 0xFFFF, 0xFFFF, 0xFFFF, 0xFFFF, 0xFFFF, 0xFFFF, 0xFFFF, 0x0000, 0x0000,
 0x0000, 0x0000, 0x0000, 0xFFFF, 0xFFFF, 0xFFFF, 0xFFFF, 0xFFFF, 0xFFFF, 0xFFFF, 0xFFFF, 0xFFFF, 0xFFFF, 0x0000, 0x0000, 0x0000,
 0x0000, 0x0000, 0x0000, 0x0000, 0x0000, 0x0000, 0xFFFF, 0xFFFF, 0xFFFF, 0xFFFF, 0x0000, 0x0000, 0x0000, 0x0000, 0x0000, 0x0000,
 0x0000, 0x0000, 0x0000, 0x0000, 0x0000, 0x0000, 0x0000, 0x0000, 0x0000, 0x0000, 0x0000, 0x0000, 0x0000, 0x0000, 0x0000, 0x0000,
};

// enemy ship that starts in the middle of the screen (arms apart)
// includes two blacked out columns on the left and right sides of the image to prevent smearing when moved 2 pixels to the left or right
// includes one blacked out row on the top and bottom sides of the image to prevent smearing when moved 1 pixels to the up or down
// width=16 x height=10
const uint16_t SmallEnemy20pointB[] = {
 0x0000, 0x0000, 0x0000, 0x0000, 0x0000, 0x0000, 0x0000, 0x0000, 0x0000, 0x0000, 0x0000, 0x0000, 0x0000, 0x0000, 0x0000, 0x0000,
 0x0000, 0xFFFF, 0xFFFF, 0x0000, 0x0000, 0x0000, 0x0000, 0x0000, 0x0000, 0x0000, 0x0000, 0x0000, 0x0000, 0xFFFF, 0xFFFF, 0x0000,
 0x0000, 0x0000, 0x0000, 0xFFFF, 0xFFFF, 0x0000, 0x0000, 0xFFFF, 0xFFFF, 0x0000, 0x0000, 0xFFFF, 0xFFFF, 0x0000, 0x0000, 0x0000,
 0x0000, 0x0000, 0x0000, 0x0000, 0xFFFF, 0xFFFF, 0xFFFF, 0x0000, 0x0000, 0xFFFF, 0xFFFF, 0xFFFF, 0x0000, 0x0000, 0x0000, 0x0000,
 0x0000, 0x0000, 0xFFFF, 0xFFFF, 0xFFFF, 0xFFFF, 0xFFFF, 0xFFFF, 0xFFFF, 0xFFFF, 0xFFFF, 0xFFFF, 0xFFFF, 0xFFFF, 0x0000, 0x0000,
 0x0000, 0x0000, 0xFFFF, 0xFFFF, 0xFFFF, 0x0000, 0x0000, 0xFFFF, 0xFFFF, 0x0000, 0x0000, 0xFFFF, 0xFFFF, 0xFFFF, 0x0000, 0x0000,
 0x0000, 0x0000, 0xFFFF, 0xFFFF, 0xFFFF, 0xFFFF, 0xFFFF, 0xFFFF, 0xFFFF, 0xFFFF, 0xFFFF, 0xFFFF, 0xFFFF, 0xFFFF, 0x0000, 0x0000,
 0x0000, 0x0000, 0x0000, 0xFFFF, 0xFFFF, 0xFFFF, 0xFFFF, 0xFFFF, 0xFFFF, 0xFFFF, 0xFFFF, 0xFFFF, 0xFFFF, 0x0000, 0x0000, 0x0000,
 0x0000, 0x0000, 0x0000, 0x0000, 0x0000, 0x0000, 0xFFFF, 0xFFFF, 0xFFFF, 0xFFFF, 0x0000, 0x0000, 0x0000, 0x0000, 0x0000, 0x0000,
 0x0000, 0x0000, 0x0000, 0x0000, 0x0000, 0x0000, 0x0000, 0x0000, 0x0000, 0x0000, 0x0000, 0x0000, 0x0000, 0x0000, 0x0000, 0x0000,
};


// enemy ship that starts at the bottom of the screen (arms down)
// includes two blacked out columns on the left and right sides of the image to prevent smearing when moved 2 pixels to the left or right
// includes one blacked out row on the top and bottom sides of the image to prevent smearing when moved 1 pixels to the up or down
// width=16 x height=10
const uint16_t SmallEnemy30pointA[] = {
 0x0000, 0x0000, 0x0000, 0x0000, 0x0000, 0x0000, 0x0000, 0x0000, 0x0000, 0x0000, 0x0000, 0x0000, 0x0000, 0x0000, 0x0000, 0x0000,
 0x0000, 0x0000, 0x0000, 0x0000, 0x0000, 0xFFFF, 0x0000, 0x0000, 0x0000, 0x0000, 0xFFFF, 0x0000, 0x0000, 0x0000, 0x0000, 0x0000,
 0x0000, 0x0000, 0x0000, 0x0000, 0xFFFF, 0x0000, 0x0000, 0x0000, 0x0000, 0x0000, 0x0000, 0xFFFF, 0x0000, 0x0000, 0x0000, 0x0000,
 0x0000, 0x0000, 0x0000, 0x0000, 0x0000, 0xFFFF, 0x0000, 0xFFFF, 0xFFFF, 0x0000, 0xFFFF, 0x0000, 0x0000, 0x0000, 0x0000, 0x0000,
 0x0000, 0x0000, 0x0000, 0x0000, 0xFFFF, 0xFFFF, 0xFFFF, 0xFFFF, 0xFFFF, 0xFFFF, 0xFFFF, 0xFFFF, 0x0000, 0x0000, 0x0000, 0x0000,
 0x0000, 0x0000, 0x0000, 0x0000, 0xFFFF, 0xFFFF, 0x0000, 0xFFFF, 0xFFFF, 0x0000, 0xFFFF, 0xFFFF, 0x0000, 0x0000, 0x0000, 0x0000,
 0x0000, 0x0000, 0x0000, 0x0000, 0x0000, 0xFFFF, 0xFFFF, 0xFFFF, 0xFFFF, 0xFFFF, 0xFFFF, 0x0000, 0x0000, 0x0000, 0x0000, 0x0000,
 0x0000, 0x0000, 0x0000, 0x0000, 0x0000, 0x0000, 0xFFFF, 0xFFFF, 0xFFFF, 0xFFFF, 0x0000, 0x0000, 0x0000, 0x0000, 0x0000, 0x0000,
 0x0000, 0x0000, 0x0000, 0x0000, 0x0000, 0x0000, 0x0000, 0xFFFF, 0xFFFF, 0x0000, 0x0000, 0x0000, 0x0000, 0x0000, 0x0000, 0x0000,
 0x0000, 0x0000, 0x0000, 0x0000, 0x0000, 0x0000, 0x0000, 0x0000, 0x0000, 0x0000, 0x0000, 0x0000, 0x0000, 0x0000, 0x0000, 0x0000,
};

// enemy ship that starts at the bottom of the screen (arms up)
// includes two blacked out columns on the left and right sides of the image to prevent smearing when moved 2 pixels to the left or right
// includes one blacked out row on the top and bottom sides of the image to prevent smearing when moved 1 pixels to the up or down
// width=16 x height=10
const uint16_t SmallEnemy30pointB[] = {
 0x0000, 0x0000, 0x0000, 0x0000, 0x0000, 0x0000, 0x0000, 0x0000, 0x0000, 0x0000, 0x0000, 0x0000, 0x0000, 0x0000, 0x0000, 0x0000,
 0x0000, 0x0000, 0x0000, 0xFFFF, 0x0000, 0xFFFF, 0x0000, 0x0000, 0x0000, 0x0000, 0xFFFF, 0x0000, 0xFFFF, 0x0000, 0x0000, 0x0000,
 0x0000, 0x0000, 0x0000, 0x0000, 0xFFFF, 0x0000, 0xFFFF, 0xFFFF, 0xFFFF, 0xFFFF, 0x0000, 0xFFFF, 0x0000, 0x0000, 0x0000, 0x0000,
 0x0000, 0x0000, 0x0000, 0x0000, 0x0000, 0xFFFF, 0x0000, 0x0000, 0x0000, 0x0000, 0xFFFF, 0x0000, 0x0000, 0x0000, 0x0000, 0x0000,
 0x0000, 0x0000, 0x0000, 0x0000, 0xFFFF, 0xFFFF, 0xFFFF, 0xFFFF, 0xFFFF, 0xFFFF, 0xFFFF, 0xFFFF, 0x0000, 0x0000, 0x0000, 0x0000,
 0x0000, 0x0000, 0x0000, 0x0000, 0xFFFF, 0xFFFF, 0x0000, 0xFFFF, 0xFFFF, 0x0000, 0xFFFF, 0xFFFF, 0x0000, 0x0000, 0x0000, 0x0000,
 0x0000, 0x0000, 0x0000, 0x0000, 0x0000, 0xFFFF, 0xFFFF, 0xFFFF, 0xFFFF, 0xFFFF, 0xFFFF, 0x0000, 0x0000, 0x0000, 0x0000, 0x0000,
 0x0000, 0x0000, 0x0000, 0x0000, 0x0000, 0x0000, 0xFFFF, 0xFFFF, 0xFFFF, 0xFFFF, 0x0000, 0x0000, 0x0000, 0x0000, 0x0000, 0x0000,
 0x0000, 0x0000, 0x0000, 0x0000, 0x0000, 0x0000, 0x0000, 0xFFFF, 0xFFFF, 0x0000, 0x0000, 0x0000, 0x0000, 0x0000, 0x0000, 0x0000,
 0x0000, 0x0000, 0x0000, 0x0000, 0x0000, 0x0000, 0x0000, 0x0000, 0x0000, 0x0000, 0x0000, 0x0000, 0x0000, 0x0000, 0x0000, 0x0000,
};

// image of the player's ship
// includes two blacked out columns on the left and right sides of the image to prevent smearing when moved 2 pixels to the left or right
// width=18 x height=8
const uint16_t PlayerShip0[] = {
 0x0000, 0x0000, 0x07E0, 0x07E0, 0x07E0, 0x07E0, 0x07E0, 0x07E0, 0x07E0, 0x07E0, 0x07E0, 0x07E0, 0x07E0, 0x07E0, 0x07E0, 0x07E0, 0x0000, 0x0000,
 0x0000, 0x0000, 0x07E0, 0x07E0, 0x07E0, 0x07E0, 0x07E0, 0x07E0, 0x07E0, 0x07E0, 0x07E0, 0x07E0, 0x07E0, 0x07E0, 0x07E0, 0x07E0, 0x0000, 0x0000,
 0x0000, 0x0000, 0x07E0, 0x07E0, 0x07E0, 0x07E0, 0x07E0, 0x07E0, 0x07E0, 0x07E0, 0x07E0, 0x07E0, 0x07E0, 0x07E0, 0x07E0, 0x07E0, 0x0000, 0x0000,
 0x0000, 0x0000, 0x0000, 0x07E0, 0x07E0, 0x07E0, 0x07E0, 0x07E0, 0x07E0, 0x07E0, 0x07E0, 0x07E0, 0x07E0, 0x07E0, 0x07E0, 0x0000, 0x0000, 0x0000,
 0x0000, 0x0000, 0x0000, 0x0000, 0x0000, 0x0000, 0x0000, 0x07E0, 0x07E0, 0x07E0, 0x07E0, 0x0000, 0x0000, 0x0000, 0x0000, 0x0000, 0x0000, 0x0000,
 0x0000, 0x0000, 0x0000, 0x0000, 0x0000, 0x0000, 0x0000, 0x07E0, 0x07E0, 0x07E0, 0x07E0, 0x0000, 0x0000, 0x0000, 0x0000, 0x0000, 0x0000, 0x0000,
 0x0000, 0x0000, 0x0000, 0x0000, 0x0000, 0x0000, 0x0000, 0x0000, 0x07E0, 0x07E0, 0x0000, 0x0000, 0x0000, 0x0000, 0x0000, 0x0000, 0x0000, 0x0000,
 0x0000, 0x0000, 0x0000, 0x0000, 0x0000, 0x0000, 0x0000, 0x0000, 0x0000, 0x0000, 0x0000, 0x0000, 0x0000, 0x0000, 0x0000, 0x0000, 0x0000, 0x0000
};
// image of the player's ship, some damage
// includes two blacked out columns on the left and right sides of the image to prevent smearing when moved 2 pixels to the left or right
// width=18 x height=8
const uint16_t PlayerShip1[] = {
 0x0000, 0x0000, 0x07E0, 0x07E0, 0x001F, 0x001F, 0x07E0, 0x07E0, 0x07E0, 0x07E0, 0x07E0, 0x07E0, 0x07E0, 0x07E0, 0x07E0, 0x07E0, 0x0000, 0x0000,
 0x0000, 0x0000, 0x07E0, 0x001F, 0x001F, 0x001F, 0x001F, 0x07E0, 0x07E0, 0x07E0, 0x07E0, 0x07E0, 0x07E0, 0x07E0, 0x07E0, 0x07E0, 0x0000, 0x0000,
 0x0000, 0x0000, 0x07E0, 0x07E0, 0x001F, 0x001F, 0x07E0, 0x07E0, 0x07E0, 0x07E0, 0x07E0, 0x07E0, 0x07E0, 0x07E0, 0x07E0, 0x07E0, 0x0000, 0x0000,
 0x0000, 0x0000, 0x0000, 0x07E0, 0x07E0, 0x07E0, 0x07E0, 0x07E0, 0x07E0, 0x07E0, 0x07E0, 0x07E0, 0x07E0, 0x07E0, 0x07E0, 0x0000, 0x0000, 0x0000,
 0x0000, 0x0000, 0x0000, 0x0000, 0x0000, 0x0000, 0x0000, 0x07E0, 0x07E0, 0x07E0, 0x07E0, 0x0000, 0x0000, 0x0000, 0x0000, 0x0000, 0x0000, 0x0000,
 0x0000, 0x0000, 0x0000, 0x0000, 0x0000, 0x0000, 0x0000, 0x07E0, 0x07E0, 0x07E0, 0x07E0, 0x0000, 0x0000, 0x0000, 0x0000, 0x0000, 0x0000, 0x0000,
 0x0000, 0x0000, 0x0000, 0x0000, 0x0000, 0x0000, 0x0000, 0x0000, 0x07E0, 0x07E0, 0x0000, 0x0000, 0x0000, 0x0000, 0x0000, 0x0000, 0x0000, 0x0000,
 0x0000, 0x0000, 0x0000, 0x0000, 0x0000, 0x0000, 0x0000, 0x0000, 0x0000, 0x0000, 0x0000, 0x0000, 0x0000, 0x0000, 0x0000, 0x0000, 0x0000, 0x0000
};
// image of the player's ship, more damage
// includes two blacked out columns on the left and right sides of the image to prevent smearing when moved 2 pixels to the left or right
// width=18 x height=8
const uint16_t PlayerShip2[] = {
 0x0000, 0x0000, 0x07E0, 0x07E0, 0x001F, 0x001F, 0x001F, 0x07E0, 0x07E0, 0x07E0, 0x07E0, 0x001F, 0x001F, 0x001F, 0x07E0, 0x07E0, 0x0000, 0x0000,
 0x0000, 0x0000, 0x07E0, 0x001F, 0x001F, 0x001F, 0x001F, 0x001F, 0x07E0, 0x07E0, 0x001F, 0x001F, 0x001F, 0x001F, 0x001F, 0x07E0, 0x0000, 0x0000,
 0x0000, 0x0000, 0x07E0, 0x07E0, 0x001F, 0x001F, 0x001F, 0x07E0, 0x07E0, 0x07E0, 0x07E0, 0x001F, 0x001F, 0x001F, 0x07E0, 0x07E0, 0x0000, 0x0000,
 0x0000, 0x0000, 0x0000, 0x07E0, 0x07E0, 0x07E0, 0x07E0, 0x07E0, 0x07E0, 0x07E0, 0x07E0, 0x07E0, 0x07E0, 0x07E0, 0x07E0, 0x0000, 0x0000, 0x0000,
 0x0000, 0x0000, 0x0000, 0x0000, 0x0000, 0x0000, 0x0000, 0x07E0, 0x07E0, 0x07E0, 0x07E0, 0x0000, 0x0000, 0x0000, 0x0000, 0x0000, 0x0000, 0x0000,
 0x0000, 0x0000, 0x0000, 0x0000, 0x0000, 0x0000, 0x0000, 0x07E0, 0x07E0, 0x07E0, 0x07E0, 0x0000, 0x0000, 0x0000, 0x0000, 0x0000, 0x0000, 0x0000,
 0x0000, 0x0000, 0x0000, 0x0000, 0x0000, 0x0000, 0x0000, 0x0000, 0x07E0, 0x07E0, 0x0000, 0x0000, 0x0000, 0x0000, 0x0000, 0x0000, 0x0000, 0x0000,
 0x0000, 0x0000, 0x0000, 0x0000, 0x0000, 0x0000, 0x0000, 0x0000, 0x0000, 0x0000, 0x0000, 0x0000, 0x0000, 0x0000, 0x0000, 0x0000, 0x0000, 0x0000
};
// image of the player's ship, lots of damage
// includes two blacked out columns on the left and right sides of the image to prevent smearing when moved 2 pixels to the left or right
// width=18 x height=8
const uint16_t PlayerShip3[] = {
 0x0000, 0x0000, 0x001F, 0x07E0, 0x001F, 0x001F, 0x001F, 0x07E0, 0x001F, 0x001F, 0x07E0, 0x001F, 0x001F, 0x001F, 0x07E0, 0x001F, 0x0000, 0x0000,
 0x0000, 0x0000, 0x07E0, 0x001F, 0x001F, 0x001F, 0x001F, 0x001F, 0x07E0, 0x07E0, 0x001F, 0x001F, 0x001F, 0x001F, 0x001F, 0x07E0, 0x0000, 0x0000,
 0x0000, 0x0000, 0x001F, 0x07E0, 0x001F, 0x001F, 0x001F, 0x07E0, 0x07E0, 0x07E0, 0x07E0, 0x001F, 0x001F, 0x001F, 0x07E0, 0x001F, 0x0000, 0x0000,
 0x0000, 0x0000, 0x0000, 0x07E0, 0x001F, 0x07E0, 0x001F, 0x07E0, 0x001F, 0x001F, 0x07E0, 0x07E0, 0x07E0, 0x001F, 0x07E0, 0x0000, 0x0000, 0x0000,
 0x0000, 0x0000, 0x0000, 0x0000, 0x0000, 0x0000, 0x0000, 0x001F, 0x001F, 0x001F, 0x001F, 0x0000, 0x0000, 0x0000, 0x0000, 0x0000, 0x0000, 0x0000,
 0x0000, 0x0000, 0x0000, 0x0000, 0x0000, 0x0000, 0x0000, 0x07E0, 0x001F, 0x001F, 0x07E0, 0x0000, 0x0000, 0x0000, 0x0000, 0x0000, 0x0000, 0x0000,
 0x0000, 0x0000, 0x0000, 0x0000, 0x0000, 0x0000, 0x0000, 0x0000, 0x07E0, 0x07E0, 0x0000, 0x0000, 0x0000, 0x0000, 0x0000, 0x0000, 0x0000, 0x0000,
 0x0000, 0x0000, 0x0000, 0x0000, 0x0000, 0x0000, 0x0000, 0x0000, 0x0000, 0x0000, 0x0000, 0x0000, 0x0000, 0x0000, 0x0000, 0x0000, 0x0000, 0x0000
};

// small shield floating in space to cover the player's ship from enemy fire (undamaged)
// width=18 x height=5
const uint16_t Bunker0[] = {
 0x079F, 0x079F, 0x079F, 0x079F, 0x0000, 0x0000, 0x0000, 0x0000, 0x0000, 0x0000, 0x0000, 0x0000, 0x0000, 0x0000, 0x079F, 0x079F, 0x079F, 0x079F,
 0x079F, 0x079F, 0x079F, 0x079F, 0x079F, 0x0000, 0x0000, 0x0000, 0x0000, 0x0000, 0x0000, 0x0000, 0x0000, 0x079F, 0x079F, 0x079F, 0x079F, 0x079F,
 0x079F, 0x079F, 0x079F, 0x079F, 0x079F, 0x079F, 0x079F, 0x079F, 0x079F, 0x079F, 0x079F, 0x079F, 0x079F, 0x079F, 0x079F, 0x079F, 0x079F, 0x079F,
 0x0000, 0x079F, 0x079F, 0x079F, 0x079F, 0x079F, 0x079F, 0x079F, 0x079F, 0x079F, 0x079F, 0x079F, 0x079F, 0x079F, 0x079F, 0x079F, 0x079F, 0x0000,
 0x0000, 0x0000, 0x079F, 0x079F, 0x079F, 0x079F, 0x079F, 0x079F, 0x079F, 0x079F, 0x079F, 0x079F, 0x079F, 0x079F, 0x079F, 0x079F, 0x0000, 0x0000,

};
const unsigned short L_block[] = {
 0x2FE0, 0x2FE0, 0x2FE0, 0x2FE0, 0x2FE0, 0x2FE0, 0x2FE0, 0x2FE0, 0x2FE0, 0x2FE0, 0x2FE0, 0x2FE0, 0x2FE0, 0x2FE0, 0x2FE0, 0x2FE0,
 0x2FE0, 0x2FE0, 0x2FE0, 0x2FE0, 0x2FE0, 0x2FE0, 0x2FE0, 0x2FE0, 0x2FE0, 0x2FE0, 0x2FE0, 0x2FE0, 0x2FE0, 0x2FE0, 0x2FE0, 0x2FE0,
 0x2FE0, 0x2FE0, 0x2FE0, 0x2FE0, 0x2FE0, 0x2FE0, 0x2FE0, 0x2FE0, 0x2FE0, 0x2FE0, 0x2FE0, 0x2FE0, 0x2FE0, 0x2FE0, 0x2FE0, 0x2FE0,
 0x2FE0, 0x2FE0, 0x2FE0, 0x2FE0, 0x2FE0, 0x2FE0, 0x2FE0, 0x2FE0, 0x2FE0, 0x2FE0, 0x2FE0, 0x2FE0, 0x2FE0, 0x2FE0, 0x2FE0, 0x2FE0,
 0x2FE0, 0x2FE0, 0x2FE0, 0x2FE0, 0x2FE0, 0x2FE0, 0x2FE0, 0x2FE0, 0x2FE0, 0x2FE0, 0x2FE0, 0x2FE0, 0x2FE0, 0x2FE0, 0x2FE0, 0x2FE0,
 0x2FE0, 0x2FE0, 0x0000, 0x0000, 0x0000, 0x0000, 0x0000, 0x0000, 0x0000, 0x0000, 0x0000, 0x0000, 0x0000, 0x0000, 0x0000, 0x0000,
 0x0000, 0x0000, 0x0000, 0x0000, 0x0000, 0x0000, 0x0000, 0x0000, 0x0000, 0x0000, 0x2FE0, 0x2FE0, 0x2FE0, 0x2FE0, 0x2FE0, 0x2FE0,
 0x2FE0, 0x2FE0, 0x2FE0, 0x2FE0, 0x2FE0, 0x2FE0, 0x2FE0, 0x2FE0, 0x2FE0, 0x2FE0, 0x0000, 0x4D84, 0x4D84, 0x4D84, 0x4D84, 0x4D84,
 0x4D84, 0x4D84, 0x4D84, 0x4D84, 0x4D84, 0x4D84, 0x0000, 0x4D84, 0x4D84, 0x4D84, 0x4D84, 0x4D84, 0x4D84, 0x4D84, 0x4D84, 0x4D84,
 0x4D84, 0x0000, 0x2FE0, 0x2FE0, 0x2FE0, 0x2FE0, 0x2FE0, 0x2FE0, 0x2FE0, 0x2FE0, 0x2FE0, 0x2FE0, 0x2FE0, 0x2FE0, 0x2FE0, 0x2FE0,
 0x2FE0, 0x2FE0, 0x0000, 0x4D84, 0x4D84, 0x4D84, 0x4D84, 0x4D84, 0x4D84, 0x4D84, 0x4D84, 0x4D84, 0x4D84, 0x4D84, 0x0000, 0x4D84,
 0x4D84, 0x4D84, 0x4D84, 0x4D84, 0x4D84, 0x4D84, 0x4D84, 0x4D84, 0x4D84, 0x0000, 0x2FE0, 0x2FE0, 0x2FE0, 0x2FE0, 0x2FE0, 0x2FE0,
 0x2FE0, 0x2FE0, 0x2FE0, 0x2FE0, 0x2FE0, 0x2FE0, 0x2FE0, 0x2FE0, 0x2FE0, 0x2FE0, 0x0000, 0x4D84, 0x4D84, 0x4D84, 0x4D84, 0x4D84,
 0x4D84, 0x4D84, 0x4D84, 0x4D84, 0x4D84, 0x4D84, 0x0000, 0x4D84, 0x4D84, 0x4D84, 0x4D84, 0x4D84, 0x4D84, 0x4D84, 0x4D84, 0x4D84,
 0x4D84, 0x0000, 0x2FE0, 0x2FE0, 0x2FE0, 0x2FE0, 0x2FE0, 0x2FE0, 0x2FE0, 0x2FE0, 0x2FE0, 0x2FE0, 0x2FE0, 0x2FE0, 0x2FE0, 0x2FE0,
 0x2FE0, 0x2FE0, 0x0000, 0x4D84, 0x4D84, 0x4D84, 0x4D84, 0x4D84, 0x4D84, 0x4D84, 0x4D84, 0x4D84, 0x4D84, 0x4D84, 0x0000, 0x4D84,
 0x4D84, 0x4D84, 0x4D84, 0x4D84, 0x4D84, 0x4D84, 0x4D84, 0x4D84, 0x4D84, 0x0000, 0x2FE0, 0x2FE0, 0x2FE0, 0x2FE0, 0x2FE0, 0x2FE0,
 0x2FE0, 0x2FE0, 0x2FE0, 0x2FE0, 0x2FE0, 0x2FE0, 0x2FE0, 0x2FE0, 0x2FE0, 0x2FE0, 0x0000, 0x4D84, 0x4D84, 0x4D84, 0x4D84, 0x4D84,
 0x4D84, 0x4D84, 0x4D84, 0x4D84, 0x4D84, 0x4D84, 0x0000, 0x4D84, 0x4D84, 0x4D84, 0x4D84, 0x4D84, 0x4D84, 0x4D84, 0x4D84, 0x4D84,
 0x4D84, 0x0000, 0x2FE0, 0x2FE0, 0x2FE0, 0x2FE0, 0x2FE0, 0x2FE0, 0x2FE0, 0x2FE0, 0x2FE0, 0x2FE0, 0x2FE0, 0x2FE0, 0x2FE0, 0x2FE0,
 0x2FE0, 0x2FE0, 0x0000, 0x4D84, 0x4D84, 0x4D84, 0x4D84, 0x4D84, 0x4D84, 0x4D84, 0x4D84, 0x4D84, 0x4D84, 0x4D84, 0x0000, 0x4D84,
 0x4D84, 0x4D84, 0x4D84, 0x4D84, 0x4D84, 0x4D84, 0x4D84, 0x4D84, 0x4D84, 0x0000, 0x2FE0, 0x2FE0, 0x2FE0, 0x2FE0, 0x2FE0, 0x2FE0,
 0x2FE0, 0x2FE0, 0x2FE0, 0x2FE0, 0x2FE0, 0x2FE0, 0x2FE0, 0x2FE0, 0x2FE0, 0x2FE0, 0x0000, 0x4D84, 0x4D84, 0x4D84, 0x4D84, 0x4D84,
 0x4D84, 0x4D84, 0x4D84, 0x4D84, 0x4D84, 0x4D84, 0x0000, 0x4D84, 0x4D84, 0x4D84, 0x4D84, 0x4D84, 0x4D84, 0x4D84, 0x4D84, 0x4D84,
 0x4D84, 0x0000, 0x2FE0, 0x2FE0, 0x2FE0, 0x2FE0, 0x2FE0, 0x2FE0, 0x2FE0, 0x2FE0, 0x2FE0, 0x2FE0, 0x2FE0, 0x2FE0, 0x2FE0, 0x2FE0,
 0x2FE0, 0x2FE0, 0x0000, 0x4D84, 0x4D84, 0x4D84, 0x4D84, 0x4D84, 0x4D84, 0x4D84, 0x4D84, 0x4D84, 0x4D84, 0x4D84, 0x0000, 0x4D84,
 0x4D84, 0x4D84, 0x4D84, 0x4D84, 0x4D84, 0x4D84, 0x4D84, 0x4D84, 0x4D84, 0x0000, 0x2FE0, 0x2FE0, 0x2FE0, 0x2FE0, 0x2FE0, 0x2FE0,
 0x2FE0, 0x2FE0, 0x2FE0, 0x2FE0, 0x2FE0, 0x2FE0, 0x2FE0, 0x2FE0, 0x2FE0, 0x2FE0, 0x0000, 0x4D84, 0x4D84, 0x4D84, 0x4D84, 0x4D84,
 0x4D84, 0x4D84, 0x4D84, 0x4D84, 0x4D84, 0x4D84, 0x0000, 0x4D84, 0x4D84, 0x4D84, 0x4D84, 0x4D84, 0x4D84, 0x4D84, 0x4D84, 0x4D84,
 0x4D84, 0x0000, 0x2FE0, 0x2FE0, 0x2FE0, 0x2FE0, 0x2FE0, 0x2FE0, 0x2FE0, 0x2FE0, 0x2FE0, 0x2FE0, 0x2FE0, 0x2FE0, 0x2FE0, 0x2FE0,
 0x2FE0, 0x2FE0, 0x0000, 0x4D84, 0x4D84, 0x4D84, 0x4D84, 0x4D84, 0x4D84, 0x4D84, 0x4D84, 0x4D84, 0x4D84, 0x4D84, 0x0000, 0x4D84,
 0x4D84, 0x4D84, 0x4D84, 0x4D84, 0x4D84, 0x4D84, 0x4D84, 0x4D84, 0x4D84, 0x0000, 0x2FE0, 0x2FE0, 0x2FE0, 0x2FE0, 0x2FE0, 0x2FE0,
 0x2FE0, 0x2FE0, 0x2FE0, 0x2FE0, 0x2FE0, 0x2FE0, 0x2FE0, 0x2FE0, 0x2FE0, 0x2FE0, 0x0000, 0x4D84, 0x4D84, 0x4D84, 0x4D84, 0x4D84,
 0x4D84, 0x4D84, 0x4D84, 0x4D84, 0x4D84, 0x4D84, 0x0000, 0x4D84, 0x4D84, 0x4D84, 0x4D84, 0x4D84, 0x4D84, 0x4D84, 0x4D84, 0x4D84,
 0x4D84, 0x0000, 0x2FE0, 0x2FE0, 0x2FE0, 0x2FE0, 0x2FE0, 0x2FE0, 0x2FE0, 0x2FE0, 0x2FE0, 0x2FE0, 0x2FE0, 0x2FE0, 0x2FE0, 0x2FE0,
 0x2FE0, 0x2FE0, 0x0000, 0x0000, 0x0000, 0x0000, 0x0000, 0x0000, 0x0000, 0x0000, 0x0000, 0x0000, 0x0000, 0x0000, 0x0000, 0x0000,
 0x0000, 0x0000, 0x0000, 0x0000, 0x0000, 0x0000, 0x0000, 0x0000, 0x0000, 0x0000, 0x2FE0, 0x2FE0, 0x2FE0, 0x2FE0, 0x2FE0, 0x2FE0,
 0x2FE0, 0x2FE0, 0x2FE0, 0x2FE0, 0x2FE0, 0x2FE0, 0x2FE0, 0x2FE0, 0x2FE0, 0x2FE0, 0x0000, 0x4D84, 0x4D84, 0x4D84, 0x4D84, 0x4D84,
 0x4D84, 0x4D84, 0x4D84, 0x4D84, 0x4D84, 0x4D84, 0x0000, 0x2FE0, 0x2FE0, 0x2FE0, 0x2FE0, 0x2FE0, 0x2FE0, 0x2FE0, 0x2FE0, 0x2FE0,
 0x2FE0, 0x2FE0, 0x2FE0, 0x2FE0, 0x2FE0, 0x2FE0, 0x2FE0, 0x2FE0, 0x2FE0, 0x2FE0, 0x2FE0, 0x2FE0, 0x2FE0, 0x2FE0, 0x2FE0, 0x2FE0,
 0x2FE0, 0x2FE0, 0x0000, 0x4D84, 0x4D84, 0x4D84, 0x4D84, 0x4D84, 0x4D84, 0x4D84, 0x4D84, 0x4D84, 0x4D84, 0x4D84, 0x0000, 0x2FE0,
 0x2FE0, 0x2FE0, 0x2FE0, 0x2FE0, 0x2FE0, 0x2FE0, 0x2FE0, 0x2FE0, 0x2FE0, 0x2FE0, 0x2FE0, 0x2FE0, 0x2FE0, 0x2FE0, 0x2FE0, 0x2FE0,
 0x2FE0, 0x2FE0, 0x2FE0, 0x2FE0, 0x2FE0, 0x2FE0, 0x2FE0, 0x2FE0, 0x2FE0, 0x2FE0, 0x0000, 0x4D84, 0x4D84, 0x4D84, 0x4D84, 0x4D84,
 0x4D84, 0x4D84, 0x4D84, 0x4D84, 0x4D84, 0x4D84, 0x0000, 0x2FE0, 0x2FE0, 0x2FE0, 0x2FE0, 0x2FE0, 0x2FE0, 0x2FE0, 0x2FE0, 0x2FE0,
 0x2FE0, 0x2FE0, 0x2FE0, 0x2FE0, 0x2FE0, 0x2FE0, 0x2FE0, 0x2FE0, 0x2FE0, 0x2FE0, 0x2FE0, 0x2FE0, 0x2FE0, 0x2FE0, 0x2FE0, 0x2FE0,
 0x2FE0, 0x2FE0, 0x0000, 0x4D84, 0x4D84, 0x4D84, 0x4D84, 0x4D84, 0x4D84, 0x4D84, 0x4D84, 0x4D84, 0x4D84, 0x4D84, 0x0000, 0x2FE0,
 0x2FE0, 0x2FE0, 0x2FE0, 0x2FE0, 0x2FE0, 0x2FE0, 0x2FE0, 0x2FE0, 0x2FE0, 0x2FE0, 0x2FE0, 0x2FE0, 0x2FE0, 0x2FE0, 0x2FE0, 0x2FE0,
 0x2FE0, 0x2FE0, 0x2FE0, 0x2FE0, 0x2FE0, 0x2FE0, 0x2FE0, 0x2FE0, 0x2FE0, 0x2FE0, 0x0000, 0x4D84, 0x4D84, 0x4D84, 0x4D84, 0x4D84,
 0x4D84, 0x4D84, 0x4D84, 0x4D84, 0x4D84, 0x4D84, 0x0000, 0x2FE0, 0x2FE0, 0x2FE0, 0x2FE0, 0x2FE0, 0x2FE0, 0x2FE0, 0x2FE0, 0x2FE0,
 0x2FE0, 0x2FE0, 0x2FE0, 0x2FE0, 0x2FE0, 0x2FE0, 0x2FE0, 0x2FE0, 0x2FE0, 0x2FE0, 0x2FE0, 0x2FE0, 0x2FE0, 0x2FE0, 0x2FE0, 0x2FE0,
 0x2FE0, 0x2FE0, 0x0000, 0x4D84, 0x4D84, 0x4D84, 0x4D84, 0x4D84, 0x4D84, 0x4D84, 0x4D84, 0x4D84, 0x4D84, 0x4D84, 0x0000, 0x2FE0,
 0x2FE0, 0x2FE0, 0x2FE0, 0x2FE0, 0x2FE0, 0x2FE0, 0x2FE0, 0x2FE0, 0x2FE0, 0x2FE0, 0x2FE0, 0x2FE0, 0x2FE0, 0x2FE0, 0x2FE0, 0x2FE0,
 0x2FE0, 0x2FE0, 0x2FE0, 0x2FE0, 0x2FE0, 0x2FE0, 0x2FE0, 0x2FE0, 0x2FE0, 0x2FE0, 0x0000, 0x4D84, 0x4D84, 0x4D84, 0x4D84, 0x4D84,
 0x4D84, 0x4D84, 0x4D84, 0x4D84, 0x4D84, 0x4D84, 0x0000, 0x2FE0, 0x2FE0, 0x2FE0, 0x2FE0, 0x2FE0, 0x2FE0, 0x2FE0, 0x2FE0, 0x2FE0,
 0x2FE0, 0x2FE0, 0x2FE0, 0x2FE0, 0x2FE0, 0x2FE0, 0x2FE0, 0x2FE0, 0x2FE0, 0x2FE0, 0x2FE0, 0x2FE0, 0x2FE0, 0x2FE0, 0x2FE0, 0x2FE0,
 0x2FE0, 0x2FE0, 0x0000, 0x4D84, 0x4D84, 0x4D84, 0x4D84, 0x4D84, 0x4D84, 0x4D84, 0x4D84, 0x4D84, 0x4D84, 0x4D84, 0x0000, 0x2FE0,
 0x2FE0, 0x2FE0, 0x2FE0, 0x2FE0, 0x2FE0, 0x2FE0, 0x2FE0, 0x2FE0, 0x2FE0, 0x2FE0, 0x2FE0, 0x2FE0, 0x2FE0, 0x2FE0, 0x2FE0, 0x2FE0,
 0x2FE0, 0x2FE0, 0x2FE0, 0x2FE0, 0x2FE0, 0x2FE0, 0x2FE0, 0x2FE0, 0x2FE0, 0x2FE0, 0x0000, 0x4D84, 0x4D84, 0x4D84, 0x4D84, 0x4D84,
 0x4D84, 0x4D84, 0x4D84, 0x4D84, 0x4D84, 0x4D84, 0x0000, 0x2FE0, 0x2FE0, 0x2FE0, 0x2FE0, 0x2FE0, 0x2FE0, 0x2FE0, 0x2FE0, 0x2FE0,
 0x2FE0, 0x2FE0, 0x2FE0, 0x2FE0, 0x2FE0, 0x2FE0, 0x2FE0, 0x2FE0, 0x2FE0, 0x2FE0, 0x2FE0, 0x2FE0, 0x2FE0, 0x2FE0, 0x2FE0, 0x2FE0,
 0x2FE0, 0x2FE0, 0x0000, 0x4D84, 0x4D84, 0x4D84, 0x4D84, 0x4D84, 0x4D84, 0x4D84, 0x4D84, 0x4D84, 0x4D84, 0x4D84, 0x0000, 0x2FE0,
 0x2FE0, 0x2FE0, 0x2FE0, 0x2FE0, 0x2FE0, 0x2FE0, 0x2FE0, 0x2FE0, 0x2FE0, 0x2FE0, 0x2FE0, 0x2FE0, 0x2FE0, 0x2FE0, 0x2FE0, 0x2FE0,
 0x2FE0, 0x2FE0, 0x2FE0, 0x2FE0, 0x2FE0, 0x2FE0, 0x2FE0, 0x2FE0, 0x2FE0, 0x2FE0, 0x0000, 0x0000, 0x0000, 0x0000, 0x0000, 0x0000,
 0x0000, 0x0000, 0x0000, 0x0000, 0x0000, 0x0000, 0x0000, 0x2FE0, 0x2FE0, 0x2FE0, 0x2FE0, 0x2FE0, 0x2FE0, 0x2FE0, 0x2FE0, 0x2FE0,
 0x2FE0, 0x2FE0, 0x2FE0, 0x2FE0, 0x2FE0, 0x2FE0, 0x2FE0, 0x2FE0, 0x2FE0, 0x2FE0, 0x2FE0, 0x2FE0, 0x2FE0, 0x2FE0, 0x2FE0, 0x2FE0,
 0x2FE0, 0x2FE0, 0x0000, 0x4D84, 0x4D84, 0x4D84, 0x4D84, 0x4D84, 0x4D84, 0x4D84, 0x4D84, 0x4D84, 0x4D84, 0x4D84, 0x0000, 0x2FE0,
 0x2FE0, 0x2FE0, 0x2FE0, 0x2FE0, 0x2FE0, 0x2FE0, 0x2FE0, 0x2FE0, 0x2FE0, 0x2FE0, 0x2FE0, 0x2FE0, 0x2FE0, 0x2FE0, 0x2FE0, 0x2FE0,
 0x2FE0, 0x2FE0, 0x2FE0, 0x2FE0, 0x2FE0, 0x2FE0, 0x2FE0, 0x2FE0, 0x2FE0, 0x2FE0, 0x0000, 0x4D84, 0x4D84, 0x4D84, 0x4D84, 0x4D84,
 0x4D84, 0x4D84, 0x4D84, 0x4D84, 0x4D84, 0x4D84, 0x0000, 0x2FE0, 0x2FE0, 0x2FE0, 0x2FE0, 0x2FE0, 0x2FE0, 0x2FE0, 0x2FE0, 0x2FE0,
 0x2FE0, 0x2FE0, 0x2FE0, 0x2FE0, 0x2FE0, 0x2FE0, 0x2FE0, 0x2FE0, 0x2FE0, 0x2FE0, 0x2FE0, 0x2FE0, 0x2FE0, 0x2FE0, 0x2FE0, 0x2FE0,
 0x2FE0, 0x2FE0, 0x0000, 0x4D84, 0x4D84, 0x4D84, 0x4D84, 0x4D84, 0x4D84, 0x4D84, 0x4D84, 0x4D84, 0x4D84, 0x4D84, 0x0000, 0x2FE0,
 0x2FE0, 0x2FE0, 0x2FE0, 0x2FE0, 0x2FE0, 0x2FE0, 0x2FE0, 0x2FE0, 0x2FE0, 0x2FE0, 0x2FE0, 0x2FE0, 0x2FE0, 0x2FE0, 0x2FE0, 0x2FE0,
 0x2FE0, 0x2FE0, 0x2FE0, 0x2FE0, 0x2FE0, 0x2FE0, 0x2FE0, 0x2FE0, 0x2FE0, 0x2FE0, 0x0000, 0x4D84, 0x4D84, 0x4D84, 0x4D84, 0x4D84,
 0x4D84, 0x4D84, 0x4D84, 0x4D84, 0x4D84, 0x4D84, 0x0000, 0x2FE0, 0x2FE0, 0x2FE0, 0x2FE0, 0x2FE0, 0x2FE0, 0x2FE0, 0x2FE0, 0x2FE0,
 0x2FE0, 0x2FE0, 0x2FE0, 0x2FE0, 0x2FE0, 0x2FE0, 0x2FE0, 0x2FE0, 0x2FE0, 0x2FE0, 0x2FE0, 0x2FE0, 0x2FE0, 0x2FE0, 0x2FE0, 0x2FE0,
 0x2FE0, 0x2FE0, 0x0000, 0x4D84, 0x4D84, 0x4D84, 0x4D84, 0x4D84, 0x4D84, 0x4D84, 0x4D84, 0x4D84, 0x4D84, 0x4D84, 0x0000, 0x2FE0,
 0x2FE0, 0x2FE0, 0x2FE0, 0x2FE0, 0x2FE0, 0x2FE0, 0x2FE0, 0x2FE0, 0x2FE0, 0x2FE0, 0x2FE0, 0x2FE0, 0x2FE0, 0x2FE0, 0x2FE0, 0x2FE0,
 0x2FE0, 0x2FE0, 0x2FE0, 0x2FE0, 0x2FE0, 0x2FE0, 0x2FE0, 0x2FE0, 0x2FE0, 0x2FE0, 0x0000, 0x4D84, 0x4D84, 0x4D84, 0x4D84, 0x4D84,
 0x4D84, 0x4D84, 0x4D84, 0x4D84, 0x4D84, 0x4D84, 0x0000, 0x2FE0, 0x2FE0, 0x2FE0, 0x2FE0, 0x2FE0, 0x2FE0, 0x2FE0, 0x2FE0, 0x2FE0,
 0x2FE0, 0x2FE0, 0x2FE0, 0x2FE0, 0x2FE0, 0x2FE0, 0x2FE0, 0x2FE0, 0x2FE0, 0x2FE0, 0x2FE0, 0x2FE0, 0x2FE0, 0x2FE0, 0x2FE0, 0x2FE0,
 0x2FE0, 0x2FE0, 0x0000, 0x4D84, 0x4D84, 0x4D84, 0x4D84, 0x4D84, 0x4D84, 0x4D84, 0x4D84, 0x4D84, 0x4D84, 0x4D84, 0x0000, 0x2FE0,
 0x2FE0, 0x2FE0, 0x2FE0, 0x2FE0, 0x2FE0, 0x2FE0, 0x2FE0, 0x2FE0, 0x2FE0, 0x2FE0, 0x2FE0, 0x2FE0, 0x2FE0, 0x2FE0, 0x2FE0, 0x2FE0,
 0x2FE0, 0x2FE0, 0x2FE0, 0x2FE0, 0x2FE0, 0x2FE0, 0x2FE0, 0x2FE0, 0x2FE0, 0x2FE0, 0x0000, 0x4D84, 0x4D84, 0x4D84, 0x4D84, 0x4D84,
 0x4D84, 0x4D84, 0x4D84, 0x4D84, 0x4D84, 0x4D84, 0x0000, 0x2FE0, 0x2FE0, 0x2FE0, 0x2FE0, 0x2FE0, 0x2FE0, 0x2FE0, 0x2FE0, 0x2FE0,
 0x2FE0, 0x2FE0, 0x2FE0, 0x2FE0, 0x2FE0, 0x2FE0, 0x2FE0, 0x2FE0, 0x2FE0, 0x2FE0, 0x2FE0, 0x2FE0, 0x2FE0, 0x2FE0, 0x2FE0, 0x2FE0,
 0x2FE0, 0x2FE0, 0x0000, 0x4D84, 0x4D84, 0x4D84, 0x4D84, 0x4D84, 0x4D84, 0x4D84, 0x4D84, 0x4D84, 0x4D84, 0x4D84, 0x0000, 0x2FE0,
 0x2FE0, 0x2FE0, 0x2FE0, 0x2FE0, 0x2FE0, 0x2FE0, 0x2FE0, 0x2FE0, 0x2FE0, 0x2FE0, 0x2FE0, 0x2FE0, 0x2FE0, 0x2FE0, 0x2FE0, 0x2FE0,
 0x2FE0, 0x2FE0, 0x2FE0, 0x2FE0, 0x2FE0, 0x2FE0, 0x2FE0, 0x2FE0, 0x2FE0, 0x2FE0, 0x0000, 0x4D84, 0x4D84, 0x4D84, 0x4D84, 0x4D84,
 0x4D84, 0x4D84, 0x4D84, 0x4D84, 0x4D84, 0x4D84, 0x0000, 0x2FE0, 0x2FE0, 0x2FE0, 0x2FE0, 0x2FE0, 0x2FE0, 0x2FE0, 0x2FE0, 0x2FE0,
 0x2FE0, 0x2FE0, 0x2FE0, 0x2FE0, 0x2FE0, 0x2FE0, 0x2FE0, 0x2FE0, 0x2FE0, 0x2FE0, 0x2FE0, 0x2FE0, 0x2FE0, 0x2FE0, 0x2FE0, 0x2FE0,
 0x2FE0, 0x2FE0, 0x0000, 0x4D84, 0x4D84, 0x4D84, 0x4D84, 0x4D84, 0x4D84, 0x4D84, 0x4D84, 0x4D84, 0x4D84, 0x4D84, 0x0000, 0x2FE0,
 0x2FE0, 0x2FE0, 0x2FE0, 0x2FE0, 0x2FE0, 0x2FE0, 0x2FE0, 0x2FE0, 0x2FE0, 0x2FE0, 0x2FE0, 0x2FE0, 0x2FE0, 0x2FE0, 0x2FE0, 0x2FE0,
 0x2FE0, 0x2FE0, 0x2FE0, 0x2FE0, 0x2FE0, 0x2FE0, 0x2FE0, 0x2FE0, 0x2FE0, 0x2FE0, 0x0000, 0x0000, 0x0000, 0x0000, 0x0000, 0x0000,
 0x0000, 0x0000, 0x0000, 0x0000, 0x0000, 0x0000, 0x0000, 0x2FE0, 0x2FE0, 0x2FE0, 0x2FE0, 0x2FE0, 0x2FE0, 0x2FE0, 0x2FE0, 0x2FE0,
 0x2FE0, 0x2FE0, 0x2FE0, 0x2FE0, 0x2FE0, 0x2FE0, 0x2FE0, 0x2FE0, 0x2FE0, 0x2FE0, 0x2FE0, 0x2FE0, 0x2FE0, 0x2FE0, 0x2FE0, 0x2FE0,
 0x2FE0, 0x2FE0, 0x2FE0, 0x2FE0, 0x2FE0, 0x2FE0, 0x2FE0, 0x2FE0, 0x2FE0, 0x2FE0, 0x2FE0, 0x2FE0, 0x2FE0, 0x2FE0, 0x2FE0, 0x2FE0,
 0x2FE0, 0x2FE0, 0x2FE0, 0x2FE0, 0x2FE0, 0x2FE0, 0x2FE0, 0x2FE0, 0x2FE0, 0x2FE0, 0x2FE0, 0x2FE0, 0x2FE0, 0x2FE0, 0x2FE0, 0x2FE0,
 0x2FE0, 0x2FE0, 0x2FE0, 0x2FE0, 0x2FE0, 0x2FE0, 0x2FE0, 0x2FE0, 0x2FE0, 0x2FE0, 0x2FE0, 0x2FE0, 0x2FE0, 0x2FE0, 0x2FE0, 0x2FE0,
 0x2FE0, 0x2FE0, 0x2FE0, 0x2FE0, 0x2FE0, 0x2FE0, 0x2FE0, 0x2FE0, 0x2FE0, 0x2FE0, 0x2FE0, 0x2FE0, 0x2FE0, 0x2FE0, 0x2FE0, 0x2FE0,
 0x2FE0, 0x2FE0, 0x2FE0, 0x2FE0, 0x2FE0, 0x2FE0, 0x2FE0, 0x2FE0, 0x2FE0, 0x2FE0, 0x2FE0, 0x2FE0, 0x2FE0, 0x2FE0, 0x2FE0, 0x2FE0,

};



const unsigned short Home[] = {
 0xFF17, 0xFF17, 0xF718, 0xFF18, 0xFF17, 0xFF39, 0xFFBC, 0xFFBC, 0xFF59, 0xFEF6, 0xFEF6, 0xFEF6, 0xFEF6, 0xFEF6, 0xFF17, 0xFEF6,
 0xFF39, 0xFFBD, 0xFFBE, 0xFF5A, 0xFEF6, 0xFEF6, 0xFEF6, 0xFEF6, 0xFEF6, 0xFEF6, 0xFEF6, 0xFF38, 0xFFBD, 0xFFBD, 0xFF9B, 0xF75A,
 0xFF9B, 0xF630, 0xF589, 0xFDAA, 0xFDCB, 0xFDAA, 0xFD8A, 0xFDCB, 0xFDCB, 0xFD8A, 0xFDCB, 0xFDCB, 0xFDAA, 0xFDCA, 0xFDCB, 0xFDAA,
 0xFDAA, 0xFDCB, 0xFDCB, 0xF58A, 0xFDCB, 0xFDCC, 0xFDAA, 0xFDAB, 0xFDCB, 0xFDAA, 0xFDAA, 0xFDCB, 0xFDCB, 0xF58A, 0xFDCB, 0xFDCB,
 0xFD8A, 0xFDAB, 0xFDCB, 0xFDAA, 0xFDAA, 0xFDCB, 0xFDCB, 0xFDAA, 0xFDCB, 0xFDCB, 0xFDA9, 0xFDCB, 0xFDCB, 0xF5AA, 0xFDAA, 0xFDCB,
 0xFDAB, 0xFDAA, 0xFDCB, 0xFDCB, 0xF5AA, 0xF5AB, 0xFEB2, 0xFED4, 0xFED4, 0xFEF7, 0xFEF7, 0xFEF6, 0xFEF6, 0xFEF6, 0xFEF6, 0xFEF6,
 0xFEF6, 0xFEF6, 0xFEF6, 0xFEF6, 0xFEF6, 0xFEF6, 0xFEF6, 0xFEF6, 0xFEF6, 0xFEF6, 0xFEF6, 0xFEF6, 0xFEF6, 0xFEF6, 0xFEF6, 0xFEF6,
 0xFEF6, 0xFEF6, 0xFEF6, 0xFEF6, 0xFF17, 0xFF17, 0xFF17, 0xFEF6, 0xFEF6, 0xFEF6, 0xFEF5, 0xFEF6, 0xFEF6, 0xFEF6, 0xFEF5, 0xFEF5,
 0xFF7B, 0xFFBD, 0xFFDC, 0xFFBC, 0xFFDD, 0xFF7B, 0xF6D7, 0xFEF7, 0xFEF7, 0xFEF6, 0xFEF6, 0xFEF6, 0xFEF6, 0xF6F7, 0xFFBC, 0xFFBD,
 0xFFBD, 0xFFBD, 0xFFDE, 0xFF5A, 0xFEF6, 0xFEF6, 0xFEF6, 0xFEF6, 0xFEF6, 0xFEF6, 0xFEF6, 0xFF38, 0xFFBD, 0xFFDE, 0xEEB6, 0xED6A,
 0xF5CC, 0xFDCC, 0xFDAA, 0xFDAA, 0xFDCC, 0xFDAB, 0xFDAA, 0xFDCC, 0xFDCB, 0xFD8A, 0xFDCC, 0xFDCC, 0xFD8A, 0xFDAB, 0xFDCC, 0xFDAB,
 0xF58B, 0xFDCC, 0xFDCB, 0xF58A, 0xFDCC, 0xFDCC, 0xF5AA, 0xFDAB, 0xFDCC, 0xFDAB, 0xFDAA, 0xFDCC, 0xFDCB, 0xF58A, 0xFDCC, 0xFDCC,
 0xFD8A, 0xFDAB, 0xFDCC, 0xF5AB, 0xFDAB, 0xFDCC, 0xFDAB, 0xFD8A, 0xFDCC, 0xFDCC, 0xF58A, 0xFDCC, 0xFDCC, 0xFDAA, 0xFDAB, 0xFDCC,
 0xFDAB, 0xF58A, 0xFDCC, 0xFDCC, 0xF58A, 0xFDCB, 0xFDCD, 0xF58B, 0xF5ED, 0xFEF6, 0xFF16, 0xFEF6, 0xFEF6, 0xFEF6, 0xFEF7, 0xFEF6,
 0xFEF6, 0xFEF6, 0xFEF6, 0xFEF6, 0xFEF6, 0xFEF6, 0xFEF6, 0xFEF6, 0xFEF6, 0xFEF6, 0xFEF6, 0xFEF6, 0xFEF6, 0xFEF6, 0xFEF6, 0xFEF6,
 0xFEF6, 0xFEF6, 0xFEF6, 0xFEF6, 0xFF5A, 0xFFDD, 0xFFBD, 0xFF38, 0xFEF6, 0xFEF6, 0xF652, 0xFE51, 0xFE51, 0xFE51, 0xFE51, 0xFEB4,
 0xFF9B, 0xFFBE, 0xFFBD, 0xFFDD, 0xFFDE, 0xFF9B, 0xFEF6, 0xFEF6, 0xFEF6, 0xFEF6, 0xFEF6, 0xFEF6, 0xFEF6, 0xF6F6, 0xFFBC, 0xFFBE,
 0xFFBD, 0xFFDE, 0xFFDE, 0xFF59, 0xFEF6, 0xFEF6, 0xFEF6, 0xFEF6, 0xFEF6, 0xFEF6, 0xFEF5, 0xFF38, 0xFFBD, 0xFFFE, 0xFED6, 0xFD89,
 0xFDEC, 0xFE0D, 0xFDCB, 0xFDCB, 0xFE0D, 0xFDEC, 0xFDCB, 0xFE0D, 0xFE0C, 0xFDAB, 0xFDED, 0xFE0D, 0xFDAB, 0xFDCC, 0xFE0D, 0xFDCC,
 0xFDAB, 0xFE0D, 0xFDEC, 0xF5AB, 0xFDED, 0xFE0D, 0xFDAB, 0xFDEC, 0xFE0D, 0xFDCC, 0xFDCB, 0xFE0D, 0xFDEC, 0xF5AB, 0xFDED, 0xFE0D,
 0xFDAB, 0xFDEC, 0xFE0D, 0xFDCC, 0xFDCB, 0xFE0D, 0xFDEC, 0xFDAB, 0xFDED, 0xFDED, 0xFDAB, 0xFDED, 0xFDED, 0xFDCB, 0xFDCC, 0xFE0D,
 0xFDEC, 0xFDAB, 0xFE0D, 0xFDED, 0xFDAB, 0xFDED, 0xFE0D, 0xFDAA, 0xFDED, 0xFF16, 0xFF17, 0xFF17, 0xFEF7, 0xFEF6, 0xFEF7, 0xFEF6,
 0xFEF6, 0xFEF6, 0xFEF6, 0xFEF6, 0xFEF6, 0xFEF6, 0xFEF6, 0xFEF6, 0xFEF6, 0xFEF6, 0xFEF6, 0xFEF6, 0xFEF6, 0xFEF6, 0xFEF6, 0xFEF6,
 0xFEF6, 0xFEF6, 0xFEF6, 0xFED6, 0xFF7A, 0xFFDE, 0xFFDE, 0xFF38, 0xFEF6, 0xFEF6, 0xFE51, 0xFE51, 0xFE51, 0xFE51, 0xFE50, 0xFEB4,
 0xFF9C, 0xFFBE, 0xFFBD, 0xFF7B, 0xFF7B, 0xFF59, 0xFEF6, 0xFEF6, 0xFEF6, 0xFEF6, 0xFEF6, 0xF738, 0xFF59, 0xFF59, 0xFFBC, 0xFFBE,
 0xFF9C, 0xFF7B, 0xFF9A, 0xFF38, 0xFEF6, 0xFEF6, 0xFF38, 0xFF59, 0xFF59, 0xFF59, 0xFF39, 0xFF7A, 0xFFBD, 0xFFFE, 0xF6D5, 0xF589,
 0xFDCB, 0xFDCC, 0xFDAA, 0xFDCA, 0xFDCC, 0xFDCB, 0xFDAA, 0xFDEC, 0xFDCC, 0xFDAA, 0xFDCB, 0xFDCC, 0xFDAA, 0xFDAB, 0xFDEC, 0xFDAB,
 0xFDAA, 0xFDEC, 0xFDCB, 0xF5AA, 0xFDCC, 0xFDEC, 0xFDAA, 0xFDCB, 0xFDCC, 0xFDAB, 0xFDAA, 0xFDEC, 0xFDCB, 0xF5AA, 0xFDCC, 0xFDEC,
 0xF5AA, 0xFDCB, 0xFDEC, 0xFDAB, 0xFDAA, 0xFDEC, 0xFDCB, 0xFDAA, 0xFDCC, 0xFDCC, 0xF5AA, 0xFDCC, 0xFDCC, 0xF5AA, 0xFDAB, 0xFDEC,
 0xFDCB, 0xF5AA, 0xFDEC, 0xFDCC, 0xF58A, 0xFDCB, 0xFDCC, 0xFDAA, 0xF5CC, 0xF671, 0xF652, 0xF693, 0xFEF7, 0xFEF6, 0xFEF6, 0xFEF6,
 0xFEF6, 0xFEF6, 0xFEF6, 0xFEF6, 0xFEF6, 0xFEF6, 0xFEF6, 0xFEF6, 0xFEF6, 0xFEF6, 0xFEF6, 0xFEF6, 0xFEF7, 0xFEF6, 0xFF16, 0xFF38,
 0xFF39, 0xFF59, 0xFF39, 0xFF39, 0xF779, 0xFF7A, 0xFF7A, 0xFEF6, 0xFEB4, 0xFEB4, 0xFE51, 0xFE51, 0xFE51, 0xFE51, 0xFE51, 0xFE92,
 0xFFBD, 0xFFBD, 0xFF9C, 0xFEF6, 0xFEF6, 0xFEF6, 0xFEF6, 0xFEF6, 0xFEF6, 0xFEF6, 0xFEF6, 0xFF9B, 0xFFDE, 0xFFDD, 0xFFBD, 0xFFBD,
 0xFF9A, 0xFED6, 0xFEF6, 0xFEF6, 0xFEF6, 0xFEF6, 0xFF9B, 0xFFDE, 0xFFDD, 0xFFDD, 0xFFDD, 0xFFDD, 0xFFBE, 0xFFFE, 0xF6B4, 0xF568,
 0xFDAB, 0xFDCB, 0xF5AA, 0xFDAA, 0xF5AB, 0xFDAB, 0xF58A, 0xF5AB, 0xFDAB, 0xFD8A, 0xF5AB, 0xFDAB, 0xF58A, 0xF5AA, 0xFDCB, 0xFDAA,
 0xF58A, 0xFDCB, 0xFDAB, 0xF58A, 0xFDAB, 0xFDAB, 0xFD8A, 0xFDAB, 0xF5CB, 0xFDAA, 0xFD8A, 0xFDCB, 0xFDAA, 0xF58A, 0xFDAB, 0xFDCB,
 0xF58A, 0xFDAB, 0xFDCB, 0xF58A, 0xFDAA, 0xFDAB, 0xF5AA, 0xFD89, 0xF5AB, 0xFDAB, 0xF589, 0xF5AB, 0xFDCB, 0xF5AA, 0xF5AA, 0xFDAB,
 0xF5AA, 0xF58A, 0xFDCB, 0xFDAB, 0xF589, 0xFDAB, 0xFDAB, 0xF58A, 0xFDAA, 0xF5AB, 0xF56A, 0xEDED, 0xFF36, 0xFEF6, 0xFEF6, 0xFEF6,
 0xFEF6, 0xFEF6, 0xFEF6, 0xFEF6, 0xFEF6, 0xFEF6, 0xFEF6, 0xFEF6, 0xFEF6, 0xFEF6, 0xFEF6, 0xFEF6, 0xFEF6, 0xFEF6, 0xFF17, 0xFFBC,
 0xFFBE, 0xFFDE, 0xFFDE, 0xFFDE, 0xF759, 0xFED6, 0xFEF6, 0xFE73, 0xFE31, 0xFE51, 0xFE51, 0xFE51, 0xFE51, 0xFE51, 0xFE51, 0xFE50,
 0xFFDD, 0xFFDE, 0xFFBD, 0xFEF7, 0xFEF6, 0xFEF6, 0xFEF6, 0xFF16, 0xFEF6, 0xFED6, 0xF6D6, 0xFF7B, 0xFFDE, 0xFFBD, 0xFFBD, 0xFFBD,
 0xFF9A, 0xFED6, 0xFEF6, 0xFEF6, 0xFEF6, 0xF6D7, 0xFF7B, 0xFFDD, 0xFFBD, 0xFFBD, 0xFFBD, 0xFFDD, 0xFFDE, 0xFFFF, 0xF6F5, 0xF58A,
 0xFDEC, 0xFE0D, 0xFDCB, 0xFDCB, 0xFE0D, 0xFDCC, 0xFDAB, 0xFE0D, 0xFDED, 0xFDAB, 0xFDED, 0xFDED, 0xFDAB, 0xFDCC, 0xFE0D, 0xFDEC,
 0xFDCB, 0xFE0D, 0xFDEC, 0xF5AB, 0xFDED, 0xFE0D, 0xFDAB, 0xFDCC, 0xFE0D, 0xFDCB, 0xFDCB, 0xFDED, 0xFDEC, 0xF5AB, 0xFDED, 0xFE0D,
 0xFDAB, 0xFDEC, 0xFE0D, 0xFDCB, 0xFDCB, 0xFE0D, 0xFDEC, 0xFDAB, 0xFDED, 0xFDED, 0xFDAB, 0xFDED, 0xFE0D, 0xFDCB, 0xFDCC, 0xFE0D,
 0xFDCC, 0xFDAB, 0xFE0D, 0xFDED, 0xFDAB, 0xFDEC, 0xFDED, 0xFDCB, 0xFDCB, 0xFE0D, 0xFDCB, 0xFE0E, 0xFF17, 0xFEF6, 0xFEF6, 0xFEF6,
 0xFEF6, 0xFEF6, 0xFEF6, 0xFEF6, 0xFEF6, 0xFEF6, 0xFEF6, 0xFEF6, 0xFEF6, 0xFEF6, 0xFEF6, 0xFEF6, 0xFEF6, 0xFEF6, 0xFF17, 0xFFBC,
 0xFFBE, 0xFFBD, 0xFFBD, 0xFFFD, 0xFF59, 0xFEF5, 0xFF16, 0xFE72, 0xFE51, 0xFE51, 0xFE51, 0xFE50, 0xFE50, 0xFE31, 0xF630, 0xF630,
 0xFF39, 0xFF59, 0xFF39, 0xFEF7, 0xFEF6, 0xFEF6, 0xFEF6, 0xFEF6, 0xFF38, 0xFF7A, 0xFF7A, 0xFFBC, 0xFFBD, 0xFFBD, 0xFFBD, 0xFFBD,
 0xFFBC, 0xFF7A, 0xFF7A, 0xFF7A, 0xFF7A, 0xF77A, 0xFF9C, 0xFFBD, 0xFFBD, 0xFFBD, 0xFFDD, 0xFF7A, 0xEE72, 0xF6B3, 0xF650, 0xF5AA,
 0xFDEC, 0xFDED, 0xFDCB, 0xFDCB, 0xFE0D, 0xFDCC, 0xFDAA, 0xFDED, 0xFDEC, 0xFDAA, 0xFDEC, 0xFDEC, 0xFDAB, 0xFDCB, 0xFE0C, 0xFDCB,
 0xFDCB, 0xFDEC, 0xFDEC, 0xF5AB, 0xFDEC, 0xFE0C, 0xFDAA, 0xFDCC, 0xFE0D, 0xFDCB, 0xFDAB, 0xFDED, 0xFDEC, 0xF5AA, 0xFDEC, 0xFDEC,
 0xFDAA, 0xFDEC, 0xFE0D, 0xFDCB, 0xFDCB, 0xFE0D, 0xFDEC, 0xFDAA, 0xFDED, 0xFDEC, 0xFDAA, 0xFDEC, 0xFDEC, 0xFDCB, 0xFDCB, 0xFDEC,
 0xFDCB, 0xFDAB, 0xFE0C, 0xFDEC, 0xFDAA, 0xFDEC, 0xFDED, 0xFDAB, 0xFDCB, 0xFDED, 0xFDAB, 0xFE0E, 0xFF17, 0xFEF6, 0xFEF6, 0xFEF6,
 0xFEF6, 0xFEF6, 0xFEF6, 0xFEF6, 0xFEF6, 0xFEF6, 0xFEF6, 0xFEF6, 0xFEF6, 0xFEF6, 0xFEF6, 0xFEF6, 0xFEF6, 0xFEF6, 0xFF17, 0xFFBC,
 0xFFBE, 0xFF9B, 0xF739, 0xFF59, 0xFF18, 0xFEF6, 0xFF16, 0xFE73, 0xFE51, 0xFE51, 0xFEB4, 0xFEB4, 0xFED5, 0xFF38, 0xF738, 0xF738,
 0xFEF6, 0xFEF6, 0xFEF6, 0xFEF6, 0xFEF6, 0xFEF6, 0xFEF6, 0xFED6, 0xFF5A, 0xFFDE, 0xFFDD, 0xFFBD, 0xFFBD, 0xFFBD, 0xFFBD, 0xFFBD,
 0xFFBD, 0xFFBE, 0xFFBE, 0xFFBE, 0xFFBD, 0xFFDD, 0xFFBD, 0xFFBD, 0xFFBD, 0xFFBD, 0xFFDE, 0xFF37, 0xF548, 0xFD89, 0xFDAA, 0xF589,
 0xF5AA, 0xF5AB, 0xF58A, 0xF58A, 0xF5AB, 0xF58A, 0xF589, 0xF5AB, 0xF5AB, 0xF589, 0xF5AA, 0xF5AB, 0xF589, 0xF58A, 0xF5AB, 0xF5AA,
 0xF589, 0xF5AB, 0xF5AA, 0xF589, 0xF5AA, 0xF5AB, 0xF589, 0xF58A, 0xF5AB, 0xF58A, 0xF589, 0xF5AB, 0xF5AA, 0xF589, 0xF5AA, 0xF5AA,
 0xF589, 0xF5AA, 0xF5AB, 0xF58A, 0xF589, 0xF5AB, 0xF5AA, 0xF589, 0xF5AB, 0xF5AA, 0xF589, 0xF5AB, 0xF5AB, 0xF589, 0xF58A, 0xF5AB,
 0xF5AA, 0xF589, 0xF5AA, 0xF5AB, 0xF589, 0xF5AA, 0xF5AB, 0xF589, 0xF58A, 0xF5AB, 0xF569, 0xF5EE, 0xFF17, 0xFEF6, 0xFEF7, 0xFEF6,
 0xFEF6, 0xFEF6, 0xFEF6, 0xFEF6, 0xFEF6, 0xFEF6, 0xFEF6, 0xFEF6, 0xFEF6, 0xFEF6, 0xFEF6, 0xFEF6, 0xFEF6, 0xFEF6, 0xFF17, 0xFFBC,
 0xFFBE, 0xFF7A, 0xF6D6, 0xFED6, 0xFEF6, 0xFEF6, 0xFF16, 0xFE73, 0xFE50, 0xFE71, 0xFEF6, 0xFEF6, 0xF739, 0xFFFE, 0xFFDE, 0xFFDE,
 0xFEF7, 0xFEF7, 0xFEF7, 0xFEF6, 0xFEF6, 0xFEF7, 0xFEF6, 0xF6D6, 0xF75A, 0xFFBE, 0xFFBD, 0xFFBD, 0xFFBD, 0xFFBD, 0xFFBD, 0xFFBD,
 0xFFBD, 0xFFBD, 0xFFBD, 0xFFBD, 0xFFBD, 0xFFBD, 0xFFBD, 0xFFBD, 0xFFBD, 0xFFBD, 0xFFDE, 0xFF38, 0xF5AA, 0xFE0C, 0xFDEC, 0xFDAA,
 0xFDEB, 0xFE0C, 0xFDCA, 0xFDCA, 0xFE0C, 0xFDCB, 0xFDAA, 0xFE0C, 0xFDEC, 0xFDAA, 0xFDEC, 0xFE0C, 0xFDAA, 0xFDCB, 0xFE0C, 0xFDCB,
 0xFDAA, 0xFE0C, 0xFDEC, 0xFDAA, 0xFDEC, 0xFE0C, 0xFDAA, 0xFDCB, 0xFE0D, 0xFDCB, 0xFDCA, 0xFE0C, 0xFDEB, 0xF5AA, 0xFE0C, 0xFE0C,
 0xF5AA, 0xFDEB, 0xFE0C, 0xFDCB, 0xFDCB, 0xFE0C, 0xFDEB, 0xFDAA, 0xFDEC, 0xFDEC, 0xFDAA, 0xFDEC, 0xFE0C, 0xFDCA, 0xFDCB, 0xFE0D,
 0xFDEB, 0xFDAA, 0xFE0C, 0xFE0C, 0xFDAA, 0xFDEC, 0xFE0C, 0xFDAA, 0xFDCB, 0xFDED, 0xFDAA, 0xF60E, 0xFF36, 0xFEF6, 0xFEF6, 0xFEF6,
 0xFEF6, 0xFEF6, 0xFEF6, 0xFEF6, 0xFEF6, 0xFEF6, 0xFEF6, 0xFEF6, 0xFEF6, 0xFEF6, 0xFEF7, 0xFEF6, 0xFEF6, 0xFEF6, 0xF717, 0xFFBC,
 0xFFBD, 0xFF7B, 0xFEF6, 0xFEF6, 0xFEF6, 0xFEF6, 0xFF16, 0xFE72, 0xFE50, 0xFE52, 0xFEF6, 0xFEF6, 0xF739, 0xFFDD, 0xFFBD, 0xFFDD,
 0xFEF6, 0xFEF6, 0xFEF7, 0xFF9B, 0xFF9C, 0xFF9C, 0xFF9C, 0xFF9B, 0xFFBC, 0xFFBD, 0xFFBD, 0xFFBD, 0xFFBD, 0xFFBD, 0xFFBD, 0xFFBD,
 0xFFBD, 0xFFBD, 0xFFBD, 0xFFBD, 0xFFBD, 0xFFBD, 0xFFBD, 0xFFBD, 0xFFBD, 0xFFBD, 0xFFDE, 0xFF38, 0xF58B, 0xFE0D, 0xFDED, 0xFD8B,
 0xFDED, 0xFE0E, 0xFDAB, 0xFDCB, 0xFE0E, 0xFDCC, 0xFDAB, 0xFE0D, 0xFDED, 0xFDAB, 0xFDED, 0xFE0D, 0xFDAB, 0xFDCC, 0xFE0E, 0xFDCC,
 0xFDAB, 0xFDEE, 0xFDED, 0xFDAB, 0xFDED, 0xFDED, 0xF5AA, 0xFDCC, 0xFDEE, 0xFDCC, 0xFDAB, 0xFE0D, 0xFDEC, 0xF5AB, 0xFE0D, 0xFDED,
 0xFDAB, 0xFDEC, 0xFE0D, 0xFDCC, 0xFDCB, 0xFE0D, 0xFDEC, 0xFDAB, 0xFDED, 0xFDED, 0xF5AA, 0xFDEC, 0xFE0D, 0xFDAB, 0xFDCB, 0xFDEE,
 0xFDCC, 0xF5AB, 0xFDED, 0xFDED, 0xFD8B, 0xFDED, 0xFE0D, 0xFDAB, 0xFDEC, 0xFE0E, 0xFDCC, 0xF5CB, 0xF62F, 0xF60E, 0xF672, 0xFF17,
 0xFEF6, 0xFEF6, 0xFEF6, 0xFEF6, 0xFEF6, 0xFEF6, 0xFEF6, 0xFEF6, 0xFEF6, 0xFEF6, 0xFEF6, 0xFEF6, 0xFF7A, 0xFFBC, 0xFF9B, 0xF718,
 0xF718, 0xFF17, 0xFEF7, 0xFEF6, 0xFEF6, 0xFEF6, 0xFEF6, 0xFEF5, 0xFED5, 0xFEF6, 0xFF9B, 0xFF9C, 0xFF9C, 0xFFBD, 0xFFDD, 0xFF5A,
 0xFEF6, 0xFEF6, 0xFEF7, 0xFFBC, 0xFFDD, 0xFFDD, 0xFFBD, 0xFFBE, 0xFFBD, 0xFFBD, 0xFFBD, 0xFFDE, 0xFFDE, 0xFFDE, 0xFFDE, 0xFFDE,
 0xFFDD, 0xFFBD, 0xFFBD, 0xFFBD, 0xFFBD, 0xFFBD, 0xFFBD, 0xFFBD, 0xFFBD, 0xFFDE, 0xFFFF, 0xFF38, 0xF569, 0xFDAA, 0xF5AA, 0xFD69,
 0xFD8A, 0xFDAB, 0xF589, 0xFDA9, 0xF5AB, 0xFD8A, 0xFD89, 0xFDAA, 0xFDAA, 0xFD89, 0xFDAA, 0xFDAB, 0xFD89, 0xFD89, 0xFDAA, 0xFD8A,
 0xFD89, 0xF5AB, 0xFDAA, 0xFD89, 0xFDAA, 0xFDAA, 0xFD88, 0xFDAA, 0xF5AB, 0xFD89, 0xFD89, 0xFDAB, 0xFDAA, 0xF589, 0xFDAA, 0xFDAA,
 0xFD89, 0xFD8A, 0xFDAB, 0xF589, 0xFD89, 0xFDAA, 0xFDA9, 0xFD88, 0xFDAA, 0xFDAA, 0xFD88, 0xFDAA, 0xFDAA, 0xFD89, 0xFDA9, 0xF5AB,
 0xFD89, 0xF589, 0xFDAB, 0xFDAA, 0xFD69, 0xFDAA, 0xFDAB, 0xFD89, 0xFDA9, 0xF5AB, 0xFD89, 0xFD69, 0xF5AB, 0xF569, 0xF650, 0xFF37,
 0xFF16, 0xFF17, 0xFF17, 0xFF16, 0xFEF6, 0xFEF6, 0xFEF6, 0xFEF6, 0xFEF6, 0xFEF6, 0xFEF6, 0xFEF6, 0xFF9C, 0xFFDF, 0xFFBD, 0xFEF7,
 0xFEF5, 0xFEF6, 0xFEF6, 0xFEF6, 0xFEF6, 0xFEF6, 0xFEF6, 0xFEF6, 0xFEF6, 0xFEF7, 0xFFBD, 0xFFDE, 0xFFBD, 0xFFDD, 0xFFDD, 0xFF59,
 0xFEF6, 0xFEF6, 0xFEF7, 0xFFBC, 0xFFBD, 0xFFBD, 0xFFBD, 0xFFBD, 0xFFBD, 0xFFBD, 0xFFDD, 0xFF7B, 0xFF7A, 0xFF7A, 0xFF7A, 0xFF7A,
 0xFF9B, 0xFFBD, 0xFFBD, 0xFFBD, 0xFFBD, 0xFFBD, 0xFFBD, 0xFFBD, 0xFFBC, 0xFF7B, 0xFF9B, 0xFF15, 0xF589, 0xFDCB, 0xFDCB, 0xFD89,
 0xFDCB, 0xFDEC, 0xFDAA, 0xFDAA, 0xFDCC, 0xFDAB, 0xFD89, 0xFDEB, 0xFDCB, 0xFD89, 0xFDCB, 0xFDCC, 0xFD8A, 0xFDAA, 0xFDCC, 0xFDAB,
 0xFD89, 0xFDCC, 0xFDCB, 0xFD89, 0xFDCB, 0xFDCC, 0xF589, 0xFDAB, 0xFDCC, 0xFDAA, 0xFDAA, 0xFDCC, 0xFDCB, 0xF58A, 0xFDCC, 0xFDCB,
 0xFD89, 0xFDCB, 0xFDCC, 0xF5AA, 0xFDAA, 0xFDEC, 0xFDCB, 0xFD89, 0xFDCC, 0xFDCC, 0xF589, 0xFDCB, 0xFDCC, 0xFDAA, 0xFDAA, 0xFDCC,
 0xFDAA, 0xF58A, 0xFDCC, 0xFDCB, 0xFD89, 0xFDCB, 0xFDCC, 0xFD8A, 0xFDAA, 0xFDCC, 0xFDAA, 0xFD8A, 0xFDEB, 0xFDAA, 0xF62F, 0xFEF5,
 0xFED4, 0xFED4, 0xFED4, 0xFED5, 0xFEF6, 0xFEF6, 0xFEF6, 0xFEF7, 0xFEF7, 0xFEF7, 0xFEF6, 0xFEF6, 0xFF7A, 0xFFBC, 0xFF9B, 0xFEF7,
 0xFEF6, 0xFEF6, 0xFEF6, 0xFEF6, 0xFF17, 0xFF17, 0xFF17, 0xFF17, 0xFF18, 0xFF18, 0xFFBC, 0xFFBD, 0xFFBD, 0xFF9C, 0xFFBC, 0xFF58,
 0xFEF6, 0xFEF6, 0xFEF7, 0xFFBD, 0xFFBD, 0xFFBD, 0xFFBD, 0xFFBD, 0xFFBD, 0xFFBD, 0xFFFD, 0xF60F, 0xFDAC, 0xFE0E, 0xF5CC, 0xFD8A,
 0xF673, 0xFFDD, 0xFFBD, 0xFFBD, 0xFFBD, 0xFFBD, 0xFFBD, 0xFFDD, 0xF79B, 0xF5EE, 0xFDEE, 0xFDEC, 0xF58B, 0xFE0D, 0xFE0D, 0xFDAA,
 0xFDEC, 0xFE0D, 0xF5AB, 0xFDCB, 0xFE0E, 0xFDCC, 0xF5AB, 0xFE0D, 0xFE0D, 0xF58A, 0xFDED, 0xFE0D, 0xFDAB, 0xFDCC, 0xFE0E, 0xFDCC,
 0xFDAB, 0xFE0E, 0xFDED, 0xF58A, 0xFDED, 0xFE0D, 0xF5AA, 0xFDCC, 0xFE0E, 0xFDCB, 0xFDAB, 0xFE0D, 0xFDEC, 0xF58B, 0xFE0D, 0xFE0D,
 0xF58B, 0xFDEC, 0xFE0D, 0xFDCB, 0xFDAB, 0xFE0E, 0xFDEC, 0xFDAA, 0xFE0D, 0xFE0D, 0xF58A, 0xFDED, 0xFE0E, 0xFDAB, 0xFDCB, 0xFE0E,
 0xFDCC, 0xF5AB, 0xFE0E, 0xFDED, 0xFDAA, 0xFE0D, 0xFE0D, 0xF5AB, 0xFDCC, 0xFE0E, 0xFDCC, 0xF5AB, 0xFE0D, 0xFDEC, 0xF58B, 0xFE0D,
 0xFE0D, 0xFDAB, 0xFDCC, 0xFE0F, 0xFEF6, 0xFEF6, 0xFEF6, 0xFEF6, 0xFEF7, 0xFEF6, 0xFEF6, 0xFEF6, 0xFEF6, 0xFEF7, 0xFEF6, 0xFEF6,
 0xFEF6, 0xFEF6, 0xFEF6, 0xFEF5, 0xFF59, 0xFFBE, 0xFFBC, 0xFFBD, 0xFFBD, 0xFFBD, 0xFFBD, 0xFFDD, 0xFF7B, 0xFEF7, 0xFF16, 0xFEF6,
 0xFEF6, 0xFED6, 0xFEF7, 0xFFBD, 0xFFDC, 0xFFBD, 0xFFDE, 0xFFDE, 0xFFFE, 0xFFDE, 0xFFFE, 0xF60F, 0xFD69, 0xFDCA, 0xFDA9, 0xFD68,
 0xF651, 0xFFFE, 0xFFFE, 0xFFDE, 0xFFDE, 0xFFDE, 0xFFDE, 0xFFFF, 0xFF9C, 0xF5CC, 0xFDCA, 0xFDAA, 0xF589, 0xFDAB, 0xFDCB, 0xFD89,
 0xFDAB, 0xFDCB, 0xF58A, 0xFDAA, 0xFDCC, 0xFDAA, 0xF589, 0xFDCB, 0xFDCB, 0xFD89, 0xFDAB, 0xFDCB, 0xFD89, 0xFDAA, 0xFDCC, 0xFD8A,
 0xFD89, 0xFDCC, 0xFDAB, 0xFD89, 0xFDAB, 0xFDCC, 0xFD89, 0xFDAB, 0xFDCC, 0xFDAA, 0xFD89, 0xFDCB, 0xFDAB, 0xFD6A, 0xFDCB, 0xFDCB,
 0xF589, 0xFDAB, 0xFDCB, 0xFD8A, 0xFD8A, 0xFDCC, 0xFDAA, 0xFD89, 0xFDCB, 0xFDCB, 0xF589, 0xFDAB, 0xFDCC, 0xFD89, 0xFDAA, 0xFDCC,
 0xFDAA, 0xF58A, 0xFDCC, 0xFDAB, 0xFD89, 0xFDCB, 0xFDCB, 0xF589, 0xFDAA, 0xFDCC, 0xFD8A, 0xF589, 0xFDCB, 0xFDAB, 0xFD89, 0xFDCB,
 0xFDCB, 0xFD89, 0xFDAA, 0xF5ED, 0xFEF6, 0xFF18, 0xFEF7, 0xFEF5, 0xFEF6, 0xFED6, 0xFEF6, 0xFEF6, 0xFED6, 0xFEF5, 0xFEF6, 0xFEF6,
 0xFEF7, 0xFEF6, 0xFEF6, 0xFED5, 0xFF59, 0xFFDE, 0xFFBD, 0xF7BE, 0xFFDD, 0xFFDD, 0xF7DE, 0xF7FF, 0xFF9C, 0xFEF7, 0xFF16, 0xFEF7,
 0xFF39, 0xFF39, 0xFF59, 0xFFBC, 0xFFDE, 0xFF9B, 0xF6F7, 0xFF16, 0xF6F6, 0xFF17, 0xF737, 0xF5EC, 0xFD89, 0xFDCB, 0xF58A, 0xF569,
 0xF60E, 0xF717, 0xF6F6, 0xFF17, 0xFF17, 0xF6F6, 0xF717, 0xFF37, 0xF6F5, 0xF5AB, 0xF5AB, 0xFDA9, 0xF589, 0xFDAB, 0xFDAA, 0xFD88,
 0xFDAA, 0xFDCB, 0xFD89, 0xFD89, 0xFDAB, 0xFDAA, 0xFD89, 0xFDAA, 0xFDAA, 0xFD89, 0xFDAA, 0xFDAA, 0xFD89, 0xFDA9, 0xFDCB, 0xFD8A,
 0xFD89, 0xFDAB, 0xFDAA, 0xFD88, 0xFDAA, 0xFDAB, 0xFD88, 0xFD8A, 0xFDAB, 0xFD89, 0xFD88, 0xFDAB, 0xFDAA, 0xFD69, 0xFDAA, 0xFDAA,
 0xFD69, 0xFDAA, 0xFDCB, 0xFD89, 0xFD89, 0xFDAB, 0xFDAA, 0xFD88, 0xFDAB, 0xFDAA, 0xFD88, 0xFDAA, 0xFDAB, 0xFD89, 0xFDA9, 0xFDAB,
 0xFDA9, 0xF589, 0xFDAB, 0xFDAA, 0xFD88, 0xFDAA, 0xFDCB, 0xFD89, 0xFDA9, 0xFDAB, 0xFD89, 0xFD89, 0xFDAA, 0xFDAA, 0xFD89, 0xFDAA,
 0xFDAA, 0xFD89, 0xFD89, 0xFDCB, 0xF672, 0xFE72, 0xFED4, 0xFF59, 0xF739, 0xFF39, 0xFF59, 0xFF59, 0xFF39, 0xFF39, 0xFF38, 0xFEF7,
 0xFEF6, 0xFF17, 0xF739, 0xFF39, 0xFF7B, 0xFFBD, 0xFFBD, 0xFFBD, 0xFFBE, 0xFFBC, 0xF717, 0xF716, 0xF6D4, 0xFE93, 0xFE92, 0xFED4,
 0xFFDD, 0xFFBE, 0xFFBE, 0xFFBD, 0xFFDF, 0xF739, 0xF5AC, 0xFDCC, 0xF56A, 0xFDAC, 0xF5CD, 0xFDAA, 0xFDCC, 0xFE0E, 0xF5CC, 0xFDAA,
 0xFE0D, 0xF5CC, 0xED6A, 0xFDCC, 0xFDCC, 0xF56A, 0xFDAB, 0xFDEC, 0xF58A, 0xFDAB, 0xFDEE, 0xFDEC, 0xF5AB, 0xFE0D, 0xFE0D, 0xF58A,
 0xFDEC, 0xFE0D, 0xF5AB, 0xFDCB, 0xFE0E, 0xFDCC, 0xF5AB, 0xFE0D, 0xFDED, 0xF58A, 0xFDED, 0xFE0D, 0xFDAB, 0xFDCC, 0xFE0E, 0xFDCC,
 0xF5AB, 0xFDEE, 0xFDED, 0xF58B, 0xFDED, 0xFE0D, 0xF5AA, 0xFDCC, 0xFE0E, 0xFDCC, 0xFDAB, 0xFE0E, 0xFDEC, 0xF58B, 0xFDED, 0xFE0D,
 0xF5AA, 0xFDEC, 0xFE0D, 0xF5AB, 0xFDAB, 0xFE0D, 0xFDEC, 0xF5AA, 0xFE0D, 0xFDED, 0xF58A, 0xFDED, 0xFE0E, 0xFDAB, 0xFDCB, 0xFDEE,
 0xFDCC, 0xF5AB, 0xFE0D, 0xFDED, 0xF58A, 0xFDED, 0xFE0D, 0xF5AB, 0xFDCC, 0xFE0E, 0xFDCC, 0xF5AB, 0xFE0D, 0xFDEC, 0xF58A, 0xFE0D,
 0xFDED, 0xFDAA, 0xFDCC, 0xFE0D, 0xF58B, 0xF569, 0xF692, 0xFFDE, 0xFFDD, 0xFFDD, 0xFFBD, 0xFFDD, 0xFFDD, 0xFFDD, 0xFFBC, 0xFF17,
 0xFEF5, 0xFF38, 0xFFDD, 0xFFDD, 0xFFBD, 0xFFBD, 0xFFBD, 0xFFBD, 0xF7BE, 0xF79B, 0xF5EE, 0xF5AA, 0xF58A, 0xFDED, 0xF5AC, 0xF651,
 0xFFDE, 0xFFDE, 0xFFDE, 0xFFDE, 0xFFFF, 0xF759, 0xFDCC, 0xFDEB, 0xFD89, 0xFDCC, 0xFDEC, 0xFD8A, 0xFDAB, 0xFDED, 0xFDAB, 0xFD8A,
 0xFDEC, 0xFDCC, 0xFD89, 0xFDCC, 0xFDCC, 0xFDA9, 0xFDCB, 0xFDEC, 0xFDAA, 0xFDAA, 0xFDCD, 0xFDCB, 0xF58A, 0xFDCC, 0xFDCC, 0xFD8A,
 0xFDCB, 0xFDEC, 0xFDAA, 0xFDAA, 0xFDEC, 0xFDCB, 0xFD8A, 0xFDEC, 0xFDCC, 0xFD89, 0xFDCC, 0xFDEC, 0xFD8A, 0xFDCA, 0xFDEC, 0xFDAB,
 0xFDAA, 0xFDEC, 0xFDCC, 0xFD89, 0xFDCC, 0xFDEC, 0xFD8A, 0xFDCB, 0xFDEC, 0xFDAA, 0xFDAA, 0xFDEC, 0xFDCB, 0xFD8A, 0xFDCC, 0xFDCC,
 0xFD8A, 0xFDCB, 0xFDED, 0xFDAB, 0xFDAA, 0xFDEC, 0xFDCB, 0xFD8A, 0xFDCC, 0xFDCC, 0xFD89, 0xFDCB, 0xFDEC, 0xFDAA, 0xFDAA, 0xFDCD,
 0xFDAB, 0xFD8A, 0xFDCC, 0xFDCC, 0xFD8A, 0xFDEC, 0xFDEC, 0xFD8A, 0xFDCB, 0xFDEC, 0xFDAB, 0xFDAA, 0xFDEC, 0xFDCC, 0xFD89, 0xFDEC,
 0xFDEC, 0xFD8A, 0xFDCB, 0xFDEC, 0xFDAA, 0xFD89, 0xF692, 0xFFFE, 0xFFFE, 0xFFDD, 0xFFBD, 0xFFBD, 0xFFBD, 0xFFDD, 0xFFBC, 0xF6F7,
 0xFED5, 0xF719, 0xFFBD, 0xFFBD, 0xFFBD, 0xFFBD, 0xFFBD, 0xFFDD, 0xFFFF, 0xFFBC, 0xF5EE, 0xFDAA, 0xFD8A, 0xFDEC, 0xFDCB, 0xF670,
 0xEE72, 0xEE51, 0xEE51, 0xEE72, 0xEE72, 0xF60E, 0xF58A, 0xF589, 0xFD69, 0xF58A, 0xF5AA, 0xFD88, 0xFD88, 0xF5AA, 0xFD89, 0xFD88,
 0xF5A9, 0xF589, 0xFD88, 0xF58A, 0xF58A, 0xFD68, 0xF589, 0xF58A, 0xFD69, 0xFD69, 0xF58B, 0xF589, 0xF588, 0xF5A9, 0xF5A9, 0xF568,
 0xF589, 0xF58A, 0xF569, 0xFD89, 0xF58A, 0xF569, 0xF568, 0xF58A, 0xF58A, 0xFD68, 0xF58A, 0xF58A, 0xF568, 0xF589, 0xF5AA, 0xF569,
 0xF568, 0xF58A, 0xF58A, 0xFD68, 0xF589, 0xF5AA, 0xFD87, 0xF589, 0xF5AA, 0xF589, 0xFD68, 0xF58A, 0xF589, 0xFD68, 0xF58A, 0xF5AA,
 0xF568, 0xFD89, 0xF5AA, 0xFD88, 0xFD88, 0xF5AA, 0xF5A9, 0xFD88, 0xF5AA, 0xF58A, 0xFD68, 0xF589, 0xF58A, 0xFD68, 0xFD89, 0xF58B,
 0xF589, 0xF588, 0xF5AA, 0xF5A9, 0xF568, 0xF58A, 0xF58A, 0xF569, 0xF589, 0xF58A, 0xF569, 0xF569, 0xF58A, 0xF58A, 0xF568, 0xF58A,
 0xF58A, 0xF568, 0xF589, 0xF58A, 0xF569, 0xFD68, 0xF5CC, 0xEE71, 0xEE30, 0xF718, 0xFFDD, 0xFFBD, 0xFFBD, 0xFFBD, 0xFFBC, 0xFF7A,
 0xFF7A, 0xFF7B, 0xFFBD, 0xFFBD, 0xFFBD, 0xFFBD, 0xFFBD, 0xEEB5, 0xEE50, 0xEE50, 0xF5AA, 0xF588, 0xF588, 0xF5AA, 0xF569, 0xF650,
 0xFDCB, 0xF569, 0xFD89, 0xFDCC, 0xFD8A, 0xF569, 0xFE0D, 0xFDEC, 0xFD8A, 0xFDEC, 0xFDED, 0xF58A, 0xFDCB, 0xFE0D, 0xFDCB, 0xFDAA,
 0xFE0D, 0xFDEC, 0xFD89, 0xFDED, 0xFDED, 0xF58A, 0xFDCB, 0xFE0D, 0xFDAA, 0xFDAA, 0xFDED, 0xFDEB, 0xF58A, 0xFDED, 0xFDEC, 0xFD8A,
 0xFDEB, 0xFE0D, 0xFDAA, 0xFDCA, 0xFE0D, 0xFDCB, 0xF58A, 0xFE0D, 0xFDEC, 0xFD89, 0xFDEC, 0xFE0D, 0xFDAA, 0xFDCB, 0xFE0D, 0xFDAB,
 0xFDAA, 0xFDED, 0xFDEC, 0xF58A, 0xFDEC, 0xFE0D, 0xFD8A, 0xFDCB, 0xFE0D, 0xFDAB, 0xFDAA, 0xFE0D, 0xFDEC, 0xFD8A, 0xFDED, 0xFDEC,
 0xF589, 0xFDCB, 0xFE0D, 0xFDAB, 0xFDAA, 0xFE0D, 0xFDCB, 0xFD8A, 0xFDED, 0xFDEC, 0xF589, 0xFDEC, 0xFDED, 0xFDAA, 0xFDCB, 0xFDED,
 0xFDCB, 0xF58A, 0xFE0D, 0xFDEC, 0xFD89, 0xFDEC, 0xFE0D, 0xFDAA, 0xFDCB, 0xFE0D, 0xFDAB, 0xFDAA, 0xFE0D, 0xFDEC, 0xFD89, 0xFE0C,
 0xFDED, 0xFDAA, 0xFDCB, 0xFE0D, 0xFDAB, 0xFDAA, 0xFE0D, 0xFDAB, 0xED28, 0xF6D5, 0xFFFE, 0xFFBE, 0xFFBD, 0xFFBE, 0xFFBD, 0xFFDD,
 0xFFDD, 0xFFDD, 0xFFBD, 0xFFBD, 0xFFBD, 0xFFBE, 0xFFDD, 0xF651, 0xF568, 0xF58A, 0xFE0D, 0xFDCB, 0xFDAA, 0xFE0D, 0xFDCB, 0xF671,
 0xFE0D, 0xFDAA, 0xFDCB, 0xFE0D, 0xFDCB, 0xFDAA, 0xFE0D, 0xFDEC, 0xF58A, 0xFDEC, 0xFE0D, 0xFDAA, 0xFDCB, 0xFE0D, 0xFDAB, 0xFDAA,
 0xFE0D, 0xFDEC, 0xFD8A, 0xFDED, 0xFE0D, 0xFDA9, 0xFDEB, 0xFE0D, 0xFDAB, 0xFDAA, 0xFE0D, 0xFDEB, 0xF58A, 0xFE0D, 0xFDED, 0xFD8A,
 0xFDEC, 0xFE0D, 0xFDAA, 0xFDCA, 0xFE0D, 0xFDCB, 0xFDAA, 0xFE0D, 0xFDEC, 0xFD89, 0xFDEC, 0xFE0D, 0xFDAA, 0xFDCB, 0xFE0D, 0xFDCB,
 0xFDAA, 0xFE0D, 0xFDEC, 0xFD8A, 0xFDED, 0xFE0D, 0xFD8A, 0xFDCC, 0xFE0D, 0xFDCB, 0xFDAA, 0xFE0D, 0xFDEB, 0xF58A, 0xFDED, 0xFDED,
 0xFD8A, 0xFDCC, 0xFE0D, 0xFDAB, 0xFDAA, 0xFE0D, 0xFDCC, 0xFD8A, 0xFE0D, 0xFE0C, 0xF5A9, 0xFDEC, 0xFDED, 0xFDAA, 0xFDCB, 0xFE0D,
 0xFDCB, 0xF5AA, 0xFE0D, 0xFDED, 0xFD8A, 0xFDEC, 0xFE0D, 0xFDAA, 0xFDCB, 0xFE0D, 0xFDCB, 0xFDAA, 0xFE0D, 0xFDEC, 0xFD89, 0xFE0C,
 0xFE0D, 0xFDAA, 0xFDEB, 0xFE0D, 0xFDAB, 0xFDAA, 0xFE0D, 0xFDEC, 0xF569, 0xF6F5, 0xFFFE, 0xFFBC, 0xFFDD, 0xFFBD, 0xFFDC, 0xF7BE,
 0xFFBD, 0xFFBD, 0xFFBD, 0xFFBD, 0xFFDD, 0xFFDD, 0xFFDD, 0xFE71, 0xFD89, 0xFDCB, 0xFE0D, 0xFDCB, 0xFDAA, 0xFE0D, 0xFDCC, 0xF651,
 0xF58A, 0xFD68, 0xFD89, 0xF58A, 0xF589, 0xFD68, 0xF58A, 0xF589, 0xFD68, 0xFD8A, 0xF58A, 0xFD68, 0xFD89, 0xF58A, 0xF589, 0xFD68,
 0xF58A, 0xF589, 0xFD68, 0xF58A, 0xF58A, 0xFD88, 0xFD89, 0xF58A, 0xFD69, 0xFD68, 0xF58A, 0xFD89, 0xFD68, 0xF58A, 0xF5A9, 0xFD68,
 0xF589, 0xF58A, 0xFD68, 0xFD88, 0xF58A, 0xFD89, 0xFD68, 0xF58A, 0xF589, 0xFD68, 0xF589, 0xF58A, 0xFD68, 0xF589, 0xF58A, 0xFD89,
 0xFD68, 0xF58A, 0xF589, 0xFD68, 0xFD89, 0xF589, 0xFD68, 0xFD89, 0xF58A, 0xFD89, 0xFD88, 0xF58A, 0xF589, 0xFD68, 0xFD8A, 0xF58A,
 0xFD68, 0xFD89, 0xF58A, 0xF588, 0xFD68, 0xF58A, 0xF589, 0xFD68, 0xF58A, 0xF589, 0xFD68, 0xFD89, 0xF58A, 0xFD68, 0xFD89, 0xF58A,
 0xFD69, 0xFD69, 0xF58A, 0xF5A9, 0xFD68, 0xF58A, 0xF58A, 0xFD68, 0xFD89, 0xF58A, 0xFD89, 0xFD68, 0xF58A, 0xFD89, 0xFD68, 0xF58A,
 0xF58A, 0xFD68, 0xF589, 0xF58A, 0xFD69, 0xFD68, 0xF58A, 0xFD89, 0xFD68, 0xF5AB, 0xF5CD, 0xF5CC, 0xF5EC, 0xF5CC, 0xEDEE, 0xFFBB,
 0xFFBD, 0xFFBD, 0xFFBD, 0xFFDE, 0xEEB5, 0xEDAA, 0xF5CC, 0xF5AB, 0xFD68, 0xFD68, 0xF58A, 0xFD89, 0xFD68, 0xF58A, 0xFD89, 0xFD8A,
 0xFDEB, 0xFD89, 0xFDAA, 0xFDEC, 0xFDAA, 0xFD89, 0xFDEC, 0xFDCB, 0xF569, 0xFDCB, 0xFDEC, 0xF589, 0xFDAA, 0xFDEC, 0xFDAA, 0xFD89,
 0xFDCC, 0xFDCB, 0xFD89, 0xFDCB, 0xFDCB, 0xFD89, 0xFDCA, 0xFDCC, 0xFD8A, 0xFDA9, 0xFDCC, 0xFDCB, 0xF589, 0xFDCB, 0xFDCB, 0xFD89,
 0xFDCB, 0xFDCC, 0xFD89, 0xFDAA, 0xFDEC, 0xFDAA, 0xFD89, 0xFDEC, 0xFDCB, 0xFD89, 0xFDCB, 0xFDCC, 0xFD89, 0xFDAA, 0xFDEC, 0xFDAA,
 0xFD89, 0xFDEC, 0xFDCB, 0xFD89, 0xFDCB, 0xFDEB, 0xFD89, 0xFDAA, 0xFDEC, 0xFDAA, 0xFD89, 0xFDEC, 0xFDCA, 0xFD89, 0xFDCB, 0xFDCB,
 0xF569, 0xFDAB, 0xFDEC, 0xFDAA, 0xFD89, 0xFDCC, 0xFDAB, 0xFD89, 0xFDCC, 0xFDCB, 0xFD89, 0xFDCB, 0xFDCC, 0xFD89, 0xFDAA, 0xFDCC,
 0xFDAA, 0xF589, 0xFDCC, 0xFDCB, 0xFD89, 0xFDCB, 0xFDCC, 0xFD89, 0xFDAA, 0xFDEC, 0xFDAA, 0xFD89, 0xFDEC, 0xFDCB, 0xFD69, 0xFDCB,
 0xFDCC, 0xFD89, 0xFDCA, 0xFDEC, 0xFD8A, 0xFD89, 0xFDEC, 0xFDCB, 0xFD89, 0xFDCB, 0xFDCB, 0xFD68, 0xFDAA, 0xFDAA, 0xEDCC, 0xF7BB,
 0xFFDE, 0xFFDE, 0xFFDE, 0xFFFF, 0xF6B4, 0xF527, 0xFDAA, 0xFDEC, 0xFD89, 0xFDAA, 0xFDCC, 0xFDAA, 0xFD89, 0xFDCC, 0xFDCB, 0xF569,
 0xFE0D, 0xFDAA, 0xFDCB, 0xFE0E, 0xFDCC, 0xFD8A, 0xFE0D, 0xFE0C, 0xF58A, 0xFDED, 0xFE0D, 0xF58A, 0xFDCC, 0xFE0D, 0xFDAB, 0xFDAA,
 0xFE0E, 0xFDEC, 0xF58A, 0xFE0D, 0xFE0D, 0xF5AA, 0xFDEC, 0xFE0E, 0xFDAB, 0xFDAA, 0xFE0E, 0xFDEC, 0xF58A, 0xFE0D, 0xFE0D, 0xFD8A,
 0xFDCC, 0xFE0E, 0xFDAB, 0xFDAB, 0xFE0D, 0xFDCC, 0xF58A, 0xFE0D, 0xFDED, 0xFD8A, 0xFE0C, 0xFE0D, 0xFD8A, 0xFDCB, 0xFE0D, 0xFDCC,
 0xFDAA, 0xFE0D, 0xFDEC, 0xFD8A, 0xFDED, 0xFE0D, 0xFD8A, 0xFDCC, 0xFE0D, 0xFDAB, 0xFDAA, 0xFE0D, 0xFDEC, 0xF58A, 0xFE0D, 0xFE0D,
 0xF58A, 0xFDEC, 0xFE0D, 0xFDAB, 0xFDAB, 0xFE0E, 0xFDEC, 0xFD8A, 0xFE0D, 0xFE0D, 0xF58A, 0xFDEC, 0xFE0E, 0xFDAA, 0xFDCB, 0xFE0E,
 0xFDCB, 0xF58A, 0xFE0D, 0xFDED, 0xF58A, 0xFDED, 0xFE0D, 0xFD8A, 0xFDCB, 0xFE0D, 0xFDCB, 0xFDAA, 0xFE0D, 0xFDEC, 0xF58A, 0xFE0D,
 0xFE0D, 0xFD8A, 0xFDEC, 0xFE0D, 0xFDAB, 0xFDAA, 0xFE0E, 0xFDEC, 0xF58A, 0xFE0D, 0xFE0D, 0xFD89, 0xFDEC, 0xFE0D, 0xF5ED, 0xF758,
 0xFF9C, 0xFF7A, 0xFF7A, 0xFFBB, 0xF6B3, 0xF569, 0xFDEC, 0xFE0D, 0xFDAA, 0xFDCB, 0xFE0E, 0xFDCB, 0xFD8A, 0xFE0D, 0xFE0C, 0xF589,
 0xF5AB, 0xFD88, 0xFD89, 0xFDAB, 0xFD89, 0xFD68, 0xF5AB, 0xFDAA, 0xFD68, 0xFDAA, 0xFDAB, 0xFD69, 0xFD89, 0xF5AB, 0xFD89, 0xFD89,
 0xF5AB, 0xF5AA, 0xFD68, 0xFDAB, 0xFDAA, 0xF588, 0xFDAA, 0xFDAB, 0xF589, 0xFD89, 0xF5AB, 0xFDAA, 0xF568, 0xFDAA, 0xFDAA, 0xFD68,
 0xFD8A, 0xFDAB, 0xFD89, 0xFD89, 0xF5AB, 0xFD8A, 0xFD68, 0xFDAB, 0xFDAA, 0xFD68, 0xFDAA, 0xF5AB, 0xFD69, 0xFD89, 0xFDAB, 0xF589,
 0xFD88, 0xF5AB, 0xFDAA, 0xFD68, 0xFDAA, 0xF5AB, 0xFD68, 0xFD89, 0xF5AB, 0xFD89, 0xFD69, 0xF5AB, 0xFDAA, 0xFD68, 0xFDAA, 0xFDAA,
 0xFD68, 0xFDAA, 0xF5AB, 0xFD89, 0xFD89, 0xF5AB, 0xF5AA, 0xFD68, 0xFDAB, 0xFDAA, 0xF588, 0xFDAA, 0xFDAB, 0xF589, 0xFD89, 0xF5AB,
 0xFD89, 0xF569, 0xFDAB, 0xFDAA, 0xFD68, 0xFD8A, 0xFDAB, 0xFD69, 0xFD89, 0xF5AB, 0xFD8A, 0xFD89, 0xFDAB, 0xFDAA, 0xFD68, 0xFDAA,
 0xF5AB, 0xFD68, 0xFDAA, 0xFDAB, 0xF589, 0xFD89, 0xF5AB, 0xFDAA, 0xFD68, 0xF5AB, 0xF5AB, 0xFD68, 0xF58A, 0xF5AB, 0xFD89, 0xF589,
 0xF5AB, 0xFDAA, 0xF589, 0xF5AB, 0xF5AB, 0xFD68, 0xFDAA, 0xFDAB, 0xFD89, 0xFD89, 0xF5AB, 0xF589, 0xFD89, 0xFDAB, 0xFDAA, 0xFD68,
 0xF5AB, 0xFD88, 0xFD89, 0xFDAA, 0xFD89, 0xFD68, 0xFDAB, 0xFDAA, 0xFD68, 0xFDAA, 0xFDAA, 0xFD68, 0xFD89, 0xFDCB, 0xFD89, 0xFD88,
 0xF5AB, 0xF5AA, 0xFD68, 0xFDAB, 0xFDAA, 0xFD88, 0xFDA9, 0xFDAB, 0xFD89, 0xFD88, 0xFDAB, 0xFDA9, 0xFD68, 0xFDAA, 0xFDAA, 0xFD68,
 0xFDAA, 0xFDAA, 0xFD88, 0xFD89, 0xFDAB, 0xFD89, 0xFD68, 0xFDAA, 0xFDAA, 0xFD68, 0xFDAA, 0xFDAB, 0xFD68, 0xFD89, 0xFDAB, 0xFD89,
 0xFD88, 0xF5AA, 0xFDAA, 0xFD68, 0xFDAA, 0xF5AB, 0xFD88, 0xFD89, 0xFDAB, 0xFD89, 0xFD89, 0xFDAB, 0xFDAA, 0xFD68, 0xFDAA, 0xFDAA,
 0xFD68, 0xFD89, 0xFDAB, 0xFD89, 0xFD89, 0xF5AB, 0xFDAA, 0xFD68, 0xFDAB, 0xFDAA, 0xFD88, 0xFDAA, 0xFDAB, 0xFD88, 0xFD89, 0xFDAB,
 0xFD89, 0xF568, 0xFDAA, 0xFDAA, 0xFD68, 0xFDAA, 0xFDAA, 0xFD88, 0xFD89, 0xFDAB, 0xFD89, 0xFD68, 0xFDAA, 0xFDAA, 0xFD68, 0xFDAA,
 0xFDAB, 0xFD68, 0xFD89, 0xFDAB, 0xFD89, 0xFD88, 0xF5AB, 0xFDA9, 0xFD68, 0xFDAA, 0xF5AA, 0xFD68, 0xF5AA, 0xF5AA, 0xFD88, 0xFD89,
 0xFDAA, 0xFD89, 0xF568, 0xFDAA, 0xFDAA, 0xF569, 0xFD8A, 0xFDAB, 0xFD88, 0xFD89, 0xF5AB, 0xFD89, 0xFD69, 0xFDAB, 0xFDAA, 0xFD68,
 0xFE0E, 0xFDAA, 0xFDAC, 0xFE0E, 0xFDCC, 0xFD8A, 0xFE0E, 0xFDED, 0xF58A, 0xFDED, 0xFE0D, 0xF58A, 0xFDCC, 0xFE0E, 0xF5CB, 0xF58B,
 0xFE0E, 0xFDED, 0xFD8A, 0xFE0D, 0xFE0D, 0xF58A, 0xFDCC, 0xFE0E, 0xF5AB, 0xF5AB, 0xFE0E, 0xFDEC, 0xF58A, 0xFE0D, 0xFE0D, 0xFD8A,
 0xFDEC, 0xFE0D, 0xFDAA, 0xFDCB, 0xFE0D, 0xFDCB, 0xF58A, 0xFE0D, 0xFDED, 0xFD8A, 0xFDED, 0xFE0E, 0xFD8A, 0xFDCB, 0xFE0E, 0xFDCC,
 0xF58A, 0xFE0E, 0xFDED, 0xF58A, 0xFDED, 0xFE0E, 0xF58A, 0xFDCC, 0xFE0E, 0xFDAB, 0xFDAB, 0xFE0E, 0xFDEC, 0xF58A, 0xFDED, 0xFE0D,
 0xF56A, 0xFDCC, 0xFE0E, 0xF5AB, 0xF5AB, 0xFE0E, 0xFDCC, 0xFD8A, 0xFE0E, 0xFE0D, 0xF58A, 0xFDED, 0xFE0E, 0xF5AB, 0xFDAB, 0xFE0E,
 0xFDCC, 0xF58A, 0xFE0E, 0xFE0D, 0xF58A, 0xFDED, 0xFE0D, 0xFDAA, 0xFDCB, 0xFE0D, 0xFDCB, 0xF58A, 0xFE0E, 0xFDED, 0xF58A, 0xFDED,
 0xFDEE, 0xFD8A, 0xFDCC, 0xFE0E, 0xF5AC, 0xF5AB, 0xFE0E, 0xFDEC, 0xF58A, 0xFE0D, 0xFE0D, 0xF58A, 0xFDEC, 0xFE2D, 0xFDAB, 0xFDAB,
 0xFE0D, 0xFDCC, 0xF58B, 0xFE0D, 0xFDED, 0xF58A, 0xFDEC, 0xFE0E, 0xF5AB, 0xFDAB, 0xFE0E, 0xFDCC, 0xFD8A, 0xFE0E, 0xFE0D, 0xF589,
 0xFDCC, 0xFD89, 0xFDAB, 0xFDED, 0xFDAA, 0xFD8A, 0xFDCC, 0xFDCB, 0xF569, 0xFDCC, 0xFDEC, 0xF58A, 0xFDAB, 0xFDEC, 0xFDAA, 0xF58A,
 0xFDED, 0xFDCC, 0xF589, 0xFDCC, 0xFDCC, 0xF589, 0xFDCB, 0xFDCD, 0xFD8A, 0xF58A, 0xFDEC, 0xFDAB, 0xF58A, 0xFDEC, 0xFDEC, 0xFD89,
 0xFDCB, 0xFDCC, 0xFD89, 0xFDAA, 0xFDEC, 0xFDAB, 0xFD89, 0xFDEC, 0xFDCB, 0xFD89, 0xFDCC, 0xFDCD, 0xFD89, 0xFDAA, 0xFDEC, 0xFDAB,
 0xF58A, 0xFDEC, 0xFDCC, 0xFD69, 0xFDCB, 0xFDCC, 0xF589, 0xFDAB, 0xFDED, 0xFDAA, 0xFD8A, 0xFDCC, 0xFDAB, 0xF56A, 0xFDCC, 0xFDEC,
 0xF569, 0xFDAB, 0xFDCC, 0xF58A, 0xFDAA, 0xFDCD, 0xFDAB, 0xF589, 0xFDCC, 0xFDCC, 0xF589, 0xFDCC, 0xFDCD, 0xF58A, 0xF5AA, 0xFDCC,
 0xFDAB, 0xF58A, 0xFDEC, 0xFDEC, 0xFD89, 0xFDCB, 0xFDCC, 0xFD89, 0xFDAB, 0xFDEC, 0xFDAA, 0xFD89, 0xFDCC, 0xFDCB, 0xFD89, 0xFDCC,
 0xFDCD, 0xFD89, 0xFDAB, 0xFDEC, 0xF58A, 0xF58A, 0xFDEC, 0xFDCB, 0xF569, 0xFDCC, 0xFDCC, 0xF589, 0xFDCB, 0xFDED, 0xFDAA, 0xFD8A,
 0xFDCC, 0xFDAB, 0xF56A, 0xFDEC, 0xFDEB, 0xF569, 0xFDCB, 0xFDCC, 0xF58A, 0xFDAA, 0xFDED, 0xF5AB, 0xF589, 0xFDEC, 0xFDCB, 0xF589,
 0xFD89, 0xFD87, 0xFD67, 0xF548, 0xFD67, 0xFD68, 0xF58A, 0xFD89, 0xFD47, 0xFD47, 0xFD67, 0xFD67, 0xFD88, 0xFD89, 0xFD88, 0xFD67,
 0xFD48, 0xFD47, 0xFD67, 0xFD89, 0xF589, 0xFD67, 0xFD47, 0xFD48, 0xFD47, 0xFD88, 0xFD89, 0xFD89, 0xFD67, 0xFD47, 0xFD47, 0xFD67,
 0xFD89, 0xF58A, 0xFD68, 0xFD47, 0xF568, 0xFD67, 0xFD67, 0xF58A, 0xFD69, 0xFD67, 0xFD67, 0xFD48, 0xFD47, 0xFD88, 0xFD89, 0xFD88,
 0xFD67, 0xF567, 0xFD67, 0xFD67, 0xFD89, 0xFD89, 0xFD87, 0xFD47, 0xF568, 0xFD67, 0xFD68, 0xF58A, 0xFD88, 0xFD47, 0xFD47, 0xFD67,
 0xFD67, 0xFD89, 0xFD89, 0xFD88, 0xFD67, 0xFD48, 0xFD47, 0xFD67, 0xFD8A, 0xF589, 0xFD67, 0xFD47, 0xFD48, 0xFD47, 0xFD88, 0xFD89,
 0xFD88, 0xFD67, 0xFD47, 0xFD47, 0xFD67, 0xFD89, 0xF58A, 0xFD68, 0xFD47, 0xF568, 0xFD67, 0xFD68, 0xF58A, 0xFD69, 0xFD67, 0xFD68,
 0xFD48, 0xFD67, 0xFD89, 0xFD89, 0xFD88, 0xFD67, 0xF567, 0xFD67, 0xFD67, 0xFD89, 0xFD89, 0xFD67, 0xFD47, 0xFD68, 0xFD67, 0xF568,
 0xF58A, 0xFD88, 0xFD47, 0xFD47, 0xFD67, 0xFD67, 0xFD89, 0xFD89, 0xFD68, 0xFD67, 0xFD48, 0xFD47, 0xFD68, 0xFD8A, 0xF589, 0xFD67,
 0xFDED, 0xF5AA, 0xFD47, 0xFD47, 0xFD46, 0xFDA9, 0xFE0D, 0xFDEC, 0xFD68, 0xFD47, 0xFD47, 0xFD47, 0xFDCB, 0xFE0E, 0xFDCB, 0xF547,
 0xFD47, 0xFD47, 0xFD69, 0xFDED, 0xFE0C, 0xFD88, 0xFD47, 0xFD47, 0xFD47, 0xFDAB, 0xFE0D, 0xFDEB, 0xFD67, 0xFD46, 0xFD47, 0xFD68,
 0xFDEC, 0xFE0D, 0xFDAA, 0xFD47, 0xFD67, 0xFD47, 0xFD89, 0xFE0D, 0xFDED, 0xF568, 0xFD47, 0xFD47, 0xFD47, 0xFDCB, 0xFE0D, 0xFDCB,
 0xFD47, 0xFD66, 0xFD66, 0xFD68, 0xFE0C, 0xFE0D, 0xF589, 0xFD47, 0xFD67, 0xFD46, 0xFDAA, 0xFE0D, 0xFDEC, 0xFD48, 0xFD47, 0xFD47,
 0xFD48, 0xFDCC, 0xFE0E, 0xFDAA, 0xFD47, 0xFD48, 0xFD47, 0xFD89, 0xFDED, 0xFE0C, 0xFD88, 0xFD47, 0xFD47, 0xF547, 0xFDAB, 0xFE0D,
 0xFDEB, 0xFD47, 0xFD46, 0xFD47, 0xF568, 0xFDED, 0xFE0D, 0xFDAA, 0xFD46, 0xFD67, 0xFD47, 0xFDAA, 0xFE0E, 0xFDED, 0xF568, 0xFD47,
 0xFD47, 0xFD47, 0xFDEC, 0xFE0D, 0xFDCA, 0xFD47, 0xFD66, 0xFD46, 0xFD88, 0xFE0C, 0xFDED, 0xF589, 0xFD47, 0xFD67, 0xFD47, 0xFDCA,
 0xFE0E, 0xFDEC, 0xFD48, 0xFD47, 0xFD47, 0xFD48, 0xFDEC, 0xFE0D, 0xFDAA, 0xFD47, 0xFD47, 0xFD47, 0xFD8A, 0xFE0D, 0xFE0C, 0xFD67,
 0xFDED, 0xFD8A, 0xFD47, 0xFD47, 0xFD47, 0xFD8A, 0xFDEE, 0xFDEC, 0xFD68, 0xFD47, 0xFD47, 0xFD47, 0xFDCB, 0xFE0D, 0xFDCB, 0xFD47,
 0xFD47, 0xFD46, 0xFD88, 0xFDED, 0xFDED, 0xFD69, 0xFD27, 0xFD47, 0xFD47, 0xFDAA, 0xFE0D, 0xFDEC, 0xF548, 0xFD46, 0xFD47, 0xF548,
 0xFDEC, 0xFE0D, 0xFDAA, 0xFD47, 0xFD67, 0xFD47, 0xFD89, 0xFE0D, 0xFDEC, 0xFD68, 0xFD47, 0xFD47, 0xFD47, 0xFDCB, 0xFE0D, 0xFDCB,
 0xFD47, 0xFD66, 0xFD47, 0xFD68, 0xFDEC, 0xFDED, 0xFD89, 0xFD47, 0xFD47, 0xFD47, 0xFDAA, 0xFDEE, 0xFDEC, 0xFD48, 0xFD47, 0xFD47,
 0xFD48, 0xFDEC, 0xFE0D, 0xFDAA, 0xFD47, 0xFD47, 0xFD46, 0xFD89, 0xFDED, 0xFDED, 0xFD69, 0xFD28, 0xFD47, 0xFD47, 0xFDAB, 0xFE0D,
 0xFDCB, 0xFD47, 0xFD46, 0xFD47, 0xF568, 0xFDEC, 0xFE0D, 0xFDA9, 0xFD46, 0xFD47, 0xFD47, 0xFDAA, 0xFE0D, 0xFDEC, 0xFD68, 0xFD47,
 0xFD47, 0xFD47, 0xFDCB, 0xFE0D, 0xFDAA, 0xFD47, 0xFD66, 0xFD47, 0xFD69, 0xFE0C, 0xFDED, 0xFD69, 0xFD47, 0xFD47, 0xFD47, 0xFDAB,
 0xFDEE, 0xFDEB, 0xFD47, 0xFD47, 0xFD47, 0xFD48, 0xFDEC, 0xFE0D, 0xFDAA, 0xFD47, 0xFD47, 0xFD46, 0xFD89, 0xFDED, 0xFDEC, 0xFD68,
 0xF589, 0xFD68, 0xFD47, 0xFD68, 0xFD67, 0xFD67, 0xF569, 0xFD88, 0xFD67, 0xFD67, 0xFD67, 0xFD67, 0xFD88, 0xF589, 0xFD68, 0xFD67,
 0xFD68, 0xFD67, 0xFD67, 0xF569, 0xF589, 0xFD67, 0xFD67, 0xF548, 0xFD47, 0xFD87, 0xF589, 0xF569, 0xFD48, 0xFD67, 0xFD68, 0xFD67,
 0xF588, 0xF589, 0xFD68, 0xFD47, 0xFD48, 0xFD48, 0xFD68, 0xF589, 0xFD89, 0xFD67, 0xFD48, 0xFD68, 0xFD47, 0xFD68, 0xF589, 0xFD68,
 0xFD67, 0xF548, 0xFD48, 0xFD48, 0xF589, 0xF589, 0xFD68, 0xFD48, 0xFD68, 0xFD67, 0xFD67, 0xF56A, 0xFD88, 0xFD67, 0xFD67, 0xFD67,
 0xFD67, 0xFD88, 0xF589, 0xFD68, 0xFD67, 0xFD68, 0xFD67, 0xFD67, 0xF569, 0xF589, 0xFD67, 0xF567, 0xF548, 0xFD67, 0xFD88, 0xF58A,
 0xFD68, 0xFD47, 0xFD67, 0xFD68, 0xFD67, 0xF589, 0xF589, 0xFD68, 0xFD47, 0xFD48, 0xFD48, 0xFD68, 0xF589, 0xFD89, 0xFD67, 0xFD68,
 0xFD48, 0xFD47, 0xFD68, 0xF569, 0xFD68, 0xFD67, 0xF548, 0xFD48, 0xFD48, 0xF589, 0xF569, 0xFD68, 0xFD48, 0xFD48, 0xFD67, 0xFD68,
 0xF56A, 0xFD88, 0xFD67, 0xFD67, 0xFD67, 0xFD67, 0xFD89, 0xF589, 0xFD68, 0xFD67, 0xFD68, 0xFD67, 0xFD68, 0xF569, 0xF569, 0xFD67,
 0xFDEC, 0xF589, 0xFDAB, 0xFDED, 0xFDAA, 0xFD89, 0xFDEC, 0xFDCB, 0xF569, 0xFDCC, 0xFDEC, 0xF589, 0xFDAA, 0xFDEC, 0xFDAA, 0xFD89,
 0xFDED, 0xFDAB, 0xFD69, 0xFDCB, 0xFDEB, 0xFD68, 0xFDAB, 0xFDED, 0xFD8A, 0xFD89, 0xFDEC, 0xFDCA, 0xF589, 0xFDEB, 0xFDEB, 0xFD68,
 0xFDAB, 0xFDEC, 0xFD89, 0xFDAA, 0xFDEC, 0xFDAB, 0xF589, 0xFDEC, 0xFDCC, 0xFD68, 0xFDCB, 0xFDEC, 0xFD89, 0xFDAA, 0xFDEC, 0xFDAA,
 0xFD89, 0xFDEC, 0xFDCB, 0xFD68, 0xFDCB, 0xFDEC, 0xF569, 0xFDAB, 0xFDED, 0xFDAA, 0xFD89, 0xFDEC, 0xFDCA, 0xF569, 0xFDCC, 0xFDCC,
 0xF569, 0xFDAA, 0xFDEC, 0xFD89, 0xFD8A, 0xFDED, 0xFDAB, 0xFD69, 0xFDEC, 0xFDEB, 0xFD68, 0xFDCB, 0xFDED, 0xFD89, 0xFDA9, 0xFDEC,
 0xFDAA, 0xF589, 0xFDEB, 0xFDEB, 0xFD68, 0xFDCB, 0xFDCC, 0xFD69, 0xFDAA, 0xFDEC, 0xFDAA, 0xF589, 0xFDEC, 0xFDCB, 0xF568, 0xFDEC,
 0xFDEC, 0xFD69, 0xFDAA, 0xFDEC, 0xFD8A, 0xFD89, 0xFDED, 0xFDCB, 0xFD68, 0xFDEB, 0xFDCC, 0xF569, 0xFDAC, 0xFDED, 0xFD89, 0xFD89,
 0xFDEC, 0xFDCA, 0xF569, 0xFDEC, 0xFDCC, 0xF568, 0xFDCB, 0xFDEC, 0xF589, 0xFDAA, 0xFDED, 0xFDAA, 0xFD69, 0xFDEC, 0xFDCB, 0xFD68,
 0xFE0D, 0xF589, 0xFDCB, 0xFE2E, 0xFDCB, 0xF58A, 0xFE0E, 0xFDEC, 0xF569, 0xFDED, 0xFE0D, 0xF589, 0xFDCB, 0xFE0E, 0xFDAB, 0xF58A,
 0xFE0E, 0xFDEC, 0xFD68, 0xFE0D, 0xFE0D, 0xF589, 0xFDCB, 0xFE0E, 0xF5AA, 0xF5AA, 0xFE0E, 0xFDEB, 0xF589, 0xFE0D, 0xFDED, 0xF569,
 0xFDEC, 0xFE0E, 0xFD8A, 0xFDAA, 0xFE0E, 0xFDCB, 0xF589, 0xFE0E, 0xFDED, 0xFD69, 0xFDEC, 0xFE0E, 0xFD89, 0xFDCB, 0xFE2E, 0xFDAB,
 0xF58A, 0xFE0E, 0xFDED, 0xF569, 0xFDED, 0xFE0D, 0xF589, 0xFDCB, 0xFE0D, 0xFDAA, 0xFD8A, 0xFE0E, 0xFDEC, 0xF569, 0xFE0D, 0xFE0D,
 0xF589, 0xFDCC, 0xFE0E, 0xF5AB, 0xFDAA, 0xFE0E, 0xFDCC, 0xFD89, 0xFE0D, 0xFE0D, 0xF569, 0xFDEC, 0xFE0E, 0xF58A, 0xFDAB, 0xFE0E,
 0xFDCB, 0xF589, 0xFE0E, 0xFDED, 0xF569, 0xFDED, 0xFE0D, 0xFD8A, 0xFDCB, 0xFE0E, 0xFDAB, 0xF58A, 0xFE0E, 0xFDCD, 0xF569, 0xFE0D,
 0xFE0D, 0xFD89, 0xFDCB, 0xFE2E, 0xF5AB, 0xFD8A, 0xFE0E, 0xFDEC, 0xF569, 0xFE0D, 0xFE0D, 0xF589, 0xFDEC, 0xFE0D, 0xF5AA, 0xFDAB,
 0xFE0E, 0xFDCB, 0xF569, 0xFE0D, 0xFE0D, 0xF589, 0xFDEC, 0xFE0E, 0xF58A, 0xFDAA, 0xFE0E, 0xFDCB, 0xFD89, 0xFE0D, 0xFDEC, 0xF569,
 0xFD8A, 0xFD68, 0xFD88, 0xFDAA, 0xFD89, 0xFD68, 0xFD8A, 0xFD89, 0xFD68, 0xFD89, 0xFDAA, 0xFD68, 0xFD89, 0xF5AA, 0xF588, 0xFD68,
 0xFDAA, 0xFD89, 0xFD67, 0xFD8A, 0xFD89, 0xFD68, 0xFD89, 0xFDAA, 0xFD68, 0xFD68, 0xFDAA, 0xFD89, 0xFD68, 0xFDAA, 0xFD8A, 0xFD68,
 0xFD89, 0xFDAA, 0xFD68, 0xFD89, 0xFDAA, 0xFD89, 0xFD68, 0xFD8A, 0xFD89, 0xFD68, 0xFD89, 0xFDAA, 0xFD69, 0xFD69, 0xFDA9, 0xFD89,
 0xFD68, 0xFDAA, 0xFD8A, 0xFD68, 0xFD89, 0xFD8A, 0xFD67, 0xFD89, 0xFDAA, 0xFD88, 0xFD88, 0xFD8A, 0xFD89, 0xFD68, 0xFDAA, 0xFDAA,
 0xFD68, 0xF589, 0xF5AA, 0xF568, 0xFD88, 0xFDAA, 0xFD89, 0xFD68, 0xFD8A, 0xFD89, 0xFD68, 0xFD89, 0xFDAA, 0xFD68, 0xFD88, 0xFDAA,
 0xFD69, 0xFD68, 0xFDAA, 0xFD8A, 0xFD68, 0xFD89, 0xFD8A, 0xFD68, 0xFD89, 0xFDAA, 0xFD89, 0xFD68, 0xFD8A, 0xFD89, 0xFD68, 0xFD8A,
 0xFDAA, 0xFD69, 0xFD69, 0xFDA9, 0xFD68, 0xFD68, 0xFDAA, 0xFD89, 0xFD68, 0xFD89, 0xFD8A, 0xFD67, 0xFD89, 0xFDAA, 0xFD88, 0xFD88,
 0xFD8A, 0xFD89, 0xFD68, 0xFDAA, 0xFD8A, 0xFD68, 0xFD89, 0xF5AA, 0xF568, 0xFD88, 0xFDAA, 0xFD88, 0xFD68, 0xFD8A, 0xFD89, 0xFD68,
 0xFDAA, 0xFD68, 0xFD47, 0xFD47, 0xFD46, 0xFD88, 0xFDAA, 0xFDA9, 0xFD67, 0xFD47, 0xFD46, 0xFD46, 0xFD89, 0xFDAB, 0xFD89, 0xFD46,
 0xFD46, 0xFD47, 0xFD67, 0xFD8A, 0xFDAA, 0xFD68, 0xFD47, 0xFD46, 0xFD46, 0xFD89, 0xFDAA, 0xFD89, 0xFD47, 0xFD46, 0xFD46, 0xFD67,
 0xFDAA, 0xFDAA, 0xFD88, 0xFD47, 0xFD47, 0xFD47, 0xFD68, 0xFDAA, 0xFDAA, 0xFD67, 0xFD47, 0xFD47, 0xFD47, 0xFD89, 0xFDAA, 0xFD89,
 0xFD47, 0xFD46, 0xFD47, 0xFD67, 0xFDAA, 0xFDAA, 0xFD68, 0xFD47, 0xFD47, 0xFD46, 0xFD88, 0xFDAA, 0xFDA9, 0xFD47, 0xFD47, 0xFD46,
 0xFD47, 0xFD89, 0xFDAB, 0xFD88, 0xFD46, 0xFD46, 0xFD47, 0xFD68, 0xFDAA, 0xFDAA, 0xFD67, 0xFD47, 0xFD46, 0xFD46, 0xFD89, 0xFDAA,
 0xFD89, 0xFD47, 0xFD46, 0xFD46, 0xFD67, 0xFDAA, 0xFDAA, 0xFD68, 0xFD47, 0xFD47, 0xFD47, 0xFD68, 0xFDAA, 0xFDAA, 0xFD47, 0xFD47,
 0xFD47, 0xFD47, 0xFD89, 0xFDAA, 0xFD89, 0xFD46, 0xFD46, 0xFD47, 0xFD68, 0xFDAA, 0xFDAA, 0xFD67, 0xFD47, 0xFD47, 0xFD46, 0xFD89,
 0xFDAA, 0xFDA8, 0xFD47, 0xFD47, 0xFD46, 0xFD47, 0xFD8A, 0xFDAA, 0xFD88, 0xFD46, 0xFD46, 0xFD47, 0xFD68, 0xFDAA, 0xFDAA, 0xFD67,
 0xFE0E, 0xFDAA, 0xFD47, 0xFD47, 0xFD47, 0xFD8A, 0xFE0E, 0xFE0D, 0xFD48, 0xFD47, 0xFD47, 0xFD47, 0xFDCC, 0xFE0E, 0xFDAB, 0xFD47,
 0xFD47, 0xFD47, 0xFD69, 0xFDEE, 0xFE0E, 0xFD89, 0xFD47, 0xFD67, 0xF547, 0xF5AB, 0xFE0E, 0xFDEC, 0xFD48, 0xFD47, 0xFD47, 0xF568,
 0xFDED, 0xFE0E, 0xFDAA, 0xFD47, 0xFD66, 0xFD47, 0xFD89, 0xFE0E, 0xFDED, 0xFD68, 0xFD47, 0xFD67, 0xFD47, 0xFDCB, 0xFE2E, 0xFDCB,
 0xFD47, 0xFD47, 0xFD47, 0xFD68, 0xFDEE, 0xFE0E, 0xFD89, 0xFD47, 0xFD47, 0xFD47, 0xFDAA, 0xFE0E, 0xFE0C, 0xFD48, 0xFD47, 0xFD47,
 0xFD48, 0xFDEC, 0xFE0E, 0xFDAB, 0xFD47, 0xFD47, 0xFD47, 0xFD69, 0xFE0E, 0xFE0D, 0xFD68, 0xFD47, 0xFD67, 0xF547, 0xF5CC, 0xFE0E,
 0xFDCB, 0xFD48, 0xFD47, 0xFD47, 0xF568, 0xFE0D, 0xFE0E, 0xFD8A, 0xFD46, 0xFD66, 0xFD47, 0xFDA9, 0xFE0E, 0xFDED, 0xFD68, 0xFD67,
 0xFD67, 0xFD67, 0xFDEC, 0xFE2E, 0xFDAB, 0xFD47, 0xFD47, 0xFD47, 0xFD69, 0xFE0E, 0xFE0D, 0xFD89, 0xFD47, 0xFD47, 0xFD47, 0xFDAB,
 0xFE0E, 0xFDEC, 0xFD48, 0xFD47, 0xFD47, 0xFD48, 0xFDED, 0xFE0E, 0xFD8A, 0xFD47, 0xFD47, 0xFD47, 0xFD8A, 0xFE0E, 0xFE0D, 0xFD67,
 0xFDCB, 0xFD88, 0xFD46, 0xFD47, 0xFD47, 0xFD88, 0xFDAB, 0xFDAA, 0xFD67, 0xFD47, 0xFD47, 0xFD47, 0xFDA9, 0xFDCB, 0xFD89, 0xFD47,
 0xFD47, 0xFD46, 0xFD67, 0xFDAB, 0xFDCB, 0xFD88, 0xFD47, 0xFD47, 0xFD46, 0xFD89, 0xFDCB, 0xFDA9, 0xFD67, 0xFD47, 0xFD46, 0xFD67,
 0xFDAA, 0xFDCB, 0xFD89, 0xFD47, 0xFD47, 0xFD47, 0xFD88, 0xFDCB, 0xFDAB, 0xFD67, 0xFD47, 0xFD47, 0xFD47, 0xFDA9, 0xFDCB, 0xFDA9,
 0xFD46, 0xFD47, 0xFD46, 0xFD67, 0xFDAB, 0xFDCB, 0xFD87, 0xFD46, 0xFD47, 0xFD47, 0xFD88, 0xFDAB, 0xFDAA, 0xFD47, 0xFD47, 0xFD47,
 0xFD47, 0xFDAA, 0xFDCB, 0xFD89, 0xFD47, 0xFD47, 0xFD46, 0xFD68, 0xFDAB, 0xFDCB, 0xFD67, 0xFD47, 0xFD47, 0xFD46, 0xFD89, 0xFDCB,
 0xFDA9, 0xFD47, 0xFD47, 0xFD46, 0xFD67, 0xFDAA, 0xFDCB, 0xFD88, 0xFD47, 0xFD47, 0xFD47, 0xFD88, 0xFDCB, 0xFDAA, 0xFD67, 0xFD47,
 0xFD47, 0xFD47, 0xFDA9, 0xFDCB, 0xFD89, 0xFD46, 0xFD47, 0xFD46, 0xFD68, 0xFDAB, 0xFDCB, 0xFD87, 0xFD46, 0xFD47, 0xFD47, 0xFD89,
 0xFDCB, 0xFDAA, 0xFD47, 0xFD47, 0xFD47, 0xFD47, 0xFDAA, 0xFDCB, 0xFD89, 0xFD46, 0xFD47, 0xFD46, 0xFD88, 0xFDCB, 0xFDCA, 0xFD67,
 0xF589, 0xFD67, 0xFD68, 0xFD89, 0xFD68, 0xFD47, 0xF569, 0xFD68, 0xFD47, 0xFD89, 0xFD89, 0xFD48, 0xFD68, 0xF589, 0xFD68, 0xFD68,
 0xFD89, 0xFD88, 0xFD67, 0xFD69, 0xF589, 0xFD67, 0xFD88, 0xFD89, 0xFD68, 0xFD67, 0xF569, 0xFD68, 0xFD48, 0xFD89, 0xFD89, 0xFD48,
 0xF569, 0xF569, 0xFD68, 0xFD68, 0xFD89, 0xFD68, 0xF568, 0xF589, 0xF569, 0xFD68, 0xFD89, 0xFD89, 0xFD68, 0xFD68, 0xF589, 0xFD68,
 0xFD68, 0xFD89, 0xFD89, 0xFD47, 0xF569, 0xF589, 0xFD47, 0xFD68, 0xFD89, 0xFD68, 0xFD48, 0xF569, 0xFD68, 0xFD47, 0xFD89, 0xFD89,
 0xFD48, 0xFD68, 0xF589, 0xFD68, 0xFD68, 0xFD89, 0xFD88, 0xFD67, 0xFD69, 0xF569, 0xFD67, 0xFD89, 0xFD89, 0xFD68, 0xFD68, 0xF56A,
 0xFD68, 0xFD68, 0xFD89, 0xFD89, 0xFD48, 0xF569, 0xF569, 0xFD68, 0xFD68, 0xFD89, 0xFD68, 0xF568, 0xF589, 0xFD69, 0xFD68, 0xFD89,
 0xFD89, 0xFD68, 0xFD68, 0xF589, 0xFD68, 0xFD68, 0xFD89, 0xFD69, 0xFD47, 0xF569, 0xF589, 0xFD67, 0xFD68, 0xFD89, 0xFD68, 0xFD48,
 0xF569, 0xFD68, 0xFD68, 0xFD89, 0xFD89, 0xFD48, 0xFD88, 0xF589, 0xFD68, 0xFD68, 0xFD89, 0xFD88, 0xFD68, 0xFD6A, 0xF569, 0xFD67,
 0xFE0D, 0xFD89, 0xFDAA, 0xFE2D, 0xFDCB, 0xFD69, 0xFE0D, 0xFDEC, 0xFD69, 0xFDEC, 0xFE0D, 0xFD69, 0xFDCB, 0xFE2D, 0xFDAA, 0xF589,
 0xFE0D, 0xFDEB, 0xF568, 0xFDED, 0xFE0D, 0xFD89, 0xFDCB, 0xFE0D, 0xFDAA, 0xFDA9, 0xFE0E, 0xFDEB, 0xF589, 0xFE0D, 0xFDED, 0xFD69,
 0xFDEB, 0xFE0D, 0xFD8A, 0xFDAA, 0xFE2D, 0xFDCB, 0xF589, 0xFE0D, 0xFDEC, 0xF569, 0xFDEC, 0xFE0D, 0xFD89, 0xFDAB, 0xFE0D, 0xFDAB,
 0xFD89, 0xFE0E, 0xFDEC, 0xFD68, 0xFE0C, 0xFE0D, 0xFD89, 0xFDCB, 0xFE2D, 0xFDAA, 0xFD89, 0xFE0D, 0xFDEB, 0xFD69, 0xFE0C, 0xFE0C,
 0xF569, 0xFDCB, 0xFE2D, 0xF58A, 0xFDAA, 0xFE0D, 0xFDCB, 0xF569, 0xFDED, 0xFDEC, 0xFD69, 0xFDEC, 0xFE0D, 0xF589, 0xFDAA, 0xFE0E,
 0xFDCB, 0xFD89, 0xFE0D, 0xFDEC, 0xF568, 0xFDEC, 0xFE0D, 0xFD89, 0xFDCA, 0xFE0D, 0xFDAA, 0xF589, 0xFE0D, 0xFDEC, 0xF569, 0xFE0C,
 0xFE0D, 0xFD69, 0xFDCB, 0xFE0D, 0xFDAA, 0xFD8A, 0xFE0E, 0xFDEB, 0xFD68, 0xFE0C, 0xFE0D, 0xFD69, 0xFDCB, 0xFE0D, 0xFD8A, 0xFD8A,
 0xFE0D, 0xFDCB, 0xF569, 0xFE0D, 0xFE0C, 0xF569, 0xFDEC, 0xFE0D, 0xF58A, 0xFDAA, 0xFE0D, 0xFDCA, 0xF589, 0xFE0D, 0xFDEC, 0xFD68,
 0xFDEC, 0xFD89, 0xFDAA, 0xFDED, 0xFDAA, 0xFD89, 0xFDED, 0xFDEB, 0xFD68, 0xFDEC, 0xFE0C, 0xFD69, 0xFDAA, 0xFE0D, 0xFDAA, 0xFD89,
 0xFDED, 0xFDCB, 0xF568, 0xFDCC, 0xFDEC, 0xFD68, 0xFDCB, 0xFE0D, 0xFD8A, 0xFDA9, 0xFDED, 0xFDCB, 0xF569, 0xFDEC, 0xFDEC, 0xFD88,
 0xFDCB, 0xFDED, 0xFD89, 0xFDAA, 0xFDED, 0xFDAB, 0xFD68, 0xFDEC, 0xFDCC, 0xFD68, 0xFDCC, 0xFDED, 0xFD89, 0xFDAA, 0xFDED, 0xFDAA,
 0xFD89, 0xFE0D, 0xFDEB, 0xF569, 0xFDEC, 0xFDEC, 0xFD69, 0xFDAB, 0xFDED, 0xFDAA, 0xFD89, 0xFDED, 0xFDCB, 0xFD68, 0xFDEC, 0xFDEC,
 0xFD69, 0xFDCB, 0xFDEC, 0xFD89, 0xFD89, 0xFDED, 0xFDCB, 0xFD68, 0xFDEC, 0xFDEC, 0xF568, 0xFDCB, 0xFDED, 0xFD89, 0xFDAA, 0xFE0D,
 0xFDAA, 0xF569, 0xFDEC, 0xFDEC, 0xFD68, 0xFDCB, 0xFDEC, 0xFD89, 0xFDAA, 0xFDED, 0xFDAA, 0xFD89, 0xFDEC, 0xFDCB, 0xFD68, 0xFDEC,
 0xFDEC, 0xFD68, 0xFDAB, 0xFDED, 0xFD8A, 0xFD89, 0xFE0D, 0xFDCB, 0xF569, 0xFDEC, 0xFDEC, 0xFD68, 0xFDCB, 0xFDED, 0xFD89, 0xFDA9,
 0xFDED, 0xFDCA, 0xFD69, 0xFDEC, 0xFDEC, 0xFD69, 0xFDCB, 0xFDEC, 0xFD89, 0xFDAA, 0xFDED, 0xFDAA, 0xFD89, 0xFDED, 0xFDEB, 0xFD68,
 0xFD68, 0xFD48, 0xFD48, 0xFD68, 0xFD67, 0xFD67, 0xFD68, 0xFD68, 0xFD47, 0xFD48, 0xFD68, 0xFD47, 0xFD68, 0xFD68, 0xFD68, 0xFD67,
 0xFD68, 0xFD68, 0xFD47, 0xF568, 0xFD69, 0xFD48, 0xFD67, 0xFD68, 0xFD68, 0xFD48, 0xFD68, 0xFD68, 0xFD48, 0xFD68, 0xFD68, 0xFD67,
 0xFD68, 0xFD68, 0xFD47, 0xFD47, 0xFD68, 0xFD48, 0xFD47, 0xFD68, 0xFD68, 0xFD47, 0xFD68, 0xFD68, 0xFD47, 0xFD68, 0xFD68, 0xFD68,
 0xFD67, 0xFD68, 0xFD68, 0xFD48, 0xFD69, 0xFD68, 0xFD48, 0xFD68, 0xFD68, 0xFD67, 0xFD67, 0xFD68, 0xFD68, 0xFD47, 0xFD68, 0xFD68,
 0xFD47, 0xFD68, 0xFD68, 0xFD67, 0xFD67, 0xFD68, 0xFD68, 0xFD47, 0xF568, 0xFD69, 0xFD47, 0xFD68, 0xFD68, 0xFD68, 0xFD68, 0xFD68,
 0xFD68, 0xFD48, 0xFD68, 0xFD68, 0xFD67, 0xFD68, 0xFD68, 0xFD47, 0xFD48, 0xFD68, 0xFD48, 0xFD67, 0xFD68, 0xFD68, 0xFD47, 0xFD68,
 0xFD68, 0xFD67, 0xFD68, 0xFD68, 0xFD68, 0xFD67, 0xFD68, 0xFD68, 0xFD48, 0xFD69, 0xFD68, 0xFD48, 0xFD68, 0xFD68, 0xFD67, 0xFD68,
 0xFD68, 0xFD68, 0xFD47, 0xFD68, 0xFD68, 0xFD47, 0xFD68, 0xFD68, 0xFD67, 0xFD67, 0xFD68, 0xFD68, 0xFD48, 0xF568, 0xFD68, 0xFD47,
 0xFDEC, 0xFD89, 0xFD47, 0xFD47, 0xFD47, 0xFD89, 0xFDEC, 0xFDCB, 0xFD68, 0xFD47, 0xFD47, 0xFD47, 0xFDAA, 0xFDEC, 0xFDAA, 0xFD47,
 0xFD47, 0xFD47, 0xFD68, 0xFDCC, 0xFDCC, 0xF569, 0xFD47, 0xFD66, 0xFD47, 0xFD8A, 0xFDEC, 0xFDCA, 0xFD47, 0xFD47, 0xFD47, 0xFD67,
 0xFDCB, 0xFDEC, 0xFD8A, 0xFD47, 0xFD47, 0xFD47, 0xFD88, 0xFDEC, 0xFDCB, 0xFD68, 0xFD47, 0xFD47, 0xFD47, 0xFDAA, 0xFDEC, 0xFDAA,
 0xFD47, 0xFD47, 0xFD47, 0xFD48, 0xFDCB, 0xFDEC, 0xFD69, 0xFD47, 0xFD47, 0xFD47, 0xFD8A, 0xFDEC, 0xFDCA, 0xFD47, 0xFD47, 0xFD47,
 0xFD47, 0xFDCB, 0xFDEC, 0xFD89, 0xFD47, 0xFD47, 0xFD47, 0xFD69, 0xFDEC, 0xFDCC, 0xF568, 0xFD47, 0xFD66, 0xFD47, 0xFDAA, 0xFDEC,
 0xFDAA, 0xFD47, 0xFD47, 0xFD47, 0xFD67, 0xFDCB, 0xFDCC, 0xFD69, 0xFD47, 0xFD47, 0xFD47, 0xFD89, 0xFDEC, 0xFDAB, 0xFD48, 0xFD47,
 0xFD47, 0xFD47, 0xFDCA, 0xFDEC, 0xFD89, 0xFD47, 0xFD47, 0xFD47, 0xFD68, 0xFDCC, 0xFDEC, 0xFD68, 0xFD47, 0xFD47, 0xFD47, 0xFD8A,
 0xFDEC, 0xFDCA, 0xFD47, 0xFD47, 0xFD47, 0xFD48, 0xFDCB, 0xFDEC, 0xFD89, 0xFD47, 0xFD47, 0xFD47, 0xFD69, 0xFDEC, 0xFDCB, 0xF568,
 0xFE0D, 0xFD89, 0xFD47, 0xFD47, 0xFD47, 0xF589, 0xFE0D, 0xFDEB, 0xFD68, 0xFD47, 0xFD67, 0xFD47, 0xFDCB, 0xFE0D, 0xFDCB, 0xFD47,
 0xFD67, 0xFD47, 0xFD68, 0xFDEC, 0xFE0D, 0xF589, 0xFD47, 0xFD67, 0xFD47, 0xFDAA, 0xFE0D, 0xFDEB, 0xFD47, 0xFD47, 0xFD47, 0xFD47,
 0xFDEC, 0xFE0D, 0xFD8A, 0xFD47, 0xFD47, 0xFD47, 0xFD89, 0xFE0D, 0xFDED, 0xFD68, 0xFD47, 0xFD47, 0xFD47, 0xFDCB, 0xFE0D, 0xFDCA,
 0xFD47, 0xFD47, 0xFD47, 0xFD48, 0xFDEC, 0xFE0D, 0xFD89, 0xFD47, 0xFD47, 0xFD47, 0xFD8A, 0xFE0D, 0xFDEB, 0xFD47, 0xFD47, 0xFD67,
 0xFD47, 0xFDCB, 0xFE0D, 0xFDAA, 0xFD47, 0xFD67, 0xFD47, 0xFD69, 0xFE0D, 0xFE0C, 0xF568, 0xFD47, 0xFD67, 0xFD47, 0xFDAB, 0xFE0D,
 0xFDCB, 0xFD47, 0xFD47, 0xFD47, 0xFD48, 0xFDEC, 0xFE0D, 0xFD89, 0xFD47, 0xFD47, 0xFD47, 0xFD89, 0xFE0D, 0xFDEC, 0xFD48, 0xFD47,
 0xFD47, 0xFD47, 0xFDCB, 0xFE0D, 0xFDAA, 0xFD47, 0xFD47, 0xFD47, 0xFD68, 0xFE0D, 0xFE0C, 0xFD68, 0xFD47, 0xFD47, 0xFD47, 0xFDAA,
 0xFE0D, 0xFDCB, 0xFD47, 0xFD47, 0xFD67, 0xFD48, 0xFDEC, 0xFE0D, 0xFD89, 0xFD47, 0xFD67, 0xFD47, 0xFD89, 0xFE0D, 0xFDEC, 0xF568,
 0xFD89, 0xFD67, 0xFD47, 0xFD47, 0xFD47, 0xFD67, 0xFD89, 0xFD88, 0xFD47, 0xFD47, 0xFD47, 0xFD47, 0xFD68, 0xFD89, 0xFD68, 0xFD47,
 0xFD47, 0xFD47, 0xFD67, 0xFD89, 0xF589, 0xFD67, 0xFD47, 0xFD47, 0xFD47, 0xFD68, 0xFD69, 0xFD68, 0xFD47, 0xFD47, 0xFD47, 0xFD47,
 0xFD69, 0xF589, 0xFD68, 0xFD47, 0xFD47, 0xFD47, 0xFD48, 0xFD89, 0xFD88, 0xFD48, 0xFD47, 0xFD47, 0xFD47, 0xFD69, 0xFD69, 0xFD68,
 0xFD47, 0xFD47, 0xFD47, 0xFD47, 0xFD69, 0xFD89, 0xFD67, 0xFD47, 0xFD47, 0xFD47, 0xFD68, 0xFD89, 0xFD68, 0xFD47, 0xFD47, 0xFD47,
 0xFD47, 0xFD68, 0xFD89, 0xFD68, 0xFD47, 0xFD47, 0xFD47, 0xFD67, 0xF589, 0xF589, 0xFD67, 0xFD47, 0xFD47, 0xFD47, 0xFD68, 0xFD69,
 0xFD68, 0xFD47, 0xFD47, 0xFD47, 0xFD47, 0xF569, 0xFD89, 0xFD67, 0xFD47, 0xFD47, 0xFD47, 0xFD48, 0xFD89, 0xFD68, 0xFD48, 0xFD47,
 0xFD47, 0xFD47, 0xFD69, 0xF569, 0xFD68, 0xFD47, 0xFD47, 0xFD47, 0xFD47, 0xFD69, 0xFD89, 0xFD67, 0xFD47, 0xFD47, 0xFD47, 0xFD68,
 0xFD89, 0xFD68, 0xFD47, 0xFD47, 0xFD47, 0xFD47, 0xFD68, 0xFD89, 0xFD67, 0xFD47, 0xFD47, 0xFD47, 0xFD67, 0xF589, 0xF589, 0xFD67,
 0xFDAA, 0xFD68, 0xFD89, 0xFDCB, 0xFD89, 0xFD68, 0xFDAA, 0xFDA9, 0xFD47, 0xFDAA, 0xFDAA, 0xFD68, 0xFD89, 0xFDAA, 0xFD68, 0xFD68,
 0xFDCB, 0xFDAA, 0xFD67, 0xFDAA, 0xFDAA, 0xFD67, 0xFD89, 0xFDAB, 0xFD68, 0xFD68, 0xFDAB, 0xFD89, 0xFD68, 0xFDAA, 0xFDAA, 0xFD68,
 0xFD8A, 0xFDAB, 0xFD68, 0xFD88, 0xFDCB, 0xFD89, 0xFD68, 0xFDAA, 0xFD8A, 0xFD48, 0xFDAA, 0xFDCB, 0xFD68, 0xFD89, 0xFDAB, 0xFD89,
 0xFD68, 0xFDCA, 0xFDAA, 0xFD67, 0xFD8A, 0xFDAA, 0xFD67, 0xFD89, 0xFDCB, 0xFD89, 0xFD68, 0xFDAB, 0xFDA9, 0xFD48, 0xFDAA, 0xFDAA,
 0xFD68, 0xFD89, 0xFDAA, 0xFD68, 0xFD68, 0xFDCB, 0xFD89, 0xFD67, 0xFDAA, 0xFDAA, 0xFD67, 0xFDA9, 0xFDAB, 0xFD68, 0xFD88, 0xFDAB,
 0xFD89, 0xFD68, 0xFDCA, 0xFDAA, 0xFD67, 0xFDAA, 0xFDAB, 0xFD68, 0xFD89, 0xFDCB, 0xFD89, 0xFD68, 0xFDAA, 0xFD8A, 0xFD48, 0xFDAA,
 0xFDAB, 0xFD68, 0xFD89, 0xFDAB, 0xFD89, 0xFD88, 0xFDCB, 0xFD89, 0xFD68, 0xFDAA, 0xFDAA, 0xFD67, 0xFD89, 0xFDCB, 0xFD68, 0xFD88,
 0xFDAB, 0xFD89, 0xFD48, 0xFDAA, 0xFDAA, 0xFD67, 0xFD89, 0xFDAA, 0xFD68, 0xFD88, 0xFDCB, 0xFD89, 0xFD67, 0xFDAA, 0xFDAA, 0xFD67,
 0xFE0D, 0xFD89, 0xFDAA, 0xFE2E, 0xFDAB, 0xFD69, 0xFE2E, 0xFE0C, 0xFD68, 0xFDED, 0xFE0E, 0xF588, 0xFDCB, 0xFE0E, 0xF5AA, 0xF589,
 0xFE2E, 0xFDEC, 0xF568, 0xFDED, 0xFE0D, 0xF568, 0xFDCB, 0xFE0E, 0xF58A, 0xF589, 0xFE0E, 0xFDCB, 0xF569, 0xFE0D, 0xFE0D, 0xFD68,
 0xFDCC, 0xFE2E, 0xF589, 0xFDAA, 0xFE0F, 0xFDAB, 0xFD68, 0xFE0E, 0xFDED, 0xFD68, 0xFDEC, 0xFE0F, 0xFD69, 0xFDAA, 0xFE2E, 0xFDAA,
 0xFD89, 0xFE0E, 0xFDEC, 0xF568, 0xFDEC, 0xFE0D, 0xFD69, 0xFDAB, 0xFE2E, 0xFD8A, 0xFD89, 0xFE2E, 0xFDEB, 0xFD68, 0xFDED, 0xFE0D,
 0xF568, 0xFDCB, 0xFE0E, 0xF58A, 0xF5A9, 0xFE2E, 0xFDCB, 0xF568, 0xFE0D, 0xFE0C, 0xF568, 0xFDEC, 0xFE0E, 0xF589, 0xFDAA, 0xFE0E,
 0xFDAB, 0xF569, 0xFE0D, 0xFDEC, 0xFD68, 0xFDED, 0xFE0E, 0xF588, 0xFDAB, 0xFE0F, 0xFDAA, 0xFD88, 0xFE0E, 0xFDCC, 0xFD68, 0xFE0D,
 0xFE0E, 0xFD68, 0xFDCB, 0xFE2D, 0xFDAA, 0xFD89, 0xFE0E, 0xFDCB, 0xF568, 0xFE0D, 0xFE0D, 0xFD69, 0xFDCB, 0xFE0E, 0xFD8A, 0xFDAA,
 0xFE2E, 0xFDCA, 0xFD68, 0xFE0E, 0xFDED, 0xF568, 0xFDEC, 0xFE0E, 0xF589, 0xF5AA, 0xFE2E, 0xFDAA, 0xF569, 0xFE0D, 0xFDEC, 0xF568,
 0xFDAA, 0xFD68, 0xFD68, 0xFDAA, 0xFD69, 0xFD68, 0xFDAB, 0xFDA9, 0xFD48, 0xFD89, 0xFDAA, 0xFD48, 0xFD89, 0xFDCA, 0xFD68, 0xFD68,
 0xFDAA, 0xFD8A, 0xFD67, 0xFDAA, 0xFDAA, 0xFD68, 0xFD89, 0xFDAA, 0xFD68, 0xFD68, 0xFDAB, 0xFD89, 0xFD68, 0xFD8A, 0xFD8A, 0xFD48,
 0xFD89, 0xFDAA, 0xFD68, 0xFD68, 0xFDAA, 0xFD69, 0xF548, 0xFDAA, 0xFDAA, 0xFD48, 0xFD89, 0xFDAA, 0xFD68, 0xFD69, 0xFDAA, 0xFD89,
 0xFD68, 0xFDAA, 0xFD89, 0xFD48, 0xFDAA, 0xFDAA, 0xFD67, 0xFD89, 0xFDAA, 0xFD68, 0xFD68, 0xFDAB, 0xFDA9, 0xFD48, 0xFDAA, 0xFDAA,
 0xFD48, 0xFD89, 0xFDCA, 0xFD68, 0xFD68, 0xFDAA, 0xFD89, 0xFD67, 0xFDAA, 0xFDAA, 0xFD68, 0xFD89, 0xFDAA, 0xFD68, 0xFD88, 0xFDAB,
 0xFD89, 0xFD68, 0xFDAA, 0xFD89, 0xFD48, 0xFDAA, 0xFDAA, 0xFD48, 0xFD89, 0xFDAA, 0xFD69, 0xF568, 0xFDAA, 0xFD89, 0xFD48, 0xFD8A,
 0xFDAA, 0xFD48, 0xFD89, 0xFDAA, 0xFD69, 0xFD68, 0xFDAA, 0xFD89, 0xFD48, 0xFDAA, 0xFDAA, 0xFD67, 0xFD89, 0xFDAA, 0xFD68, 0xFD68,
 0xFDAB, 0xFD89, 0xFD48, 0xFDAA, 0xFDA9, 0xFD48, 0xFDA9, 0xFDAA, 0xFD68, 0xFD68, 0xFDAB, 0xFD69, 0xFD68, 0xFDAA, 0xFDAA, 0xFD47,
 0xFD47, 0xFD47, 0xFD68, 0xFD69, 0xFD68, 0xFD47, 0xFD47, 0xFD47, 0xFD47, 0xFD68, 0xFD89, 0xFD68, 0xFD47, 0xFD47, 0xFD47, 0xFD67,
 0xF589, 0xFD68, 0xFD47, 0xFD47, 0xFD47, 0xFD47, 0xFD68, 0xF569, 0xFD68, 0xFD47, 0xFD47, 0xFD47, 0xFD48, 0xF569, 0xFD69, 0xFD67,
 0xFD47, 0xFD47, 0xFD47, 0xFD68, 0xFD89, 0xFD69, 0xFD47, 0xFD47, 0xFD47, 0xFD47, 0xF569, 0xFD88, 0xFD48, 0xFD47, 0xFD47, 0xFD47,
 0xFD68, 0xF589, 0xFD69, 0xFD48, 0xFD47, 0xFD47, 0xFD47, 0xFD68, 0xFD69, 0xFD68, 0xFD47, 0xFD47, 0xFD47, 0xFD47, 0xFD69, 0xFD88,
 0xFD67, 0xFD47, 0xFD47, 0xFD47, 0xFD67, 0xF589, 0xFD68, 0xFD47, 0xFD47, 0xFD47, 0xFD47, 0xFD68, 0xF569, 0xFD68, 0xFD47, 0xFD47,
 0xFD47, 0xFD68, 0xF569, 0xFD69, 0xFD67, 0xFD47, 0xFD47, 0xFD47, 0xFD68, 0xF569, 0xFD69, 0xFD47, 0xFD47, 0xFD47, 0xFD48, 0xF569,
 0xFD88, 0xFD48, 0xFD47, 0xFD47, 0xFD47, 0xFD68, 0xF589, 0xFD69, 0xFD47, 0xFD47, 0xFD47, 0xFD47, 0xFD68, 0xFD69, 0xFD68, 0xFD47,
 0xFD47, 0xFD47, 0xFD47, 0xFD69, 0xFD68, 0xFD47, 0xFD47, 0xFD47, 0xFD47, 0xFD68, 0xF589, 0xFD68, 0xFD47, 0xFD47, 0xFD47, 0xFD47,
 0xFD67, 0xFD47, 0xFDAB, 0xFE0D, 0xFDAB, 0xFD47, 0xFD67, 0xFD67, 0xFD48, 0xFDEC, 0xFE0D, 0xFD89, 0xFD47, 0xFD47, 0xFD47, 0xFD89,
 0xFE0D, 0xFDEC, 0xF548, 0xFD47, 0xFD67, 0xFD47, 0xFDCB, 0xFE2D, 0xFDAA, 0xFD47, 0xFD47, 0xFD47, 0xFD68, 0xFE0C, 0xFDED, 0xFD68,
 0xFD47, 0xFD47, 0xFD47, 0xFDAA, 0xFE0E, 0xFDCB, 0xFD47, 0xFD47, 0xFD47, 0xFD47, 0xFDEC, 0xFE0E, 0xFD89, 0xFD46, 0xFD47, 0xFD47,
 0xFD89, 0xFE0D, 0xFDEC, 0xFD48, 0xFD47, 0xFD67, 0xFD47, 0xFDCB, 0xFE0D, 0xFDAA, 0xFD47, 0xFD67, 0xFD47, 0xFD68, 0xFDED, 0xFE0D,
 0xFD68, 0xFD47, 0xFD47, 0xFD47, 0xFDAA, 0xFE0D, 0xFDCB, 0xF548, 0xFD47, 0xFD47, 0xFD67, 0xFDEB, 0xFE0D, 0xFD89, 0xFD47, 0xFD47,
 0xFD47, 0xFD89, 0xFE0D, 0xFDEC, 0xFD68, 0xFD47, 0xFD47, 0xFD47, 0xFDCB, 0xFE0E, 0xFDAA, 0xFD47, 0xFD47, 0xFD47, 0xFD68, 0xFDED,
 0xFDEE, 0xFD68, 0xFD46, 0xFD47, 0xFD47, 0xFDA9, 0xFE0D, 0xFDCC, 0xFD48, 0xFD47, 0xFD67, 0xFD48, 0xFDCC, 0xFE0D, 0xFD8A, 0xFD47,
 0xFD67, 0xFD47, 0xFD69, 0xFE0D, 0xFDEC, 0xFD68, 0xFD47, 0xFD47, 0xFD47, 0xFDAA, 0xFE0E, 0xFDAB, 0xFD47, 0xFD47, 0xFD47, 0xFD68,
 0xFD67, 0xFD47, 0xFD8A, 0xFDEC, 0xFDAA, 0xFD47, 0xFD67, 0xFD67, 0xFD48, 0xFDCB, 0xFDEC, 0xFD68, 0xFD47, 0xFD47, 0xFD47, 0xFD69,
 0xFDEC, 0xFDAB, 0xFD48, 0xFD47, 0xFD47, 0xFD47, 0xFDAA, 0xFDEC, 0xFD89, 0xFD47, 0xFD47, 0xFD47, 0xFD68, 0xFDEB, 0xFDCB, 0xFD68,
 0xFD47, 0xFD47, 0xFD47, 0xFD89, 0xFDEC, 0xFDAA, 0xFD47, 0xFD47, 0xFD47, 0xFD47, 0xFDCB, 0xFDEC, 0xFD68, 0xFD46, 0xFD47, 0xFD47,
 0xFD88, 0xFDEC, 0xFDCB, 0xFD48, 0xFD47, 0xFD67, 0xFD47, 0xFDAA, 0xFDEC, 0xFD8A, 0xFD47, 0xFD67, 0xFD47, 0xFD68, 0xFDCB, 0xFDCB,
 0xFD68, 0xFD47, 0xFD47, 0xFD47, 0xFD89, 0xFDEC, 0xFDAB, 0xFD47, 0xFD47, 0xFD47, 0xFD47, 0xFDAA, 0xFDEC, 0xFD89, 0xFD47, 0xFD47,
 0xFD47, 0xFD68, 0xFDEB, 0xFDCB, 0xFD68, 0xFD47, 0xFD47, 0xFD47, 0xFDAA, 0xFDEC, 0xFD8A, 0xFD47, 0xFD47, 0xFD47, 0xFD67, 0xFDCB,
 0xFDCC, 0xFD68, 0xFD46, 0xFD47, 0xFD47, 0xFD89, 0xFDEC, 0xFDAB, 0xFD47, 0xFD47, 0xFD67, 0xFD47, 0xFDAB, 0xFDEC, 0xFD89, 0xFD47,
 0xFD67, 0xFD47, 0xFD68, 0xFDCC, 0xFDCB, 0xFD68, 0xFD47, 0xFD47, 0xFD47, 0xFD8A, 0xFDEC, 0xFDAA, 0xFD47, 0xFD47, 0xFD47, 0xFD48,
 0xFD67, 0xFD47, 0xFD47, 0xFD48, 0xFD47, 0xFD47, 0xFD47, 0xFD47, 0xFD46, 0xF548, 0xF548, 0xFD47, 0xFD47, 0xFD48, 0xFD47, 0xFD46,
 0xF548, 0xF547, 0xFD47, 0xFD47, 0xFD47, 0xFD47, 0xFD47, 0xFD48, 0xF547, 0xFD47, 0xFD48, 0xFD47, 0xFD46, 0xF568, 0xFD48, 0xFD47,
 0xFD47, 0xFD47, 0xFD46, 0xFD47, 0xFD48, 0xFD47, 0xFD47, 0xFD47, 0xFD47, 0xFD47, 0xFD47, 0xFD47, 0xFD47, 0xFD47, 0xFD67, 0xFD47,
 0xFD47, 0xFD48, 0xF548, 0xFD27, 0xFD47, 0xFD67, 0xFD47, 0xFD47, 0xFD48, 0xFD47, 0xFD47, 0xFD47, 0xFD47, 0xFD27, 0xF548, 0xF548,
 0xFD47, 0xFD47, 0xFD48, 0xFD47, 0xFD47, 0xF548, 0xFD47, 0xFD47, 0xFD47, 0xFD47, 0xFD47, 0xFD47, 0xF548, 0xF527, 0xFD47, 0xFD48,
 0xFD47, 0xFD47, 0xFD68, 0xFD48, 0xFD47, 0xFD47, 0xFD47, 0xFD46, 0xFD47, 0xFD48, 0xFD47, 0xFD47, 0xFD47, 0xFD47, 0xFD47, 0xFD47,
 0xFD47, 0xFD27, 0xFD47, 0xFD67, 0xFD47, 0xFD47, 0xFD48, 0xF547, 0xFD27, 0xFD47, 0xFD67, 0xFD47, 0xFD48, 0xF548, 0xFD48, 0xFD47,
 0xFD68, 0xFD67, 0xFD47, 0xF548, 0xF548, 0xFD47, 0xFD48, 0xF568, 0xFD67, 0xFD67, 0xF549, 0xFD48, 0xFD47, 0xFD68, 0xFD68, 0xFD47,
 0xFE0E, 0xFDCD, 0xFDED, 0xFE0E, 0xFDED, 0xF5CD, 0xFE0E, 0xFE0D, 0xF5CC, 0xFE0E, 0xFE0E, 0xFDCC, 0xFDED, 0xFE0E, 0xFDED, 0xFDCC,
 0xFE0E, 0xFE0D, 0xF5CC, 0xFE0E, 0xFE0E, 0xF5CD, 0xFDED, 0xFE0E, 0xFDEC, 0xFDED, 0xFE0E, 0xFDED, 0xFDCC, 0xFE0D, 0xFE0E, 0xF5CC,
 0xFE0D, 0xFE2E, 0xFDEC, 0xFDEC, 0xFE0E, 0xFDED, 0xFDEC, 0xFE0E, 0xFE0E, 0xF5CC, 0xFE0D, 0xFE0E, 0xF5CC, 0xFDED, 0xFE2E, 0xFDED,
 0xFDCC, 0xFE0E, 0xFDED, 0xF5CC, 0xFE0D, 0xFE0E, 0xF5CC, 0xFDED, 0xFE0E, 0xFDCD, 0xF5CD, 0xFE0E, 0xFDED, 0xF5CC, 0xFE0E, 0xFE0E,
 0xFDCC, 0xFDED, 0xFE0E, 0xFDEC, 0xFDEC, 0xFE0E, 0xFDED, 0xF5CC, 0xFE0E, 0xFE0E, 0xF5CD, 0xFDED, 0xFE0E, 0xFDEC, 0xFDED, 0xFE0E,
 0xFDED, 0xFDCC, 0xFE0E, 0xFE0E, 0xF5CC, 0xFE0E, 0xFE0E, 0xF5CC, 0xFDED, 0xFE0E, 0xFDEC, 0xFDEC, 0xFE0E, 0xFE0E, 0xF5CB, 0xFE0D,
 0xFE0E, 0xF5CC, 0xFDED, 0xFE2E, 0xFDEC, 0xFDEC, 0xFE0E, 0xFDED, 0xFDCC, 0xFE0E, 0xFE0E, 0xF5CC, 0xFE0D, 0xFE0C, 0xFD69, 0xFD89,
 0xFE0C, 0xFDAA, 0xFD68, 0xFDEC, 0xFDCB, 0xF547, 0xFDCB, 0xFDEC, 0xF568, 0xFDA9, 0xFDED, 0xFDAA, 0xFD68, 0xFDEC, 0xFDCB, 0xFD47,
 0xFE51, 0xFE71, 0xFE71, 0xFE51, 0xFE71, 0xFE71, 0xFE51, 0xFE71, 0xFE71, 0xFE52, 0xFE51, 0xFE71, 0xFE71, 0xFE51, 0xFE71, 0xFE71,
 0xFE71, 0xFE71, 0xFE71, 0xFE71, 0xFE71, 0xFE71, 0xFE71, 0xFE51, 0xFE71, 0xFE71, 0xFE51, 0xFE71, 0xFE71, 0xFE71, 0xFE71, 0xFE71,
 0xFE71, 0xFE71, 0xFE71, 0xFE71, 0xFE71, 0xFE71, 0xFE71, 0xFE71, 0xFE71, 0xFE71, 0xFE71, 0xFE51, 0xFE71, 0xFE71, 0xFE71, 0xFE71,
 0xFE71, 0xFE51, 0xFE51, 0xFE71, 0xFE51, 0xFE51, 0xFE71, 0xFE71, 0xFE51, 0xFE71, 0xFE71, 0xFE51, 0xFE71, 0xFE71, 0xFE51, 0xFE51,
 0xFE71, 0xFE71, 0xFE51, 0xFE71, 0xFE71, 0xFE71, 0xFE71, 0xFE71, 0xFE71, 0xFE51, 0xFE71, 0xFE71, 0xFE51, 0xFE71, 0xFE71, 0xFE51,
 0xFE71, 0xFE71, 0xFE71, 0xFE71, 0xFE71, 0xFE71, 0xFE71, 0xFE71, 0xFE71, 0xFE71, 0xFE71, 0xFE71, 0xFE71, 0xFE71, 0xFE71, 0xFE71,
 0xFE51, 0xFE71, 0xFE71, 0xFE71, 0xFE71, 0xFE71, 0xFE71, 0xFE71, 0xFE71, 0xFE51, 0xFE51, 0xFE72, 0xFE71, 0xFE2E, 0xFD69, 0xF58A,
 0xFE0D, 0xFDCA, 0xF549, 0xFDED, 0xFDEC, 0xF568, 0xFDCB, 0xFE0D, 0xF569, 0xFD8A, 0xFE0D, 0xFDAA, 0xF569, 0xFDED, 0xFDEC, 0xFD48,
 0xFE51, 0xFE51, 0xFE51, 0xFE51, 0xFE51, 0xFE51, 0xFE51, 0xFE51, 0xFE51, 0xFE51, 0xFE51, 0xFE51, 0xFE51, 0xFE51, 0xFE51, 0xFE51,
 0xFE51, 0xFE51, 0xFE51, 0xFE51, 0xFE51, 0xFE51, 0xFE51, 0xFE51, 0xFE51, 0xFE51, 0xFE51, 0xFE51, 0xFE51, 0xFE51, 0xFE51, 0xFE51,
 0xFE50, 0xFE50, 0xFE51, 0xFE51, 0xFE51, 0xFE51, 0xFE51, 0xFE51, 0xFE51, 0xFE51, 0xFE51, 0xFE51, 0xFE51, 0xFE51, 0xFE51, 0xFE51,
 0xFE51, 0xFE51, 0xFE51, 0xFE51, 0xFE51, 0xFE51, 0xFE51, 0xFE51, 0xFE51, 0xFE51, 0xFE51, 0xFE51, 0xFE51, 0xFE51, 0xFE51, 0xFE51,
 0xFE51, 0xFE51, 0xFE51, 0xFE51, 0xFE51, 0xFE51, 0xFE51, 0xFE51, 0xFE51, 0xFE51, 0xFE51, 0xFE51, 0xFE51, 0xFE51, 0xFE51, 0xFE51,
 0xFE51, 0xFE51, 0xFE51, 0xFE51, 0xFE51, 0xFE70, 0xFE51, 0xFE51, 0xFE51, 0xFE51, 0xFE51, 0xFE51, 0xFE51, 0xFE51, 0xFE51, 0xFE51,
 0xFE51, 0xFE51, 0xFE51, 0xFE51, 0xFE51, 0xFE51, 0xFE51, 0xFE51, 0xFE31, 0xFE51, 0xFE51, 0xFE52, 0xFE51, 0xF5AB, 0xFD46, 0xFD67,
 0xF569, 0xFD68, 0xFD47, 0xFD68, 0xFD68, 0xFD48, 0xFD68, 0xFD68, 0xFD47, 0xFD48, 0xF569, 0xFD68, 0xFD47, 0xFD69, 0xF568, 0xFD47,
 0xFE51, 0xFE72, 0xFED5, 0xFED5, 0xFE93, 0xFE31, 0xFE51, 0xFE51, 0xFE51, 0xFE51, 0xFE51, 0xFE51, 0xFE52, 0xFED4, 0xFED5, 0xFE93,
 0xFE51, 0xFE51, 0xFE51, 0xFE51, 0xFE51, 0xFEB4, 0xFED5, 0xFEB5, 0xFEB5, 0xFED5, 0xFED5, 0xFED5, 0xFED5, 0xFED5, 0xFED5, 0xFED5,
 0xFED5, 0xFED5, 0xFED5, 0xFED5, 0xFED5, 0xFED5, 0xFED5, 0xFED5, 0xFED5, 0xFED5, 0xFED5, 0xFED5, 0xFED5, 0xFED5, 0xFED5, 0xFED5,
 0xFED5, 0xFED5, 0xFED5, 0xFE93, 0xFE31, 0xFE51, 0xFE51, 0xFE51, 0xFE52, 0xFEB4, 0xFED5, 0xFE93, 0xFE51, 0xFE51, 0xFE51, 0xFE51,
 0xFE51, 0xFEB4, 0xFED5, 0xFEB4, 0xF651, 0xFE51, 0xFE72, 0xFED4, 0xFED5, 0xFED5, 0xFED5, 0xFED5, 0xFED5, 0xFED5, 0xFED5, 0xFED5,
 0xFED5, 0xFED5, 0xFED5, 0xFED5, 0xFE93, 0xFE31, 0xFE51, 0xFE94, 0xFED5, 0xFED4, 0xFED4, 0xFED5, 0xFEB3, 0xFE51, 0xFE51, 0xFE51,
 0xFE50, 0xFE51, 0xFE51, 0xFE51, 0xFE51, 0xFE51, 0xFE51, 0xFE72, 0xFED5, 0xFEF5, 0xF630, 0xF56A, 0xFDEC, 0xFDCB, 0xFD68, 0xFD47,
 0xFD47, 0xFD67, 0xFD67, 0xFDAA, 0xFDAA, 0xFD67, 0xFD47, 0xFD47, 0xFD47, 0xFD89, 0xFDCB, 0xFD89, 0xFD46, 0xFD47, 0xFD47, 0xFD47,
 0xFE51, 0xF673, 0xFF17, 0xFF17, 0xFEB4, 0xFE50, 0xFE50, 0xFE51, 0xFE51, 0xFE51, 0xFE51, 0xFE30, 0xFE72, 0xFF16, 0xFF17, 0xFED4,
 0xFE50, 0xFE50, 0xFE50, 0xFE51, 0xF652, 0xFED6, 0xFF17, 0xFF17, 0xFF17, 0xFF16, 0xFF16, 0xFF16, 0xFF16, 0xFF16, 0xFF16, 0xFF16,
 0xFF16, 0xFF16, 0xFF16, 0xFF16, 0xFF16, 0xFF16, 0xFF16, 0xFF16, 0xFF16, 0xFF16, 0xFF16, 0xFF16, 0xFF16, 0xFF16, 0xFF16, 0xFF16,
 0xFF16, 0xFEF7, 0xFF17, 0xFEB3, 0xFE50, 0xFE50, 0xFE51, 0xFE51, 0xFE72, 0xFF16, 0xF717, 0xFED5, 0xF651, 0xFE50, 0xFE50, 0xFE50,
 0xFE50, 0xFED5, 0xFF17, 0xFEF5, 0xFE71, 0xFE50, 0xFE92, 0xFF16, 0xFF17, 0xFF17, 0xFF16, 0xFF16, 0xFF16, 0xFF16, 0xFF16, 0xFF16,
 0xFF16, 0xFF16, 0xFF16, 0xFF17, 0xFEB4, 0xFE30, 0xFE51, 0xFED5, 0xFF16, 0xFF16, 0xFF17, 0xFF17, 0xFED5, 0xFE51, 0xFE50, 0xFE51,
 0xFE50, 0xFE50, 0xFE51, 0xFE51, 0xFE51, 0xFE51, 0xFE50, 0xFE72, 0xFF17, 0xF738, 0xF64F, 0xF525, 0xFDAB, 0xFE2D, 0xFD8A, 0xFD47,
 0xFD67, 0xFD47, 0xFD68, 0xFE0D, 0xFDEC, 0xFD68, 0xFD47, 0xFD67, 0xFD47, 0xFDAA, 0xFE2E, 0xFDAA, 0xFD47, 0xFD67, 0xFD47, 0xFD48,
 0xFE51, 0xFE72, 0xFEF6, 0xFEF6, 0xFEB4, 0xF651, 0xFE71, 0xFE71, 0xFE71, 0xFE71, 0xFE52, 0xF652, 0xF673, 0xFF16, 0xFF17, 0xFED5,
 0xF652, 0xF672, 0xFE51, 0xFE50, 0xFE51, 0xFED5, 0xFEF6, 0xFEF6, 0xFEF6, 0xFEF6, 0xFEF6, 0xFEF6, 0xFEF6, 0xFEF6, 0xFEF6, 0xFEF6,
 0xFEF6, 0xFEF6, 0xFEF6, 0xFEF6, 0xFEF6, 0xFEF6, 0xFEF6, 0xFEF6, 0xFEF6, 0xFEF6, 0xFEF6, 0xFEF6, 0xFEF6, 0xFEF6, 0xFEF6, 0xFEF6,
 0xFEF6, 0xFEF6, 0xFEF7, 0xFEB4, 0xF651, 0xFE71, 0xFE51, 0xFE51, 0xFE51, 0xFEF5, 0xFF16, 0xFED4, 0xFE51, 0xFE51, 0xFE51, 0xFE71,
 0xF651, 0xFED5, 0xFF17, 0xFEF6, 0xF672, 0xFE51, 0xF693, 0xFF16, 0xFEF7, 0xFEF6, 0xFEF6, 0xFEF6, 0xFEF6, 0xFEF6, 0xFEF6, 0xFEF6,
 0xFEF6, 0xFEF6, 0xFEF6, 0xFF16, 0xFE94, 0xFE51, 0xFE52, 0xFED5, 0xFF16, 0xFEF6, 0xFEF6, 0xFEF6, 0xFED4, 0xF651, 0xFE51, 0xFE71,
 0xF652, 0xF672, 0xFE51, 0xFE51, 0xFE51, 0xFE51, 0xFE51, 0xFE53, 0xFED5, 0xF715, 0xF62E, 0xF526, 0xFD69, 0xFDAA, 0xFD68, 0xFD47,
 0xFD47, 0xFD47, 0xFD48, 0xFD8A, 0xFD89, 0xFD48, 0xFD47, 0xFD47, 0xFD47, 0xFD68, 0xFD8A, 0xFD68, 0xFD47, 0xFD46, 0xFD47, 0xFD48,
 0xFE51, 0xFE51, 0xFE71, 0xFE51, 0xFE93, 0xFEF6, 0xFEF6, 0xFEF6, 0xFEF6, 0xFEF6, 0xFF7A, 0xFFBB, 0xFF9C, 0xFFBC, 0xFFBC, 0xFF9C,
 0xFF9C, 0xFFBC, 0xF6D5, 0xFE31, 0xFE51, 0xFE51, 0xFE51, 0xFE72, 0xFEF6, 0xFEF6, 0xFEF6, 0xFEF6, 0xFEF6, 0xFEF6, 0xFF16, 0xFEF6,
 0xFEF6, 0xFEF6, 0xFEF6, 0xFEF6, 0xFEF6, 0xFEF6, 0xFEF6, 0xFEF6, 0xFEF6, 0xFEF6, 0xFEF6, 0xFEF6, 0xFEF6, 0xFEF6, 0xFEF6, 0xFEF6,
 0xFEF6, 0xFEF6, 0xFEF7, 0xFEF6, 0xFEF6, 0xFEF5, 0xFE72, 0xFE51, 0xFE51, 0xFE52, 0xFE71, 0xFE71, 0xFE51, 0xFE51, 0xFE93, 0xFEF6,
 0xFEF5, 0xFEF6, 0xFEF7, 0xFEF6, 0xFEF6, 0xFEF6, 0xFEF6, 0xFEF6, 0xFEF6, 0xFEF6, 0xFEF6, 0xFEF6, 0xFEF6, 0xFEF6, 0xFEF6, 0xFEF6,
 0xFEF6, 0xFEF6, 0xFEF6, 0xFEF6, 0xFEF6, 0xFEF5, 0xFEF5, 0xFEF6, 0xFEF6, 0xFEF5, 0xFE72, 0xFE51, 0xFE92, 0xFEF5, 0xFED5, 0xF738,
 0xFFBC, 0xFFBC, 0xFEB4, 0xFE30, 0xFE51, 0xFE51, 0xFE71, 0xFE0F, 0xED69, 0xF5AA, 0xF58A, 0xFD47, 0xFD46, 0xFD46, 0xFD47, 0xFD68,
 0xFD89, 0xFD68, 0xFD47, 0xFD47, 0xFD47, 0xFD47, 0xFD89, 0xFD89, 0xFD68, 0xFD46, 0xFD47, 0xFD47, 0xFD68, 0xFD89, 0xFD69, 0xFD47,
 0xFE50, 0xFE51, 0xFE31, 0xFE30, 0xFE93, 0xFEF7, 0xFEF6, 0xFEF6, 0xFEF6, 0xFEF7, 0xFFBC, 0xFFDD, 0xFFBD, 0xFFDE, 0xFFBE, 0xFFBE,
 0xFFDF, 0xFFFF, 0xF6D6, 0xFE30, 0xFE51, 0xFE51, 0xFE30, 0xFE52, 0xFEF6, 0xFEF7, 0xFEF7, 0xFEF7, 0xFF17, 0xFEF6, 0xFEF6, 0xFEF6,
 0xFEF6, 0xFEF6, 0xFEF6, 0xFEF6, 0xFEF6, 0xFEF6, 0xFEF6, 0xFEF6, 0xFEF6, 0xFEF6, 0xFEF6, 0xFEF6, 0xFEF6, 0xFEF6, 0xFEF6, 0xFEF6,
 0xFEF6, 0xFEF6, 0xFEF6, 0xFEF7, 0xFEF7, 0xFEF6, 0xFE72, 0xFE50, 0xFE51, 0xFE51, 0xFE50, 0xFE50, 0xFE51, 0xFE50, 0xFEB4, 0xFF17,
 0xFEF7, 0xFEF6, 0xFEF6, 0xFEF6, 0xFEF7, 0xFEF7, 0xFEF7, 0xFEF6, 0xFEF6, 0xFEF6, 0xFEF6, 0xFEF6, 0xFEF6, 0xFEF6, 0xFEF6, 0xFEF6,
 0xFEF6, 0xFEF6, 0xFEF6, 0xFEF6, 0xFEF6, 0xFEF6, 0xFEF6, 0xFEF6, 0xFEF6, 0xFEF6, 0xFE51, 0xFE30, 0xFE72, 0xFEF6, 0xFEF6, 0xFF5A,
 0xFFDE, 0xFFDD, 0xFEB4, 0xFE0F, 0xFE30, 0xFE71, 0xFE72, 0xFE0F, 0xF548, 0xFDEC, 0xFE0C, 0xFD68, 0xFD47, 0xFD67, 0xFD47, 0xFD8A,
 0xFE2E, 0xFDCB, 0xFD47, 0xFD67, 0xFD67, 0xFD47, 0xFDEC, 0xFE0D, 0xFD89, 0xFD46, 0xFD47, 0xFD47, 0xFD69, 0xFE2D, 0xFDEC, 0xF547,
 0xFE51, 0xFE51, 0xF673, 0xFE72, 0xFEB4, 0xFF39, 0xFF18, 0xFF38, 0xFF38, 0xFF38, 0xFF9C, 0xFFBD, 0xFFBC, 0xFF9B, 0xFF9C, 0xFF7B,
 0xFF5A, 0xFF7A, 0xF6D5, 0xFE52, 0xFE72, 0xFE72, 0xFE72, 0xFE72, 0xFED5, 0xFED5, 0xFED5, 0xFED5, 0xFED5, 0xFED6, 0xFEF7, 0xFEF7,
 0xFEF6, 0xFEF6, 0xFEF6, 0xFEF6, 0xFEF6, 0xFEF6, 0xFEF6, 0xFEF6, 0xFEF6, 0xFEF6, 0xFEF6, 0xFEF6, 0xFEF6, 0xFEF6, 0xFEF6, 0xFEF6,
 0xFEF6, 0xFEF6, 0xFEF6, 0xFEF6, 0xFEF6, 0xFF16, 0xFE93, 0xF672, 0xF672, 0xFE51, 0xFE51, 0xFE50, 0xFE51, 0xFE50, 0xFEB4, 0xFF17,
 0xFEF6, 0xFEF6, 0xFEF6, 0xFEF6, 0xFEF6, 0xFEF6, 0xFEF6, 0xFEF6, 0xFEF6, 0xFEF6, 0xFEF6, 0xFEF6, 0xFEF6, 0xFEF6, 0xFEF6, 0xFEF6,
 0xFEF6, 0xFEF6, 0xFEF6, 0xFEF6, 0xFF17, 0xFF38, 0xFF38, 0xFF17, 0xFEF6, 0xFEF6, 0xFE93, 0xFE72, 0xF693, 0xFEF6, 0xFEF6, 0xFF59,
 0xFFBE, 0xFFBD, 0xFEF6, 0xF694, 0xF694, 0xFE2F, 0xF62F, 0xFDEC, 0xFD47, 0xFDAA, 0xFDCA, 0xFD68, 0xFD47, 0xFD67, 0xFD47, 0xFD69,
 0xFDCB, 0xFD89, 0xFD47, 0xFD47, 0xFD67, 0xFD47, 0xFDAA, 0xFDCB, 0xFD68, 0xFD47, 0xFD47, 0xFD47, 0xFD68, 0xFDCA, 0xFDAA, 0xFD47,
 0xFE50, 0xFE72, 0xFF16, 0xFEF6, 0xFF58, 0xFFDE, 0xFFBD, 0xFFBD, 0xFFBD, 0xFFBD, 0xFFBD, 0xFFBD, 0xFF9C, 0xF6F7, 0xFF16, 0xFEB4,
 0xF631, 0xF631, 0xF6B4, 0xFF16, 0xFEF6, 0xFEF6, 0xFEF7, 0xFEF5, 0xFE51, 0xFE51, 0xFE51, 0xFE51, 0xF651, 0xFEB4, 0xFF17, 0xFEF7,
 0xFEF6, 0xFEF6, 0xFEF6, 0xFEF6, 0xFEF6, 0xFEF6, 0xFEF6, 0xFEF6, 0xFEF6, 0xFEF6, 0xFEF6, 0xFEF6, 0xFEF6, 0xFEF6, 0xFEF6, 0xFEF6,
 0xFEF6, 0xFEF6, 0xFEF6, 0xFEF6, 0xFEF6, 0xFEF6, 0xFEF6, 0xFF16, 0xFEF5, 0xFE71, 0xFE50, 0xFE51, 0xFE51, 0xFE50, 0xFEB4, 0xFF17,
 0xFEF6, 0xFEF6, 0xFEF6, 0xFEF6, 0xFEF6, 0xFEF6, 0xFEF6, 0xFEF6, 0xFEF6, 0xFEF6, 0xFEF6, 0xFEF6, 0xFEF6, 0xFEF6, 0xFEF6, 0xFEF6,
 0xFEF6, 0xFEF6, 0xFEF6, 0xFED6, 0xF759, 0xFFDD, 0xFFDD, 0xFF38, 0xFEF6, 0xFEF6, 0xFF16, 0xFF16, 0xFF16, 0xFF16, 0xFEF5, 0xFF59,
 0xFFDE, 0xFFBD, 0xFFBD, 0xFFDD, 0xFFBB, 0xED8A, 0xF527, 0xF547, 0xFD47, 0xF548, 0xF548, 0xFD47, 0xFD67, 0xFD67, 0xFD47, 0xFD47,
 0xF568, 0xFD67, 0xFD47, 0xFD47, 0xFD67, 0xFD47, 0xF548, 0xF548, 0xFD48, 0xFD47, 0xFD47, 0xFD47, 0xFD47, 0xF568, 0xF567, 0xFD67,
 0xFE71, 0xFE92, 0xFF17, 0xFF17, 0xFF7A, 0xFFFF, 0xFFDF, 0xFFDE, 0xFFFF, 0xFFDF, 0xFFBE, 0xFFDE, 0xFFBB, 0xF6F7, 0xFEF6, 0xFEB4,
 0xFE30, 0xFE2F, 0xFEB4, 0xFEF7, 0xFEF6, 0xFEF6, 0xFF17, 0xFED6, 0xFE51, 0xFE50, 0xFE50, 0xFE50, 0xFE30, 0xFEB4, 0xFF17, 0xFF17,
 0xFEF6, 0xFEF6, 0xFEF7, 0xFEF6, 0xFEF6, 0xFEF6, 0xFEF6, 0xFEF6, 0xFEF6, 0xFEF6, 0xFEF6, 0xFEF6, 0xFEF6, 0xFEF6, 0xFEF6, 0xFEF6,
 0xFEF6, 0xFEF6, 0xFEF6, 0xFEF6, 0xFF17, 0xFF17, 0xFF17, 0xFF17, 0xFEF6, 0xF631, 0xFE30, 0xFE50, 0xFE30, 0xFE2F, 0xFEB3, 0xFF17,
 0xFF17, 0xFF17, 0xFF17, 0xFEF7, 0xFEF6, 0xFEF6, 0xFEF6, 0xFEF6, 0xFEF6, 0xFEF6, 0xFEF6, 0xFEF6, 0xFEF6, 0xFEF6, 0xFEF6, 0xFEF6,
 0xFEF6, 0xFEF6, 0xFEF6, 0xFED6, 0xFF5A, 0xFFDE, 0xFFDD, 0xFF38, 0xFEF6, 0xFEF6, 0xFEF6, 0xFEF6, 0xFEF6, 0xFEF6, 0xFED5, 0xFF7A,
 0xFFFF, 0xFFFE, 0xFFFF, 0xFFFF, 0xFFDD, 0xF58A, 0xFD46, 0xFD47, 0xFD48, 0xFDCC, 0xFDEC, 0xFD68, 0xFD47, 0xFD47, 0xFD47, 0xFD89,
 0xFE0C, 0xFDAA, 0xFD47, 0xFD67, 0xFD67, 0xFD47, 0xFDAB, 0xFDEC, 0xFD68, 0xFD47, 0xFD47, 0xFD47, 0xFD68, 0xFDEC, 0xFDCB, 0xFD48,
 0xFE2E, 0xFDED, 0xF62F, 0xF630, 0xF651, 0xFEB3, 0xFED4, 0xFED4, 0xFE93, 0xFE94, 0xFF39, 0xFF7A, 0xFF59, 0xFEF7, 0xFF16, 0xFED5,
 0xFE94, 0xFE93, 0xFED6, 0xFEF7, 0xFEF6, 0xFEF6, 0xFF16, 0xFEF6, 0xFE93, 0xFEB3, 0xFEB3, 0xFE93, 0xFE93, 0xFE94, 0xFEB4, 0xFEB4,
 0xFEF6, 0xFEF7, 0xFEF7, 0xFEF6, 0xFEF6, 0xFEF6, 0xFEF6, 0xFEF6, 0xFEF6, 0xFEF6, 0xFEF6, 0xFEF6, 0xFEF6, 0xFEF6, 0xFEF6, 0xFEF6,
 0xFEF6, 0xFEF6, 0xFEF6, 0xFED5, 0xFEB4, 0xFEB4, 0xFEB4, 0xFEB4, 0xFEB4, 0xF6F6, 0xF6F7, 0xF6F7, 0xF6F7, 0xF6F6, 0xFED5, 0xFEB4,
 0xFEB4, 0xFEB4, 0xFEB3, 0xFEB4, 0xFEF6, 0xFEF6, 0xFEF6, 0xFEF6, 0xFEF6, 0xFEF6, 0xFEF6, 0xFEF6, 0xFEF6, 0xFEF6, 0xFEF6, 0xFF59,
 0xF75A, 0xFF5A, 0xFF5A, 0xFF5A, 0xFF59, 0xFF5A, 0xFF7A, 0xFF17, 0xFEF6, 0xFEF7, 0xFF39, 0xFF5A, 0xFF5A, 0xFF5A, 0xF75A, 0xEEF7,
 0xF692, 0xF693, 0xF6D4, 0xFEF5, 0xF694, 0xF569, 0xFD47, 0xFD47, 0xFD68, 0xFDEB, 0xFDEC, 0xF548, 0xFD47, 0xFD47, 0xFD47, 0xFD89,
 0xFDEC, 0xFDAA, 0xFD48, 0xFD48, 0xFD47, 0xFD47, 0xFDCA, 0xFE0C, 0xFD88, 0xFD47, 0xFD47, 0xFD48, 0xF569, 0xFE0C, 0xFDCB, 0xFD48,
 0xFD47, 0xFD46, 0xFD26, 0xFD26, 0xFD26, 0xF526, 0xF527, 0xFD26, 0xFD25, 0xFD26, 0xFEB3, 0xFEF7, 0xFEF6, 0xFEF6, 0xFEF6, 0xFEF7,
 0xFEF7, 0xFF17, 0xFEF7, 0xFEF6, 0xFEF6, 0xFEF6, 0xFEF6, 0xFEF6, 0xFF16, 0xFF16, 0xFF16, 0xFF17, 0xFF17, 0xFE93, 0xFE30, 0xFE31,
 0xFED5, 0xFEF7, 0xFEF6, 0xFEF6, 0xFEF6, 0xFEF6, 0xFEF6, 0xFEF6, 0xFEF6, 0xFEF6, 0xFEF6, 0xFEF6, 0xFEF6, 0xFEF6, 0xFEF6, 0xFEF6,
 0xFEF6, 0xFEF6, 0xFF17, 0xFE94, 0xFE30, 0xFE50, 0xFE50, 0xFE30, 0xF672, 0xFFDC, 0xFFDE, 0xFFDE, 0xFFFD, 0xFFFE, 0xF6F7, 0xFE30,
 0xFE50, 0xFE50, 0xFE50, 0xF651, 0xFEF5, 0xFEF6, 0xFEF6, 0xFEF6, 0xFEF6, 0xFEF6, 0xFEF6, 0xFEF6, 0xFEF6, 0xFEF6, 0xF6F7, 0xFFBC,
 0xFFDE, 0xFFDD, 0xFFDD, 0xFFDE, 0xF75A, 0xF6D6, 0xFEF6, 0xFEF6, 0xFEF6, 0xF6F7, 0xFFBC, 0xFFDE, 0xFFDE, 0xFFDE, 0xFFFF, 0xEE92,
 0xF4E4, 0xFD06, 0xFD26, 0xFD27, 0xFD26, 0xFD66, 0xFD67, 0xFD47, 0xFD48, 0xFD47, 0xFD47, 0xFD67, 0xFD67, 0xFD67, 0xFD47, 0xFD48,
 0xF568, 0xFD67, 0xFD67, 0xFD47, 0xFD47, 0xFD67, 0xF548, 0xF548, 0xFD48, 0xFD47, 0xFD47, 0xFD67, 0xFD67, 0xFD67, 0xFD47, 0xFD47,
 0xFDAA, 0xFD68, 0xFD66, 0xFD66, 0xFD47, 0xFD48, 0xFDAB, 0xFDAA, 0xFD47, 0xFD48, 0xFED3, 0xFF37, 0xFF16, 0xFEF6, 0xFEF6, 0xFEF6,
 0xFEF6, 0xFEF6, 0xFEF6, 0xFEF6, 0xFEF6, 0xFEF6, 0xFEF6, 0xFEF6, 0xFEF6, 0xFEF6, 0xFEF6, 0xFEF6, 0xFF16, 0xFE93, 0xFE30, 0xFE51,
 0xFED5, 0xFEF7, 0xFEF6, 0xFEF6, 0xFEF6, 0xFEF6, 0xFEF6, 0xFEF6, 0xFEF6, 0xFEF6, 0xFEF6, 0xFEF6, 0xFEF6, 0xFEF6, 0xFEF6, 0xFEF6,
 0xFEF6, 0xFF16, 0xFF17, 0xFE93, 0xF630, 0xFE50, 0xFE50, 0xFE30, 0xEE52, 0xFF9C, 0xFFBE, 0xFFBD, 0xFFDC, 0xFFDE, 0xF6F6, 0xFE30,
 0xFE50, 0xFE50, 0xFE50, 0xFE51, 0xFEF5, 0xFEF6, 0xFEF6, 0xFEF6, 0xFEF6, 0xFEF6, 0xFEF6, 0xFEF6, 0xFEF6, 0xFEF6, 0xF6F7, 0xFFBC,
 0xFFDD, 0xFFDD, 0xFFDD, 0xFFDD, 0xFF5A, 0xFEF6, 0xFEF6, 0xFEF7, 0xFEF6, 0xF6F7, 0xFFDC, 0xFFFE, 0xFFDE, 0xFFDE, 0xFFFF, 0xF6B3,
 0xFD06, 0xFD47, 0xFD89, 0xFDCA, 0xFD88, 0xFD47, 0xFD67, 0xFD47, 0xFD48, 0xFDAA, 0xFDAA, 0xFD47, 0xFD67, 0xFD67, 0xFD47, 0xFD68,
 0xFDCB, 0xFD89, 0xFD47, 0xFD47, 0xFD67, 0xFD47, 0xFD8A, 0xFDCA, 0xFD69, 0xFD47, 0xFD67, 0xFD47, 0xFD68, 0xFDAB, 0xFDAA, 0xFD47,
 0xFE0D, 0xF569, 0xFD47, 0xFD67, 0xFD47, 0xFD68, 0xFE0D, 0xFDEB, 0xFD47, 0xFD47, 0xF5CB, 0xEDAC, 0xF62F, 0xFF16, 0xFEF7, 0xFEF7,
 0xFEF6, 0xFEF6, 0xFEF6, 0xFEF6, 0xFEF6, 0xFF7A, 0xFF7B, 0xFF7B, 0xFF7B, 0xFF7B, 0xFF3A, 0xFEF6, 0xFEF6, 0xFED5, 0xFEB4, 0xFED4,
 0xFEF6, 0xFEF6, 0xFEF6, 0xFEF6, 0xFEF6, 0xFEF6, 0xFEF6, 0xFEF6, 0xFEF6, 0xFEF6, 0xFEF6, 0xFF5A, 0xFF9B, 0xFF7A, 0xFF16, 0xFEF7,
 0xFED5, 0xF673, 0xF673, 0xFEF5, 0xFF79, 0xFF59, 0xFF59, 0xFF58, 0xF759, 0xFFBD, 0xFFBD, 0xFFBD, 0xFFBD, 0xFFDD, 0xFF38, 0xFEB4,
 0xFED5, 0xFED5, 0xFEB5, 0xFED5, 0xFF7A, 0xFF9B, 0xFF7B, 0xFF7B, 0xFF9B, 0xFF39, 0xFEF6, 0xFEF6, 0xFEF6, 0xFEF6, 0xFEF7, 0xF738,
 0xF739, 0xFF39, 0xFF39, 0xFF39, 0xFF18, 0xFEF6, 0xFEF6, 0xFF5A, 0xFF9C, 0xFF79, 0xEE10, 0xF60E, 0xFE92, 0xF651, 0xF60F, 0xF5CB,
 0xFD46, 0xFD27, 0xFDAB, 0xFE2D, 0xFD89, 0xFD47, 0xFD67, 0xFD47, 0xFD68, 0xFDEC, 0xFDEC, 0xF548, 0xFD47, 0xFD67, 0xFD47, 0xFD89,
 0xFE2D, 0xFDCA, 0xFD47, 0xFD47, 0xFD67, 0xFD47, 0xFDCB, 0xFE0D, 0xF569, 0xFD47, 0xFD47, 0xFD47, 0xF588, 0xFE0D, 0xFDCB, 0xFD47,
 0xFD68, 0xFD48, 0xFD47, 0xFD48, 0xFD47, 0xFD47, 0xF568, 0xFD68, 0xFD47, 0xFD47, 0xFD47, 0xFD25, 0xF58A, 0xFEF6, 0xFEF7, 0xFEF6,
 0xFEF6, 0xFEF6, 0xFEF6, 0xFEF6, 0xFEF6, 0xFF9C, 0xFFDE, 0xFFBE, 0xFFBE, 0xFFDE, 0xFF7B, 0xF6F6, 0xFEF6, 0xFEF6, 0xFEF6, 0xFF16,
 0xFF16, 0xFEF6, 0xFEF6, 0xFEF6, 0xFEF6, 0xFEF6, 0xFEF6, 0xFEF6, 0xFEF6, 0xFEF6, 0xFEF6, 0xFF9C, 0xFFDE, 0xFFBD, 0xFEF7, 0xFEF6,
 0xFEB4, 0xFE30, 0xFE2F, 0xFF18, 0xFFFF, 0xFFDE, 0xFFDE, 0xFFDE, 0xFFDD, 0xFFBD, 0xFFBD, 0xFFBC, 0xFFBC, 0xFFBE, 0xFF5A, 0xFEF6,
 0xFF17, 0xFF17, 0xFF16, 0xFF37, 0xFFDD, 0xFFDE, 0xFFDE, 0xFFDE, 0xFFFF, 0xFF7A, 0xFEF6, 0xFEF6, 0xFEF6, 0xFEF6, 0xFEF6, 0xFEF6,
 0xFEF6, 0xFED6, 0xFED6, 0xFED6, 0xFEF5, 0xFEF6, 0xF6F6, 0xFF9B, 0xFFDF, 0xF7BC, 0xED69, 0xFD25, 0xF548, 0xFD27, 0xFD25, 0xFD46,
 0xFD48, 0xFD47, 0xFD67, 0xFD68, 0xFD48, 0xFD47, 0xFD67, 0xFD47, 0xFD47, 0xFD68, 0xFD68, 0xFD47, 0xFD47, 0xFD47, 0xFD47, 0xFD68,
 0xF568, 0xFD68, 0xFD47, 0xFD47, 0xFD67, 0xFD47, 0xFD68, 0xFD68, 0xFD67, 0xFD47, 0xFD48, 0xFD47, 0xFD67, 0xFD68, 0xF568, 0xFD48,
 0xFD89, 0xFD68, 0xFD47, 0xFD47, 0xFD47, 0xFD68, 0xF589, 0xFD68, 0xFD47, 0xFD47, 0xFD47, 0xFD46, 0xF58B, 0xFEF5, 0xFEF5, 0xFEF5,
 0xFEF7, 0xFEF7, 0xFEF7, 0xFEF7, 0xF6F7, 0xFFBB, 0xFFBD, 0xFFBC, 0xFFBD, 0xFFDD, 0xFF7A, 0xFEF6, 0xFEF6, 0xFEF6, 0xFEF7, 0xF6F7,
 0xFEF6, 0xFEF6, 0xFEF6, 0xFEF6, 0xFEF6, 0xFEF6, 0xFEF7, 0xFEF7, 0xFEF7, 0xFEF7, 0xF6F7, 0xFF9B, 0xFFDD, 0xFF9C, 0xFEF7, 0xF6F7,
 0xFEB5, 0xF651, 0xEE51, 0xF718, 0xFFDE, 0xFFBD, 0xFFBD, 0xFFBD, 0xFFBD, 0xFFBD, 0xFFBD, 0xFFBD, 0xFFBD, 0xFFDD, 0xFF59, 0xFED5,
 0xFEF5, 0xFEF6, 0xFEF5, 0xFF16, 0xFF9B, 0xFFBC, 0xFFBB, 0xFFBC, 0xFFBC, 0xFF59, 0xFEF6, 0xFEF6, 0xFEF6, 0xFEF6, 0xFEF6, 0xFEF6,
 0xFEF7, 0xF6F7, 0xF6F7, 0xF6F7, 0xF6F7, 0xF6F7, 0xF6F7, 0xFF7A, 0xF7BC, 0xF799, 0xF58A, 0xFD47, 0xFD89, 0xFD69, 0xFD47, 0xFD47,
 0xFD47, 0xFD47, 0xFD68, 0xFD89, 0xFD68, 0xFD47, 0xFD67, 0xFD47, 0xFD47, 0xFD89, 0xFD89, 0xFD67, 0xFD47, 0xFD47, 0xFD47, 0xFD68,
 0xF589, 0xFD68, 0xFD47, 0xFD47, 0xFD67, 0xFD47, 0xFD69, 0xFD89, 0xFD67, 0xFD47, 0xFD47, 0xFD47, 0xFD67, 0xFD69, 0xFD69, 0xFD48,
 0xFE0D, 0xF569, 0xFD47, 0xFD67, 0xFD47, 0xFD69, 0xFE0D, 0xFDEC, 0xFD48, 0xFD47, 0xFD67, 0xFD47, 0xFDAB, 0xFE2E, 0xED8B, 0xF62F,
 0xFFDD, 0xFF9C, 0xFF9C, 0xFF9C, 0xFF9C, 0xFFBD, 0xFFBD, 0xFFBD, 0xFFDC, 0xFFDE, 0xFF7B, 0xFEF6, 0xF6F6, 0xFF5A, 0xFFBD, 0xFF9C,
 0xFF17, 0xFEF6, 0xFEF7, 0xFEF7, 0xFEF6, 0xFF38, 0xFFBC, 0xFF9C, 0xFF9C, 0xFFBC, 0xFFBC, 0xF738, 0xFEF7, 0xFF17, 0xFFBB, 0xFFBC,
 0xFFBB, 0xFF9B, 0xFF9B, 0xFFBC, 0xFFBD, 0xFFBD, 0xFFBD, 0xFFBD, 0xFFBD, 0xFFBD, 0xFFBD, 0xFFBE, 0xFFBC, 0xFFDF, 0xF673, 0xF548,
 0xF569, 0xF5CC, 0xFE2E, 0xF5AB, 0xF56A, 0xF58B, 0xED8B, 0xED8B, 0xF60E, 0xF693, 0xFEF7, 0xFEF6, 0xFEF6, 0xFEF6, 0xF6F7, 0xFF9B,
 0xFFBC, 0xFF9C, 0xFF9C, 0xFF9C, 0xFF9C, 0xFF9C, 0xFFBD, 0xEE10, 0xED69, 0xF58A, 0xFD48, 0xFD69, 0xFE2D, 0xFDCC, 0xFD47, 0xFD67,
 0xFD67, 0xFD47, 0xFDAB, 0xFE2D, 0xF58A, 0xFD47, 0xFD47, 0xFD47, 0xFD67, 0xFE0D, 0xFDED, 0xF548, 0xFD47, 0xFD67, 0xFD47, 0xFD8A,
 0xFE2D, 0xFDAA, 0xFD47, 0xFD47, 0xFD67, 0xFD47, 0xFDEB, 0xFE2D, 0xFD69, 0xFD47, 0xFD47, 0xFD47, 0xFD68, 0xFE0D, 0xFDEC, 0xFD47,
 0xFDAA, 0xFD68, 0xFD47, 0xFD67, 0xFD47, 0xFD67, 0xFDAA, 0xFD89, 0xFD47, 0xFD47, 0xFD67, 0xFD47, 0xFD88, 0xFDAA, 0xFD27, 0xF62F,
 0xFFFF, 0xFFDF, 0xFFDE, 0xFFDE, 0xFFDE, 0xFFDE, 0xFFDE, 0xFFDE, 0xFFBE, 0xFFDE, 0xFF7A, 0xFEF5, 0xFED5, 0xFF7A, 0xFFDE, 0xFFDE,
 0xF718, 0xFEF6, 0xFEF6, 0xFEF6, 0xFED5, 0xFF39, 0xFFDE, 0xFFDE, 0xFFDE, 0xFFDE, 0xFFDD, 0xFF18, 0xFED5, 0xFF16, 0xFFDD, 0xFFDE,
 0xFFBE, 0xFFBE, 0xFFDE, 0xFFBD, 0xFFBD, 0xFFBD, 0xFFBD, 0xFFBD, 0xFFBD, 0xFFDE, 0xFFDE, 0xFFDD, 0xFFDE, 0xFFFF, 0xF691, 0xFD05,
 0xFD46, 0xFD89, 0xFDAA, 0xFD67, 0xFD46, 0xFD47, 0xFD46, 0xFD47, 0xFD68, 0xFE70, 0xFF38, 0xFF17, 0xFEF5, 0xFEF5, 0xF6F7, 0xFFBC,
 0xFFDE, 0xFFBD, 0xFFBD, 0xFFBD, 0xFFDD, 0xFFDF, 0xFFFF, 0xF5ED, 0xFD05, 0xFD47, 0xFD47, 0xFD68, 0xFDCA, 0xFD89, 0xFD47, 0xFD47,
 0xFD47, 0xFD47, 0xFD88, 0xFDCA, 0xFD68, 0xFD47, 0xFD47, 0xFD47, 0xFD67, 0xFDA9, 0xFDA9, 0xFD48, 0xFD47, 0xFD67, 0xFD47, 0xFD68,
 0xFDAA, 0xFD89, 0xFD47, 0xFD47, 0xFD67, 0xFD47, 0xFD89, 0xFDAA, 0xFD68, 0xFD47, 0xFD47, 0xFD47, 0xFD67, 0xFDAA, 0xFD89, 0xFD47,
 0xFD47, 0xFD47, 0xFD47, 0xFD47, 0xFD67, 0xFD47, 0xF548, 0xFD48, 0xFD67, 0xFD47, 0xFD67, 0xFD67, 0xFD48, 0xFD48, 0xFD46, 0xF60D,
 0xF779, 0xFF38, 0xFF38, 0xFF58, 0xFF59, 0xFF38, 0xFF38, 0xFF39, 0xFF9B, 0xFF9B, 0xFF7A, 0xF718, 0xFF18, 0xFF5A, 0xFF9C, 0xFF9C,
 0xFF18, 0xFEF6, 0xFEF6, 0xFF37, 0xF718, 0xF739, 0xFF9B, 0xFF9B, 0xFF9B, 0xFF9B, 0xFF9B, 0xFF17, 0xFEF6, 0xFF17, 0xFF9B, 0xFF9B,
 0xFF9C, 0xFFBD, 0xFFBD, 0xFFBD, 0xFFBD, 0xFFBD, 0xFFBD, 0xFFBD, 0xFF9D, 0xF739, 0xF738, 0xF758, 0xF739, 0xF759, 0xF64F, 0xFD26,
 0xFD67, 0xFD48, 0xF548, 0xFD47, 0xFD67, 0xFD47, 0xFD67, 0xFD47, 0xFD27, 0xF60D, 0xFEB4, 0xF693, 0xFEF7, 0xFF18, 0xF739, 0xFFBC,
 0xFFBD, 0xFFBD, 0xFFBD, 0xFFBE, 0xF77A, 0xF739, 0xF759, 0xF5CC, 0xFD26, 0xFD47, 0xFD67, 0xFD67, 0xFD48, 0xFD48, 0xFD47, 0xFD47,
 0xFD47, 0xFD47, 0xFD47, 0xF548, 0xFD47, 0xFD47, 0xFD47, 0xFD47, 0xFD67, 0xFD67, 0xFD47, 0xFD47, 0xFD47, 0xFD67, 0xFD67, 0xFD47,
 0xF548, 0xFD47, 0xFD67, 0xFD47, 0xFD67, 0xFD47, 0xFD48, 0xF548, 0xFD47, 0xFD47, 0xFD47, 0xFD47, 0xFD67, 0xFD67, 0xF548, 0xFD47,
 0xFE0C, 0xFD68, 0xFD47, 0xFD67, 0xFD47, 0xFD69, 0xFDEC, 0xFDCB, 0xFD47, 0xFD47, 0xFD67, 0xFD47, 0xFD8A, 0xFDED, 0xFD89, 0xF547,
 0xF548, 0xF547, 0xF548, 0xF5CB, 0xF5CC, 0xF548, 0xFD27, 0xED6A, 0xFEF5, 0xFEF6, 0xF739, 0xFFBD, 0xFFDD, 0xFF59, 0xFED6, 0xFEF6,
 0xFEF6, 0xFEF6, 0xFF17, 0xFFBC, 0xFFDD, 0xFF9A, 0xF6F6, 0xFEF6, 0xFEF6, 0xFEF6, 0xFEF6, 0xFEF6, 0xFEF6, 0xFEF6, 0xFEF7, 0xFEF6,
 0xFF38, 0xFFBD, 0xFFBD, 0xFFBD, 0xFFBD, 0xFFBD, 0xFFBD, 0xFFDE, 0xFF9A, 0xED49, 0xF548, 0xF5ED, 0xF5AB, 0xED47, 0xF547, 0xFD66,
 0xFD47, 0xFDAA, 0xFE0C, 0xF569, 0xFD47, 0xFD47, 0xFD47, 0xFD68, 0xFDEB, 0xFDEB, 0xF547, 0xF526, 0xF717, 0xFFFE, 0xFFBD, 0xFFBD,
 0xFFBD, 0xFFBD, 0xFFBD, 0xFFFF, 0xEE73, 0xED8A, 0xF5EC, 0xF548, 0xFD47, 0xFD47, 0xFD47, 0xFD68, 0xFDEC, 0xFDCB, 0xFD47, 0xFD47,
 0xFD47, 0xFD47, 0xFDAA, 0xFE0C, 0xFD89, 0xFD47, 0xFD47, 0xFD47, 0xFD67, 0xFDEB, 0xFDEC, 0xFD48, 0xFD47, 0xFD67, 0xFD47, 0xFD89,
 0xFE0C, 0xFDAA, 0xFD47, 0xFD47, 0xFD67, 0xFD47, 0xFDAB, 0xFDEC, 0xF569, 0xFD47, 0xFD47, 0xFD48, 0xFD68, 0xFDEC, 0xFDCB, 0xFD47,
 0xFDEB, 0xFD68, 0xFD47, 0xFD47, 0xFD47, 0xFD68, 0xFDEB, 0xFDCA, 0xFD47, 0xFD47, 0xFD47, 0xFD47, 0xFD89, 0xFDEC, 0xF589, 0xFD47,
 0xFD47, 0xFD47, 0xFD47, 0xFDAA, 0xFDCB, 0xFD47, 0xFD26, 0xED8A, 0xFF36, 0xFF17, 0xFF59, 0xFFDE, 0xFFDD, 0xF739, 0xFED6, 0xFEF6,
 0xFEF6, 0xFEF6, 0xFF17, 0xFFBD, 0xFFDE, 0xFF9B, 0xFEF6, 0xFEF6, 0xFEF6, 0xFED6, 0xFEF5, 0xFEF6, 0xFEF6, 0xFEF5, 0xFEF5, 0xFED5,
 0xFF37, 0xFFDD, 0xFFBD, 0xFFBE, 0xFFFF, 0xFFFE, 0xFFFE, 0xFFFF, 0xF7BB, 0xED69, 0xFD67, 0xFDEB, 0xFDA9, 0xFD47, 0xFD47, 0xFD47,
 0xFD47, 0xFDAA, 0xFDEC, 0xFD69, 0xFD47, 0xFD47, 0xFD47, 0xFD68, 0xFDCB, 0xFDCB, 0xFD47, 0xF526, 0xF738, 0xFFFF, 0xFFFF, 0xFFFE,
 0xFFFE, 0xFFFE, 0xFFFE, 0xFFFF, 0xF693, 0xFD88, 0xFDCB, 0xFD67, 0xFD47, 0xFD47, 0xFD47, 0xFD68, 0xFDCB, 0xFDAA, 0xFD47, 0xFD47,
 0xFD47, 0xFD47, 0xFD89, 0xFDEC, 0xFD69, 0xFD47, 0xFD67, 0xFD47, 0xFD48, 0xFDCB, 0xFDCB, 0xFD48, 0xFD47, 0xFD47, 0xFD47, 0xFD89,
 0xFDEC, 0xFDA9, 0xFD47, 0xFD47, 0xFD47, 0xFD47, 0xFDAA, 0xFDEB, 0xF568, 0xFD47, 0xFD47, 0xFD47, 0xFD68, 0xFDCB, 0xFDAA, 0xFD47,
 0xFD47, 0xFD47, 0xFD47, 0xFD47, 0xFD67, 0xFD47, 0xFD48, 0xFD47, 0xFD47, 0xFD47, 0xFD47, 0xFD47, 0xFD47, 0xFD48, 0xFD47, 0xFD47,
 0xFD47, 0xFD47, 0xFD67, 0xFD47, 0xF548, 0xFD67, 0xFD46, 0xF569, 0xF64F, 0xF62F, 0xF6D4, 0xFFDD, 0xFFDD, 0xFF7B, 0xFF39, 0xFF59,
 0xFF17, 0xFEF6, 0xFF17, 0xFF5A, 0xFF7B, 0xFF59, 0xFEF6, 0xFEF6, 0xFF18, 0xFF59, 0xFF59, 0xFF59, 0xFF59, 0xFF59, 0xFF59, 0xFF59,
 0xFF7A, 0xFFBD, 0xFFDE, 0xF738, 0xF6B3, 0xFEB3, 0xFEB4, 0xF6B4, 0xEE92, 0xF568, 0xFD47, 0xF548, 0xFD47, 0xFD47, 0xFD47, 0xFD47,
 0xFD47, 0xFD47, 0xFD48, 0xFD47, 0xFD47, 0xFD47, 0xFD47, 0xFD47, 0xFD47, 0xF548, 0xFD47, 0xFD47, 0xF630, 0xFEB4, 0xFEB3, 0xFEB4,
 0xFEB3, 0xFEB4, 0xFE93, 0xFED4, 0xF60D, 0xF547, 0xFD48, 0xFD47, 0xFD47, 0xFD47, 0xFD47, 0xFD47, 0xFD48, 0xFD47, 0xFD47, 0xFD47,
 0xFD47, 0xFD47, 0xFD67, 0xFD47, 0xFD48, 0xFD47, 0xFD47, 0xFD47, 0xFD47, 0xFD47, 0xFD47, 0xFD47, 0xFD47, 0xFD47, 0xFD67, 0xFD47,
 0xFD48, 0xFD47, 0xFD47, 0xFD47, 0xFD47, 0xFD47, 0xFD47, 0xFD48, 0xFD47, 0xFD47, 0xFD47, 0xFD67, 0xFD47, 0xFD47, 0xF548, 0xFD47,
 0xFD67, 0xFD47, 0xFD68, 0xFDCB, 0xFD88, 0xFD47, 0xFD47, 0xFD67, 0xFD47, 0xFDAA, 0xFDAB, 0xFD48, 0xFD47, 0xFD47, 0xFD47, 0xFD68,
 0xFDCB, 0xFDA9, 0xFD47, 0xFD47, 0xFD47, 0xFD47, 0xFD89, 0xFDAB, 0xFD47, 0xFCE5, 0xEE0E, 0xFFFE, 0xFFBD, 0xFFBD, 0xFFDD, 0xFFDD,
 0xFF18, 0xFEF6, 0xFEF6, 0xFEF6, 0xFED6, 0xFEF6, 0xFEF6, 0xFEF6, 0xFF7A, 0xFFDE, 0xFFDE, 0xFFDE, 0xFFDE, 0xFFDD, 0xFFDE, 0xFFBE,
 0xFFBE, 0xFFBD, 0xFFFF, 0xEE50, 0xF504, 0xFD26, 0xFD06, 0xF548, 0xFDAA, 0xFD88, 0xFD47, 0xFD47, 0xFD47, 0xFD47, 0xFDAA, 0xFDAA,
 0xFD48, 0xFD47, 0xFD47, 0xFD47, 0xFD68, 0xFDCB, 0xFD89, 0xFD47, 0xFD47, 0xFD48, 0xFD47, 0xFD89, 0xFDAA, 0xFD26, 0xFD26, 0xFD26,
 0xFD26, 0xF527, 0xFD8A, 0xF569, 0xF527, 0xFD67, 0xFD47, 0xFD47, 0xFD89, 0xFDCB, 0xFD68, 0xFD47, 0xFD47, 0xFD47, 0xFD47, 0xFDAA,
 0xFDAB, 0xFD48, 0xFD47, 0xFD67, 0xFD47, 0xFD68, 0xFDCB, 0xFD89, 0xFD47, 0xFD47, 0xFD47, 0xFD27, 0xFD89, 0xFDCB, 0xFD68, 0xFD47,
 0xFD47, 0xFD67, 0xFD47, 0xFDAA, 0xFDAA, 0xFD47, 0xFD47, 0xFD47, 0xFD47, 0xFD88, 0xFDCB, 0xFD89, 0xFD47, 0xFD47, 0xFD47, 0xFD67,
 0xFD47, 0xFD47, 0xFD89, 0xFE0C, 0xFD89, 0xFD27, 0xFD47, 0xFD67, 0xFD47, 0xFDCB, 0xFDEC, 0xFD68, 0xFD47, 0xFD47, 0xFD47, 0xFD68,
 0xFE0C, 0xFDAA, 0xFD47, 0xFD47, 0xFD47, 0xFD47, 0xFDAA, 0xFE0D, 0xFD69, 0xFD26, 0xF62F, 0xFFFE, 0xFFDE, 0xFFBE, 0xFFBE, 0xFFBD,
 0xF718, 0xFED6, 0xFED6, 0xFED6, 0xFED6, 0xFED6, 0xFEF6, 0xFED5, 0xFF5A, 0xFFDE, 0xFFBD, 0xFFBD, 0xFFBD, 0xFFBD, 0xFFDD, 0xFFDE,
 0xFFFE, 0xFFFD, 0xFFFF, 0xF672, 0xFD25, 0xFD67, 0xFD47, 0xFDAA, 0xFE0D, 0xFD89, 0xFD47, 0xFD47, 0xFD67, 0xFD47, 0xFDEB, 0xFDEC,
 0xFD48, 0xFD47, 0xFD47, 0xFD47, 0xFD89, 0xFE0C, 0xFDAA, 0xFD47, 0xFD47, 0xFD67, 0xFD47, 0xFDAB, 0xFDED, 0xFD68, 0xFD47, 0xFD47,
 0xFD67, 0xFD48, 0xFDED, 0xFDCB, 0xFD47, 0xFD47, 0xFD67, 0xFD47, 0xFD8A, 0xFE0D, 0xFD89, 0xFD47, 0xFD47, 0xFD47, 0xFD48, 0xFDEB,
 0xFDEC, 0xFD48, 0xFD47, 0xFD47, 0xFD47, 0xFD69, 0xFE0D, 0xFDCA, 0xFD47, 0xFD47, 0xFD47, 0xFD47, 0xFDAA, 0xFE0C, 0xFD68, 0xFD47,
 0xFD47, 0xFD67, 0xFD68, 0xFDEC, 0xFDEB, 0xFD48, 0xFD47, 0xFD47, 0xFD47, 0xFD89, 0xFE0C, 0xFD89, 0xFD47, 0xFD47, 0xFD47, 0xFD47,
 0xFD47, 0xFD47, 0xFD47, 0xF568, 0xFD67, 0xFD47, 0xFD47, 0xFD47, 0xFD47, 0xFD68, 0xFD68, 0xFD67, 0xFD47, 0xFD47, 0xFD47, 0xFD67,
 0xF568, 0xFD68, 0xFD47, 0xFD47, 0xFD47, 0xFD47, 0xFD48, 0xFD68, 0xFD67, 0xFD47, 0xF56A, 0xF60F, 0xEDEE, 0xF717, 0xFFFD, 0xFFBD,
 0xFF9B, 0xFF7B, 0xFF7B, 0xFF7A, 0xFF7A, 0xFF7A, 0xFF7B, 0xFF7A, 0xFF9C, 0xFFBE, 0xFFBD, 0xFFBD, 0xFFDE, 0xFF9B, 0xEE0F, 0xF60E,
 0xEE0E, 0xF60F, 0xF62F, 0xF5AA, 0xFD46, 0xFD47, 0xFD47, 0xFD48, 0xF568, 0xFD47, 0xFD47, 0xFD47, 0xFD47, 0xFD47, 0xFD68, 0xFD68,
 0xFD67, 0xFD47, 0xFD47, 0xFD47, 0xFD67, 0xF568, 0xFD68, 0xFD47, 0xFD47, 0xFD47, 0xFD47, 0xFD68, 0xFD68, 0xFD68, 0xFD47, 0xFD47,
 0xFD67, 0xFD47, 0xF549, 0xFD68, 0xFD67, 0xFD47, 0xFD47, 0xFD47, 0xFD68, 0xFD69, 0xFD67, 0xFD47, 0xFD47, 0xFD47, 0xFD47, 0xFD68,
 0xFD48, 0xFD47, 0xFD47, 0xFD47, 0xFD47, 0xFD67, 0xFD68, 0xFD68, 0xFD47, 0xFD47, 0xFD47, 0xFD47, 0xFD68, 0xF568, 0xFD67, 0xFD47,
 0xFD47, 0xFD47, 0xFD47, 0xFD68, 0xFD68, 0xFD67, 0xFD47, 0xFD47, 0xFD47, 0xFD67, 0xF568, 0xFD68, 0xFD47, 0xFD47, 0xFD47, 0xFD47,
 0xFD89, 0xFD67, 0xFD47, 0xFD67, 0xFD47, 0xFD48, 0xFD89, 0xFD88, 0xFD67, 0xFD47, 0xFD47, 0xFD47, 0xFD68, 0xFD89, 0xFD68, 0xFD47,
 0xFD47, 0xFD47, 0xFD47, 0xFD89, 0xFD89, 0xFD48, 0xFD47, 0xFD47, 0xFD66, 0xFD68, 0xFD89, 0xFD47, 0xFCE5, 0xFEB4, 0xFFFF, 0xFFDE,
 0xFFDE, 0xFFDE, 0xFFDE, 0xFFDE, 0xFFDE, 0xFFDE, 0xFFDE, 0xFFDE, 0xFFDE, 0xFFBE, 0xFFDD, 0xFFDD, 0xFFDE, 0xFF7B, 0xED6A, 0xFD25,
 0xFD26, 0xFD06, 0xFD26, 0xFD27, 0xFD69, 0xFD89, 0xFD67, 0xFD47, 0xFD47, 0xFD47, 0xFD68, 0xFD89, 0xFD88, 0xFD67, 0xFD47, 0xFD47,
 0xFD47, 0xFD68, 0xFD89, 0xFD68, 0xFD47, 0xFD47, 0xFD47, 0xFD47, 0xFD89, 0xFD89, 0xFD47, 0xFD47, 0xFD47, 0xFD47, 0xFD68, 0xFD89,
 0xFD68, 0xFD67, 0xFD47, 0xFD47, 0xFD47, 0xFD69, 0xFD89, 0xFD67, 0xFD67, 0xFD47, 0xFD47, 0xFD67, 0xFD89, 0xFD89, 0xFD67, 0xFD47,
 0xFD47, 0xFD47, 0xFD68, 0xFD89, 0xFD68, 0xFD66, 0xFD46, 0xFD47, 0xFD47, 0xFD89, 0xFD89, 0xFD47, 0xFD47, 0xFD67, 0xFD47, 0xFD48,
 0xFD89, 0xFD68, 0xFD47, 0xFD47, 0xFD47, 0xFD47, 0xFD68, 0xFD89, 0xFD67, 0xFD47, 0xFD47, 0xFD47, 0xFD47, 0xFD89, 0xFD89, 0xFD47,
 0xFE0C, 0xFD68, 0xFD47, 0xFD67, 0xFD47, 0xF568, 0xFE0C, 0xFDCB, 0xFD47, 0xFD47, 0xFD47, 0xFD47, 0xFDAA, 0xFE2D, 0xF589, 0xFD47,
 0xFD47, 0xFD47, 0xFD47, 0xFDEB, 0xFE0C, 0xF568, 0xFD47, 0xFD47, 0xFD47, 0xFD88, 0xFE2D, 0xFDAB, 0xFD25, 0xFEB3, 0xFFDD, 0xFFBC,
 0xFFBC, 0xFFBC, 0xFFBC, 0xFFBB, 0xFFBB, 0xFFBC, 0xFFBB, 0xFFBC, 0xFFBC, 0xFFBC, 0xFFBB, 0xFFBB, 0xFFBC, 0xFF99, 0xF62E, 0xFD89,
 0xFD46, 0xFD47, 0xFD47, 0xFD47, 0xFDCC, 0xFE0C, 0xFD68, 0xFD47, 0xFD67, 0xFD47, 0xF569, 0xFE2C, 0xFDCA, 0xFD47, 0xFD47, 0xFD47,
 0xFD47, 0xFDAA, 0xFE2D, 0xF569, 0xFD47, 0xFD47, 0xFD47, 0xFD48, 0xFE0C, 0xFDEC, 0xF548, 0xFD47, 0xFD47, 0xFD47, 0xFD89, 0xFE2D,
 0xFDAA, 0xFD47, 0xFD67, 0xFD47, 0xFD47, 0xFDCB, 0xFE0C, 0xFD68, 0xFD47, 0xFD47, 0xFD47, 0xFD68, 0xFE2C, 0xFDCB, 0xFD47, 0xFD67,
 0xFD67, 0xFD47, 0xFDAA, 0xFE2D, 0xF589, 0xFD47, 0xFD47, 0xFD47, 0xFD47, 0xFE0C, 0xFE0C, 0xFD48, 0xFD47, 0xFD67, 0xFD47, 0xFD89,
 0xFE2D, 0xFDAA, 0xFD47, 0xFD47, 0xFD47, 0xFD47, 0xFDCB, 0xFE0C, 0xF569, 0xFD47, 0xFD47, 0xFD47, 0xFD68, 0xFE0C, 0xFDEB, 0xF547,
 0xFD8A, 0xFD48, 0xFD47, 0xFD47, 0xFD47, 0xFD47, 0xFDA9, 0xFD89, 0xFD47, 0xFD47, 0xFD47, 0xFD47, 0xFD68, 0xFD8A, 0xFD68, 0xFD47,
 0xFD47, 0xFD47, 0xFD67, 0xFD89, 0xFD89, 0xFD47, 0xFD47, 0xFD47, 0xFD47, 0xFD68, 0xFD8A, 0xFD69, 0xFD47, 0xF569, 0xED8B, 0xED8B,
 0xF5AB, 0xF5CC, 0xF5AB, 0xED8A, 0xF58A, 0xED8A, 0xED8B, 0xF5CC, 0xF5CB, 0xED8B, 0xED8A, 0xED8A, 0xED8B, 0xEDAB, 0xFDAA, 0xFD68,
 0xFD47, 0xFD47, 0xFD47, 0xFD47, 0xFD89, 0xFD89, 0xFD48, 0xFD47, 0xFD47, 0xFD47, 0xFD68, 0xFDAA, 0xFD89, 0xFD47, 0xFD47, 0xFD47,
 0xFD47, 0xFD69, 0xFD8A, 0xFD68, 0xFD47, 0xFD47, 0xFD47, 0xFD67, 0xFD89, 0xFD89, 0xFD47, 0xFD47, 0xFD47, 0xFD47, 0xFD68, 0xFD8A,
 0xFD69, 0xFD47, 0xFD67, 0xFD67, 0xFD47, 0xFD69, 0xFD89, 0xFD67, 0xFD47, 0xFD47, 0xFD47, 0xFD67, 0xFD8A, 0xFD69, 0xFD47, 0xFD67,
 0xFD67, 0xFD47, 0xFD69, 0xFDA9, 0xFD68, 0xFD47, 0xFD47, 0xFD47, 0xFD47, 0xFD89, 0xFD89, 0xFD47, 0xFD47, 0xFD47, 0xFD47, 0xFD68,
 0xFDAA, 0xFD68, 0xFD47, 0xFD47, 0xFD47, 0xFD47, 0xFD89, 0xFD89, 0xFD68, 0xFD47, 0xFD47, 0xFD47, 0xFD67, 0xFD89, 0xFD89, 0xFD47,
 0xFD46, 0xFD47, 0xFD48, 0xFD68, 0xFD67, 0xFD47, 0xFD47, 0xFD47, 0xFD47, 0xFD48, 0xFD68, 0xFD67, 0xFD47, 0xFD47, 0xFD47, 0xFD67,
 0xFD68, 0xFD67, 0xFD67, 0xFD47, 0xFD47, 0xFD47, 0xFD67, 0xFD68, 0xFD47, 0xFD47, 0xFD47, 0xFD47, 0xFD67, 0xFD47, 0xFD47, 0xFD46,
 0xFD26, 0xFD26, 0xFD46, 0xFD46, 0xFD47, 0xFD46, 0xFD46, 0xFD46, 0xFD46, 0xFD46, 0xFD46, 0xFD46, 0xFD46, 0xFD46, 0xFD47, 0xFD47,
 0xFD47, 0xFD68, 0xFD67, 0xFD47, 0xFD46, 0xFD46, 0xFD47, 0xFD48, 0xFD68, 0xFD67, 0xFD47, 0xFD47, 0xFD47, 0xFD47, 0xFD48, 0xFD68,
 0xFD67, 0xFD47, 0xFD47, 0xFD47, 0xFD67, 0xFD68, 0xFD67, 0xFD67, 0xFD47, 0xFD47, 0xFD47, 0xFD67, 0xFD68, 0xFD47, 0xFD47, 0xFD47,
 0xFD46, 0xFD67, 0xFD68, 0xFD67, 0xFD47, 0xFD47, 0xFD47, 0xFD46, 0xFD67, 0xFD68, 0xFD67, 0xFD47, 0xFD47, 0xFD47, 0xFD67, 0xFD67,
 0xFD68, 0xFD47, 0xFD47, 0xFD47, 0xFD47, 0xFD67, 0xFD68, 0xFD67, 0xFD47, 0xFD46, 0xFD46, 0xFD47, 0xFD48, 0xFD68, 0xFD67, 0xFD47,
 0xFD47, 0xFD47, 0xFD47, 0xFD48, 0xFD68, 0xFD67, 0xFD47, 0xFD47, 0xFD67, 0xFD67, 0xFD68, 0xFD67, 0xFD67, 0xFD47, 0xFD47, 0xFD67,
 0xFD67, 0xFD27, 0xFD89, 0xFE0C, 0xFD89, 0xFD47, 0xFD67, 0xFD67, 0xFD47, 0xFDCB, 0xFDEB, 0xFD68, 0xFD47, 0xFD67, 0xFD47, 0xFD68,
 0xFE0C, 0xFDAA, 0xFD47, 0xFD67, 0xFD67, 0xFD47, 0xFDAA, 0xFE0C, 0xFD88, 0xFD47, 0xFD47, 0xFD47, 0xFD67, 0xFDEC, 0xFDCC, 0xFD47,
 0xFD47, 0xFD47, 0xFD47, 0xFD89, 0xFE0D, 0xFD89, 0xFD47, 0xFD47, 0xFD47, 0xFD47, 0xFDAB, 0xFDEC, 0xFD48, 0xFD47, 0xFD47, 0xFD47,
 0xFD68, 0xFE0C, 0xFDCA, 0xFD47, 0xFD66, 0xFD67, 0xFD27, 0xFDAA, 0xFE0C, 0xFD88, 0xFD47, 0xFD67, 0xFD67, 0xFD48, 0xFDCB, 0xFDEB,
 0xFD48, 0xFD67, 0xFD67, 0xFD47, 0xFD68, 0xFE0C, 0xFDAA, 0xFD47, 0xFD67, 0xFD67, 0xFD47, 0xFDAA, 0xFE0C, 0xFD68, 0xFD47, 0xFD47,
 0xFD47, 0xF548, 0xFDEC, 0xFDCA, 0xFD47, 0xFD47, 0xFD47, 0xFD47, 0xFD89, 0xFE0D, 0xFD89, 0xFD47, 0xFD47, 0xFD47, 0xFD47, 0xFDCB,
 0xFDEC, 0xFD48, 0xFD67, 0xFD47, 0xFD47, 0xFD68, 0xFE0C, 0xFDA9, 0xFD47, 0xFD66, 0xFD47, 0xFD27, 0xFDAA, 0xFE0C, 0xFD68, 0xFD47,
 0xFD67, 0xFD47, 0xFD48, 0xFDEC, 0xFDEB, 0xFD47, 0xFD67, 0xFD67, 0xFD47, 0xFD89, 0xFE0C, 0xFD89, 0xFD47, 0xFD67, 0xFD67, 0xFD47,
 0xFD47, 0xFD47, 0xFD89, 0xFDCB, 0xFD89, 0xFD48, 0xFD67, 0xFD47, 0xFD48, 0xFDAA, 0xFDCA, 0xFD68, 0xFD47, 0xFD47, 0xFD47, 0xFD68,
 0xFDCA, 0xFD89, 0xFD47, 0xFD67, 0xFD67, 0xFD47, 0xFD89, 0xFDCB, 0xFD68, 0xFD47, 0xFD47, 0xFD47, 0xFD48, 0xFDAA, 0xFDAA, 0xFD67,
 0xFD67, 0xFD47, 0xFD47, 0xFD68, 0xFDCB, 0xFD88, 0xFD47, 0xFD67, 0xFD47, 0xFD47, 0xFDA9, 0xFDCA, 0xFD48, 0xFD47, 0xFD47, 0xFD66,
 0xFD67, 0xFDCB, 0xFDA9, 0xFD47, 0xFD47, 0xFD47, 0xFD47, 0xFD89, 0xFDCB, 0xFD69, 0xFD47, 0xFD67, 0xFD47, 0xFD48, 0xFDAA, 0xFDAA,
 0xFD48, 0xFD47, 0xFD47, 0xFD47, 0xFD68, 0xFDCB, 0xFD89, 0xFD47, 0xFD67, 0xFD47, 0xFD47, 0xFD89, 0xFDCB, 0xFD67, 0xFD47, 0xFD47,
 0xFD47, 0xF548, 0xFDCB, 0xFDAA, 0xFD47, 0xFD67, 0xFD47, 0xFD47, 0xFD69, 0xFDCB, 0xFD69, 0xFD47, 0xFD47, 0xFD47, 0xFD47, 0xFDAA,
 0xFDCA, 0xFD48, 0xFD47, 0xFD47, 0xFD47, 0xFD68, 0xFDCB, 0xFD89, 0xFD47, 0xFD47, 0xFD47, 0xFD47, 0xFD89, 0xFDCB, 0xFD68, 0xFD47,
 0xFD67, 0xFD47, 0xFD48, 0xFDCA, 0xFDAA, 0xFD48, 0xFD47, 0xFD47, 0xFD47, 0xFD68, 0xFDCB, 0xFD89, 0xFD47, 0xFD67, 0xFD47, 0xFD48,
 0xFD47, 0xFD48, 0xFD47, 0xFD47, 0xFD47, 0xFD47, 0xFD47, 0xFD47, 0xFD47, 0xFD47, 0xF547, 0xFD47, 0xFD47, 0xFD47, 0xFD47, 0xFD47,
 0xFD47, 0xFD47, 0xFD47, 0xFD47, 0xFD47, 0xFD47, 0xFD47, 0xFD47, 0xFD67, 0xFD47, 0xFD47, 0xFD47, 0xFD67, 0xFD47, 0xFD47, 0xFD67,
 0xFD47, 0xFD47, 0xFD67, 0xFD67, 0xFD47, 0xFD47, 0xFD67, 0xFD47, 0xFD47, 0xFD67, 0xFD47, 0xFD47, 0xFD47, 0xFD47, 0xFD48, 0xFD47,
 0xFD47, 0xFD47, 0xFD47, 0xFD47, 0xFD47, 0xFD47, 0xFD48, 0xFD47, 0xFD47, 0xFD47, 0xFD47, 0xFD47, 0xFD47, 0xFD47, 0xFD47, 0xF547,
 0xFD47, 0xFD47, 0xFD47, 0xFD47, 0xFD47, 0xFD47, 0xFD47, 0xFD47, 0xFD47, 0xFD47, 0xFD47, 0xFD47, 0xFD47, 0xFD67, 0xFD47, 0xFD47,
 0xFD47, 0xFD67, 0xFD47, 0xFD47, 0xFD67, 0xFD47, 0xFD47, 0xFD47, 0xFD67, 0xFD47, 0xFD47, 0xFD67, 0xFD47, 0xFD47, 0xFD67, 0xFD47,
 0xFD47, 0xFD47, 0xFD47, 0xFD48, 0xFD67, 0xFD47, 0xFD47, 0xFD47, 0xFD47, 0xFD47, 0xFD47, 0xFD48, 0xFD47, 0xFD47, 0xFD47, 0xFD47,
 0xFD47, 0xFD47, 0xFD47, 0xFD47, 0xFD47, 0xFD47, 0xFD47, 0xFD47, 0xFD47, 0xFD47, 0xFD47, 0xFD47, 0xFD67, 0xFD47, 0xFD47, 0xFD47,
 0xFDCA, 0xFD68, 0xFD47, 0xFD47, 0xFD46, 0xFD67, 0xFDCB, 0xFDAA, 0xFD47, 0xFD47, 0xFD47, 0xFD47, 0xFD89, 0xFDCB, 0xFD68, 0xFD47,
 0xFD47, 0xFD47, 0xFD47, 0xFDAA, 0xFDCA, 0xFD47, 0xFD47, 0xFD67, 0xFD47, 0xFD68, 0xFDCB, 0xFD89, 0xFD46, 0xFD46, 0xFD46, 0xFD47,
 0xFD8A, 0xFDCB, 0xFD68, 0xFD67, 0xFD47, 0xFD67, 0xFD67, 0xFDCA, 0xFDAA, 0xFD47, 0xFD47, 0xFD47, 0xFD46, 0xFD88, 0xFDCB, 0xFD88,
 0xFD47, 0xFD47, 0xFD47, 0xFD47, 0xFDAA, 0xFDCA, 0xFD48, 0xFD47, 0xFD67, 0xFD46, 0xFD68, 0xFDCB, 0xFD89, 0xFD47, 0xFD47, 0xFD47,
 0xFD47, 0xFD89, 0xFDCB, 0xFD68, 0xFD47, 0xFD47, 0xFD47, 0xFD47, 0xFDCA, 0xFDAA, 0xFD47, 0xFD47, 0xFD67, 0xFD47, 0xFD68, 0xFDCB,
 0xFD89, 0xFD46, 0xFD47, 0xFD47, 0xFD47, 0xFDAA, 0xFDCB, 0xFD67, 0xFD47, 0xFD47, 0xFD47, 0xFD67, 0xFDCB, 0xFD8A, 0xFD47, 0xFD46,
 0xFD46, 0xFD46, 0xFD88, 0xFDCB, 0xFD68, 0xFD47, 0xFD47, 0xFD47, 0xFD47, 0xFDAA, 0xFDAA, 0xFD48, 0xFD47, 0xFD47, 0xFD46, 0xFD68,
 0xFDCB, 0xFD89, 0xFD47, 0xFD47, 0xFD47, 0xFD47, 0xFD8A, 0xFDCB, 0xFD48, 0xFD47, 0xFD47, 0xFD47, 0xFD67, 0xFDCA, 0xFDA9, 0xFD47,
 0xFDEB, 0xFD68, 0xFD47, 0xFD47, 0xFD47, 0xF548, 0xFDCC, 0xFDCA, 0xFD47, 0xFD47, 0xFD47, 0xFD47, 0xFD89, 0xFDEC, 0xF569, 0xFD47,
 0xFD67, 0xFD47, 0xFD47, 0xFDCB, 0xFDEB, 0xF548, 0xFD47, 0xFD47, 0xFD47, 0xFD68, 0xFDEC, 0xFD8A, 0xFD47, 0xFD68, 0xFD46, 0xFD45,
 0xFD88, 0xFDEB, 0xFD68, 0xFD47, 0xFD47, 0xFD47, 0xFD67, 0xFDCB, 0xFDAB, 0xFD47, 0xFD67, 0xFD47, 0xFD47, 0xFD88, 0xFE0C, 0xFD89,
 0xFD46, 0xFD47, 0xFD47, 0xFD47, 0xFDCA, 0xFDEB, 0xFD48, 0xFD47, 0xFD47, 0xFD46, 0xF568, 0xFDEC, 0xFDAA, 0xFD47, 0xFD47, 0xFD67,
 0xFD47, 0xFD8A, 0xFDEC, 0xF568, 0xFD47, 0xFD67, 0xFD47, 0xFD47, 0xFDEB, 0xFDCB, 0xF548, 0xFD47, 0xFD47, 0xFD47, 0xFD69, 0xFDEC,
 0xF58A, 0xFD47, 0xFD47, 0xFD47, 0xFD47, 0xFDAA, 0xFDEC, 0xFD68, 0xFD47, 0xFD47, 0xFD47, 0xFD67, 0xFDEB, 0xFDA9, 0xFD45, 0xFD46,
 0xFD46, 0xFD45, 0xFD87, 0xFE0C, 0xFD88, 0xFD46, 0xFD47, 0xFD47, 0xFD47, 0xFDCB, 0xFDCB, 0xFD48, 0xFD47, 0xFD47, 0xFD46, 0xF569,
 0xFDEC, 0xFDA9, 0xFD47, 0xFD47, 0xFD67, 0xFD47, 0xFDAA, 0xFDEC, 0xF568, 0xFD47, 0xFD67, 0xFD47, 0xFD48, 0xFDEB, 0xFDCA, 0xF547,
 0xFD67, 0xFD47, 0xFD47, 0xFD47, 0xFD47, 0xFD47, 0xFD48, 0xFD47, 0xFD47, 0xFD47, 0xFD47, 0xFD47, 0xFD47, 0xFD67, 0xFD47, 0xFD47,
 0xFD47, 0xFD47, 0xFD47, 0xFD47, 0xFD47, 0xFD47, 0xFD47, 0xFD47, 0xFD47, 0xFD47, 0xFD47, 0xFD46, 0xF58F, 0xDDDD, 0xE5B9, 0xEDB4,
 0xF590, 0xFD6B, 0xFD68, 0xFD46, 0xFD46, 0xFD45, 0xFD46, 0xFD47, 0xFD47, 0xFD47, 0xFD47, 0xFD47, 0xFD47, 0xFD47, 0xFD47, 0xFD47,
 0xFD47, 0xFD27, 0xFD47, 0xFD47, 0xF567, 0xFD67, 0xFD47, 0xFD47, 0xFD47, 0xFD47, 0xFD47, 0xFD48, 0xFD47, 0xFD47, 0xFD47, 0xFD47,
 0xFD47, 0xFD47, 0xFD67, 0xFD47, 0xFD47, 0xFD47, 0xFD47, 0xFD47, 0xFD47, 0xFD47, 0xFD47, 0xFD47, 0xFD47, 0xFD47, 0xFD47, 0xFD48,
 0xFD48, 0xFD67, 0xFD47, 0xFD28, 0xFD47, 0xFD47, 0xFD47, 0xFD47, 0xFD47, 0xFD47, 0xFD46, 0xFD45, 0xFD48, 0xF58F, 0xEDB5, 0xE5D9,
 0xE5DA, 0xE5B7, 0xF590, 0xFD47, 0xFD46, 0xFD47, 0xFD27, 0xFD47, 0xFD47, 0xF567, 0xFD67, 0xFD47, 0xFD47, 0xFD47, 0xFD47, 0xFD48,
 0xFD48, 0xFD47, 0xFD47, 0xFD47, 0xFD47, 0xFD47, 0xFD47, 0xFD48, 0xFD47, 0xFD47, 0xFD47, 0xFD47, 0xFD47, 0xFD47, 0xFD67, 0xFD47,
 0xFD47, 0xFD47, 0xFD68, 0xFDA9, 0xFD68, 0xFD47, 0xFD47, 0xFD47, 0xFD47, 0xFD68, 0xFD89, 0xFD47, 0xFD47, 0xFD47, 0xFD47, 0xFD67,
 0xFD89, 0xFD68, 0xFD47, 0xFD47, 0xFD47, 0xFD47, 0xFD68, 0xFD89, 0xFD68, 0xFD47, 0xFD47, 0xFD45, 0xEDB4, 0xD5FF, 0xD5FF, 0xD5FF,
 0xD5FF, 0xDDFF, 0xDDDD, 0xE5D9, 0xE5B5, 0xED90, 0xFD6B, 0xFD48, 0xFD46, 0xFD45, 0xFD87, 0xFD89, 0xFD47, 0xFD47, 0xFD47, 0xFD47,
 0xFD48, 0xFD89, 0xFD88, 0xFD47, 0xFD67, 0xFD47, 0xFD47, 0xFD68, 0xFDA9, 0xFD67, 0xFD47, 0xFD47, 0xFD47, 0xFD47, 0xFD89, 0xFD89,
 0xFD47, 0xFD47, 0xFD47, 0xFD47, 0xFD68, 0xFD89, 0xFD68, 0xFD47, 0xFD47, 0xFD47, 0xFD47, 0xFD68, 0xFD89, 0xFD67, 0xFD47, 0xFD47,
 0xFD47, 0xFD67, 0xFD89, 0xFD69, 0xFD46, 0xFD46, 0xFD45, 0xFD45, 0xFD67, 0xF589, 0xFD69, 0xF58E, 0xDDDB, 0xD5FF, 0xD5FF, 0xD5FF,
 0xD5FF, 0xD5FF, 0xD5FF, 0xE5DA, 0xFD69, 0xFD47, 0xFD89, 0xFD68, 0xFD47, 0xFD67, 0xFD47, 0xFD47, 0xFD68, 0xFDA9, 0xFD67, 0xFD47,
 0xFD47, 0xFD47, 0xFD47, 0xFD89, 0xFD89, 0xFD47, 0xFD47, 0xFD47, 0xFD47, 0xFD68, 0xFDA9, 0xFD68, 0xFD47, 0xFD47, 0xFD47, 0xFD47,
 0xFD67, 0xFD47, 0xFD89, 0xFE2D, 0xFD89, 0xFD47, 0xFD47, 0xFD67, 0xFD47, 0xFDCB, 0xFE0C, 0xFD67, 0xFD47, 0xFD47, 0xFD47, 0xFD68,
 0xFE0D, 0xFDAB, 0xFD47, 0xFD47, 0xFD47, 0xFD47, 0xFDAA, 0xFE0D, 0xFD68, 0xFD47, 0xFD47, 0xFD46, 0xE5D9, 0xD5FF, 0xDDFF, 0xDDFF,
 0xDDFF, 0xDDFF, 0xDDFF, 0xD5FF, 0xD5FF, 0xD5FF, 0xDDFF, 0xDDDD, 0xE5D9, 0xED93, 0xF5CF, 0xFDED, 0xFD48, 0xFD46, 0xFD46, 0xFD45,
 0xFD66, 0xFE0A, 0xFDC9, 0xFD46, 0xFD46, 0xFD47, 0xFD47, 0xFDA9, 0xFE2D, 0xFD89, 0xFD47, 0xFD47, 0xFD67, 0xFD47, 0xFDEB, 0xFDEB,
 0xFD67, 0xFD47, 0xFD47, 0xFD47, 0xFD68, 0xFE0D, 0xFD8A, 0xFD46, 0xFD46, 0xFD46, 0xFD45, 0xFDA9, 0xFE0B, 0xFD67, 0xFD47, 0xFD46,
 0xFD45, 0xFD65, 0xFDEB, 0xFDCA, 0xFD49, 0xF56C, 0xF590, 0xED93, 0xE5D8, 0xE5FC, 0xDDFE, 0xD5FF, 0xD5FF, 0xDDFF, 0xDDFF, 0xDE1F,
 0xE61F, 0xDDFF, 0xDDFF, 0xD5FF, 0xE5DA, 0xFD68, 0xFE2C, 0xFDAA, 0xFD47, 0xFD47, 0xFD47, 0xFD47, 0xFDCA, 0xFE2C, 0xFD68, 0xFD47,
 0xFD47, 0xFD47, 0xFD47, 0xFDEC, 0xFDEB, 0xFD47, 0xFD47, 0xFD47, 0xFD47, 0xFD89, 0xFE0D, 0xFD8A, 0xFD47, 0xFD47, 0xFD47, 0xFD67,
 0xFD47, 0xFD47, 0xFD68, 0xFD89, 0xFD68, 0xFD47, 0xFD48, 0xFD47, 0xFD47, 0xFD68, 0xFD68, 0xFD67, 0xFD47, 0xFD47, 0xFD47, 0xFD47,
 0xFD69, 0xFD69, 0xFD47, 0xFD47, 0xFD47, 0xFD47, 0xFD68, 0xFD69, 0xFD48, 0xFD47, 0xFD47, 0xFD48, 0xDDDE, 0xDDFF, 0xDDDF, 0xE61F,
 0xEE5F, 0xEE3F, 0xE61F, 0xDDFF, 0xDDFF, 0xDDFF, 0xDDFF, 0xDDFF, 0xD5FF, 0xD5FF, 0xDDFF, 0xDDFE, 0xDDDD, 0xE5DA, 0xE5B8, 0xEDB5,
 0xED92, 0xEDB1, 0xF58E, 0xFD4B, 0xFD69, 0xFD47, 0xFD46, 0xFD66, 0xFD67, 0xFD46, 0xFD45, 0xFD46, 0xFD45, 0xFD45, 0xFD66, 0xFD66,
 0xFD45, 0xFD45, 0xFD46, 0xFD45, 0xFD46, 0xFD67, 0xFD47, 0xFD47, 0xFD6A, 0xF56C, 0xF56C, 0xF58D, 0xF58D, 0xFD69, 0xFD48, 0xF56C,
 0xF58F, 0xED93, 0xE5D9, 0xE5DC, 0xDDDE, 0xDDFF, 0xD5FF, 0xD5FF, 0xD5FF, 0xD5FF, 0xDDFF, 0xDDFF, 0xDDDF, 0xE61F, 0xE63F, 0xCD9F,
 0xC57F, 0xE61F, 0xDDFF, 0xDDFF, 0xD5FF, 0xED91, 0xFD67, 0xFD68, 0xFD48, 0xFD47, 0xFD47, 0xFD47, 0xFD68, 0xFD89, 0xFD67, 0xFD47,
 0xFD48, 0xFD47, 0xFD47, 0xFD68, 0xFD68, 0xFD67, 0xFD47, 0xFD48, 0xFD47, 0xFD47, 0xFD69, 0xFD48, 0xFD47, 0xFD47, 0xFD47, 0xFD47,
 0xFD47, 0xFD47, 0xFD47, 0xF548, 0xFD47, 0xFD47, 0xFD47, 0xFD67, 0xFD47, 0xFD48, 0xFD48, 0xFD47, 0xFD47, 0xFD47, 0xFD47, 0xFD47,
 0xF548, 0xFD48, 0xFD47, 0xFD47, 0xFD67, 0xFD67, 0xFD67, 0xFD68, 0xFD47, 0xFD47, 0xFD46, 0xF56C, 0xDDFF, 0xDDFF, 0xE63F, 0x9C9F,
 0x5B1F, 0x8C5F, 0xB51F, 0xD5BF, 0xE61F, 0xEE5F, 0xEE3F, 0xE61F, 0xDDFF, 0xDDFF, 0xDDFF, 0xDDFF, 0xDDFF, 0xD5FF, 0xD5FF, 0xD5FF,
 0xD5FF, 0xD5FF, 0xD5FF, 0xDDFF, 0xDDDE, 0xDDDC, 0xE5D9, 0xE5B7, 0xE5B6, 0xEDB6, 0xEDB4, 0xEDB5, 0xEDB3, 0xED93, 0xED92, 0xED91,
 0xF590, 0xF590, 0xF58F, 0xF58E, 0xF56D, 0xED70, 0xE5B7, 0xDDDC, 0xDDFF, 0xDDFF, 0xDDFF, 0xDDFF, 0xDDDF, 0xDDDE, 0xDDDD, 0xDDFF,
 0xD5FF, 0xD5FF, 0xD5FF, 0xD5FF, 0xDDFF, 0xDDFF, 0xDDFF, 0xDDFF, 0xDDFF, 0xDDFF, 0xDDFF, 0xDDFF, 0xE61F, 0xBD5F, 0x4ABF, 0x11BE,
 0x095E, 0x5B5F, 0xE61F, 0xDDFF, 0xD5FF, 0xE5DA, 0xFD46, 0xFD67, 0xFD67, 0xFD67, 0xFD47, 0xFD47, 0xF548, 0xF548, 0xFD47, 0xFD47,
 0xFD47, 0xFD67, 0xFD47, 0xFD48, 0xFD48, 0xFD47, 0xFD47, 0xFD47, 0xFD47, 0xFD48, 0xF548, 0xFD48, 0xFD47, 0xFD47, 0xFD67, 0xFD67,
 0xFD67, 0xFD47, 0xFD88, 0xFE0C, 0xFD89, 0xFD47, 0xFD67, 0xFD67, 0xFD47, 0xFDAB, 0xFDEC, 0xFD48, 0xFD47, 0xFD67, 0xFD47, 0xFD68,
 0xFDEC, 0xFDAA, 0xFD47, 0xFD47, 0xFD47, 0xFD47, 0xFD8A, 0xFE0D, 0xFD68, 0xFD47, 0xFD45, 0xED91, 0xD5FF, 0xDDFF, 0xEE5F, 0x533F,
 0x00BE, 0x011E, 0x015E, 0x19DE, 0x3A9F, 0x637F, 0x8C5F, 0xB51F, 0xD5DF, 0xEE3F, 0xE63F, 0xDDFF, 0xDDFF, 0xDDFF, 0xDDFF, 0xDDFF,
 0xDDFF, 0xDDFF, 0xDDFF, 0xDDFF, 0xDDFF, 0xD5FF, 0xD5FF, 0xD5FF, 0xD5FF, 0xD5FF, 0xD5FF, 0xD5FF, 0xD5FF, 0xD5FF, 0xD5FF, 0xD5FF,
 0xD5FF, 0xD5FF, 0xD5FF, 0xD5FF, 0xD5FF, 0xD5FF, 0xD5FF, 0xDDFF, 0xDDFF, 0xDDFF, 0xDDFF, 0xDDFF, 0xDDFF, 0xDDFF, 0xDDFF, 0xDDFF,
 0xDDFF, 0xDDFF, 0xDDFF, 0xE61F, 0xE63F, 0xEE3F, 0xEE5F, 0xE61F, 0xDDFF, 0xDDFF, 0xDDFF, 0xDDFF, 0xE61F, 0x3A9F, 0x00DE, 0x015E,
 0x013E, 0x013E, 0xB51F, 0xE61F, 0xDDFF, 0xDDFF, 0xFE0E, 0xFDA9, 0xFD47, 0xFD47, 0xFD47, 0xFD47, 0xFDA9, 0xFE0C, 0xFD68, 0xFD47,
 0xFD67, 0xFD67, 0xFD48, 0xFDEC, 0xFDCB, 0xFD47, 0xFD47, 0xFD67, 0xFD47, 0xFD69, 0xFE0C, 0xFD89, 0xFD47, 0xFD47, 0xFD47, 0xFD48,
 0xFD47, 0xFD47, 0xFD68, 0xFDCA, 0xFD68, 0xFD47, 0xFD48, 0xFD47, 0xFD47, 0xFD89, 0xFDA9, 0xFD67, 0xFD47, 0xFD47, 0xFD67, 0xFD67,
 0xFDAA, 0xF589, 0xFD47, 0xFD47, 0xFD47, 0xFD47, 0xFD88, 0xFDA9, 0xFD68, 0xFD47, 0xFD45, 0xE5B6, 0xD5FF, 0xDDFF, 0xDE1F, 0x2A5F,
 0x013E, 0x017E, 0x015E, 0x013E, 0x011E, 0x011E, 0x011E, 0x015E, 0x19FE, 0x531F, 0xACFF, 0xEE3F, 0xDDFF, 0xDDDF, 0xDDFF, 0xDDFF,
 0xE63F, 0xEE3F, 0xEE5F, 0xEE3F, 0xDDFF, 0xDDFF, 0xDDFF, 0xDDFF, 0xDDFF, 0xDDFF, 0xDDFF, 0xDDFF, 0xDDFF, 0xDDFF, 0xDDFF, 0xDDFF,
 0xDDFF, 0xDDFF, 0xDDFF, 0xDDFF, 0xDDFF, 0xDDFF, 0xDDFF, 0xE61F, 0xEE3F, 0xEE5F, 0xEE5F, 0xEE5F, 0xEE5F, 0xE63F, 0xDDFF, 0xDDFF,
 0xDDFF, 0xDDFF, 0xDDFF, 0xC57F, 0xA4DF, 0x841F, 0x635F, 0x3A5F, 0x945F, 0xE63F, 0xDDFF, 0xDDFF, 0xDE1F, 0x2A3F, 0x013E, 0x017E,
 0x017E, 0x00FE, 0x7BFF, 0xEE5F, 0xDDFF, 0xDDFF, 0xF5CE, 0xFD87, 0xFD47, 0xFD47, 0xFD47, 0xFD47, 0xFD88, 0xFDA9, 0xFD67, 0xFD47,
 0xFD48, 0xFD47, 0xFD47, 0xFDAA, 0xFD89, 0xFD46, 0xFD47, 0xFD47, 0xFD47, 0xFD68, 0xFDAA, 0xF568, 0xFD47, 0xFD47, 0xFD47, 0xFD47,
 0xFD47, 0xFD47, 0xFD47, 0xF547, 0xFD47, 0xFD47, 0xFD48, 0xFD67, 0xFD67, 0xFD47, 0xF527, 0xFD67, 0xFD67, 0xFD47, 0xFD67, 0xFD47,
 0xFD27, 0xFD47, 0xFD47, 0xFD47, 0xFD47, 0xFD67, 0xFD47, 0xFD47, 0xFD47, 0xFD47, 0xFD47, 0xE5DB, 0xD5FF, 0xDE1F, 0xC59F, 0x099E,
 0x015E, 0x017E, 0x017E, 0x015E, 0x013E, 0x015E, 0x015E, 0x015E, 0x013E, 0x00FE, 0x013E, 0x637F, 0xE61F, 0xE63F, 0xACFF, 0x2A1E,
 0x42BF, 0x5B3F, 0x73BF, 0x945F, 0xD5DF, 0xDDFF, 0xE63F, 0xE63F, 0xDDDF, 0xDDDF, 0xE63F, 0xEE3F, 0xDDFF, 0xDDFF, 0xE61F, 0xE63F,
 0xEE3F, 0xEE5F, 0xE61F, 0xDDDF, 0xDDDF, 0xE61F, 0xE63F, 0xBD5F, 0x947F, 0x7BFF, 0x73DF, 0x73BF, 0x7BFF, 0xA4BF, 0xD5DF, 0xEE3F,
 0xDDFF, 0xDDFF, 0xD5DF, 0x221E, 0x011E, 0x011E, 0x011E, 0x00BE, 0x5B5F, 0xEE5F, 0xDDFF, 0xDDFF, 0xEE3F, 0x5B3F, 0x00DE, 0x015E,
 0x011E, 0x00DE, 0x8C5F, 0xEE3F, 0xDDFF, 0xDDFF, 0xF56B, 0xFD46, 0xFD47, 0xFD67, 0xFD47, 0xFD47, 0xFD47, 0xFD47, 0xFD47, 0xFD48,
 0xFD48, 0xFD47, 0xFD67, 0xF547, 0xFD47, 0xFD67, 0xFD67, 0xFD47, 0xFD67, 0xFD47, 0xF527, 0xFD47, 0xFD67, 0xFD47, 0xFD47, 0xFD67,
 0xFD47, 0xFD47, 0xFD68, 0xFDCB, 0xFD68, 0xFD47, 0xFD47, 0xFD47, 0xFD47, 0xFD8A, 0xFDCB, 0xFD48, 0xFD67, 0xFD67, 0xFD67, 0xFD48,
 0xFDCB, 0xFD89, 0xFD47, 0xFD47, 0xFD47, 0xFD47, 0xFD89, 0xFDCB, 0xFD68, 0xFD46, 0xFD6A, 0xDDFF, 0xDDFF, 0xE63F, 0xA4BF, 0x013E,
 0x015E, 0x017E, 0x015E, 0x017E, 0x327F, 0x11DE, 0x013E, 0x015E, 0x017E, 0x017E, 0x015E, 0x00DE, 0x6B9F, 0xFE9F, 0x8C5F, 0x00DE,
 0x011E, 0x011E, 0x00DE, 0x099E, 0xCDBF, 0xEE5F, 0xA4DF, 0x42BF, 0x21FE, 0x221E, 0x42BF, 0x841F, 0xD5DF, 0xEE3F, 0x5B5F, 0x42BF,
 0x531F, 0x52FF, 0x9C9F, 0xE61F, 0xE63F, 0xBD5F, 0x4ADF, 0x097E, 0x011E, 0x00DE, 0x00BE, 0x00FE, 0x011E, 0x011E, 0x19DE, 0x843F,
 0xE61F, 0xDDFF, 0xE63F, 0x42BF, 0x011E, 0x017E, 0x017E, 0x011E, 0x3ABF, 0xE63F, 0xDDFF, 0xDDFF, 0xE61F, 0xBD5F, 0x2A1E, 0x11BE,
 0x327F, 0x8C5F, 0xE63F, 0xDDFF, 0xDDFF, 0xDDFE, 0xFDCC, 0xFD88, 0xFD47, 0xFD67, 0xFD47, 0xFD47, 0xFD89, 0xFDCB, 0xFD68, 0xFD47,
 0xFD47, 0xFD47, 0xFD48, 0xFDAB, 0xFDAA, 0xFD47, 0xFD67, 0xFD67, 0xFD47, 0xFD68, 0xFDCB, 0xFD88, 0xFD47, 0xFD47, 0xFD47, 0xFD47,
 0xFD47, 0xFD47, 0xFD68, 0xFDEB, 0xFD88, 0xFD47, 0xFD47, 0xFD47, 0xFD47, 0xFDA9, 0xFDCA, 0xFD47, 0xFD47, 0xFD47, 0xFD67, 0xFD68,
 0xFDCB, 0xFD89, 0xFD47, 0xFD47, 0xFD47, 0xFD47, 0xFD89, 0xFDCB, 0xFD68, 0xFD45, 0xF58E, 0xD5FF, 0xDDFF, 0xEE5F, 0x73DF, 0x011E,
 0x017E, 0x017E, 0x013E, 0x221E, 0xDE1F, 0xD5DF, 0x945F, 0x097E, 0x015E, 0x017E, 0x017E, 0x015E, 0x097E, 0xD5DF, 0x7BFF, 0x011E,
 0x017E, 0x017E, 0x013E, 0x221E, 0xE63F, 0xACFF, 0x013E, 0x011E, 0x013E, 0x00FE, 0x00BE, 0x00BE, 0x21FE, 0xA4BF, 0x19FE, 0x00FE,
 0x011E, 0x00BE, 0x637F, 0xF69F, 0xBD3F, 0x119E, 0x00FE, 0x015E, 0x015E, 0x2A3F, 0x42BF, 0x099E, 0x015E, 0x017E, 0x013E, 0x00FE,
 0x841F, 0xEE3F, 0xEE5F, 0x6B9F, 0x011E, 0x017E, 0x017E, 0x013E, 0x21FE, 0xD5DF, 0xDDFF, 0xDDFF, 0xDDDF, 0xE61F, 0xDE1F, 0xCDBF,
 0xCDBF, 0xBD3F, 0xBD5F, 0xDDFF, 0xDDFF, 0xDDFF, 0xF5F0, 0xFD88, 0xFD47, 0xFD67, 0xFD47, 0xFD47, 0xFD89, 0xFDEB, 0xFD68, 0xFD47,
 0xFD47, 0xFD47, 0xFD47, 0xFDCA, 0xFDAA, 0xFD47, 0xFD47, 0xFD67, 0xFD47, 0xFD68, 0xFDEB, 0xFD88, 0xFD47, 0xFD47, 0xFD47, 0xFD47,
 0xFD47, 0xFD47, 0xFD47, 0xF547, 0xFD47, 0xFD47, 0xFD48, 0xFD47, 0xFD67, 0xFD47, 0xFD47, 0xFD47, 0xFD47, 0xFD47, 0xFD67, 0xFD67,
 0xF547, 0xFD47, 0xFD47, 0xFD47, 0xFD48, 0xFD47, 0xFD47, 0xFD47, 0xFD47, 0xFD45, 0xEDB4, 0xD5FF, 0xDDFF, 0xE63F, 0x42DF, 0x011E,
 0x017E, 0x017E, 0x011E, 0x52FF, 0xEE3F, 0xE61F, 0xF67F, 0x42BF, 0x011E, 0x017E, 0x017E, 0x017E, 0x011E, 0xACFF, 0x6B9F, 0x011E,
 0x017E, 0x017E, 0x013E, 0x325F, 0xEE5F, 0x42DF, 0x00FE, 0x015E, 0x099E, 0x841F, 0x9C9F, 0x42BF, 0x011E, 0x015E, 0x099E, 0x015E,
 0x017E, 0x011E, 0x73DF, 0xF67F, 0x327F, 0x00FE, 0x015E, 0x011E, 0x013E, 0xC57F, 0xFE9F, 0x637F, 0x011E, 0x017E, 0x017E, 0x011E,
 0x325F, 0xE61F, 0xEE3F, 0x947F, 0x011E, 0x017E, 0x017E, 0x015E, 0x099E, 0xC57F, 0xE61F, 0xDDFF, 0xDDFF, 0xE63F, 0x8C5F, 0x2A1E,
 0x11BE, 0x00FE, 0x4AFF, 0xEE3F, 0xDDFF, 0xD5FF, 0xED94, 0xFD45, 0xFD47, 0xFD67, 0xFD47, 0xFD47, 0xFD47, 0xF547, 0xFD47, 0xFD47,
 0xFD48, 0xFD47, 0xFD47, 0xFD47, 0xFD47, 0xFD47, 0xFD47, 0xFD47, 0xFD67, 0xFD67, 0xFD27, 0xFD47, 0xFD67, 0xFD67, 0xFD47, 0xFD47,
 0xFD47, 0xFD47, 0xFD68, 0xFD8A, 0xFD68, 0xFD47, 0xFD47, 0xFD47, 0xFD47, 0xFD69, 0xFD89, 0xFD47, 0xFD47, 0xFD67, 0xFD67, 0xFD67,
 0xFD89, 0xFD69, 0xFD47, 0xFD47, 0xFD47, 0xFD47, 0xFD68, 0xFD8A, 0xFD67, 0xFD46, 0xE5B9, 0xD5FF, 0xDDFF, 0xD5DF, 0x19FE, 0x013E,
 0x017E, 0x017E, 0x011E, 0x947F, 0xFE9F, 0xE61F, 0xEE3F, 0x327F, 0x013E, 0x017E, 0x017E, 0x015E, 0x013E, 0xACFF, 0x531F, 0x011E,
 0x017E, 0x017E, 0x011E, 0x42BF, 0xEE5F, 0x2A5F, 0x013E, 0x013E, 0x19DE, 0xDE1F, 0xFEDF, 0xB51F, 0x097E, 0x015E, 0x015E, 0x017E,
 0x017E, 0x011E, 0x841F, 0xC55F, 0x011E, 0x017E, 0x19DE, 0x2A5F, 0x52FF, 0xDDFF, 0xFEDF, 0x841F, 0x00FE, 0x017E, 0x017E, 0x013E,
 0x2A3F, 0xDE1F, 0xE61F, 0xBD3F, 0x017E, 0x015E, 0x017E, 0x015E, 0x013E, 0xA4DF, 0xE63F, 0xDDFF, 0xDDFF, 0xEE5F, 0x841F, 0x00DE,
 0x015E, 0x013E, 0x19FE, 0xD5DF, 0xDDFF, 0xD5FF, 0xE5DB, 0xFD67, 0xFD46, 0xFD46, 0xFD46, 0xFD46, 0xFD68, 0xFD89, 0xFD47, 0xFD46,
 0xFD47, 0xFD46, 0xFD47, 0xFD89, 0xFD68, 0xFD46, 0xFD47, 0xFD47, 0xFD46, 0xFD47, 0xFD89, 0xFD68, 0xFD46, 0xFD46, 0xFD46, 0xFD47,
 0xFD47, 0xFD47, 0xFD88, 0xFE0C, 0xFD89, 0xFD47, 0xFD47, 0xFD47, 0xFD47, 0xFDAB, 0xFDEC, 0xFD48, 0xFD67, 0xFD67, 0xFD67, 0xFD68,
 0xFDEC, 0xFDAA, 0xFD47, 0xFD67, 0xFD67, 0xFD47, 0xFD8A, 0xFE0C, 0xFD68, 0xFD48, 0xDDDD, 0xDDFF, 0xE61F, 0xBD3F, 0x015E, 0x015E,
 0x017E, 0x017E, 0x015E, 0x5B3F, 0xA4DF, 0xD5DF, 0x9C9F, 0x015E, 0x015E, 0x017E, 0x017E, 0x015E, 0x097E, 0xC57F, 0x327F, 0x013E,
 0x017E, 0x017E, 0x011E, 0x52FF, 0xFE9F, 0x5B3F, 0x00DE, 0x015E, 0x015E, 0x221E, 0x42DF, 0x097E, 0x011E, 0x011E, 0x017E, 0x017E,
 0x017E, 0x011E, 0x841F, 0xD5DF, 0xACFF, 0xC59F, 0xBD5F, 0xACFF, 0x947F, 0x7BFF, 0x73BF, 0x327F, 0x013E, 0x015E, 0x013E, 0x00DE,
 0x6B9F, 0xEE3F, 0xDDFF, 0xD5DF, 0x19FE, 0x013E, 0x017E, 0x017E, 0x011E, 0x841F, 0xEE5F, 0xDDFF, 0xDDFF, 0xE61F, 0xB51F, 0x015E,
 0x015E, 0x015E, 0x013E, 0xACFF, 0xE63F, 0xDDFF, 0xDDFF, 0xF5AD, 0xF568, 0xF569, 0xF569, 0xF569, 0xFDAB, 0xFE0D, 0xF58A, 0xF569,
 0xFD69, 0xFD89, 0xF569, 0xFDED, 0xFDEC, 0xF569, 0xF569, 0xF569, 0xF569, 0xF58A, 0xFE0E, 0xF58B, 0xF569, 0xFD69, 0xFD69, 0xF569,
 0xFD47, 0xFD47, 0xFD67, 0xFD68, 0xFD47, 0xFD47, 0xFD48, 0xFD47, 0xFD47, 0xFD68, 0xFD68, 0xFD47, 0xFD47, 0xFD47, 0xFD67, 0xFD47,
 0xFD68, 0xFD68, 0xFD47, 0xFD47, 0xFD47, 0xFD47, 0xFD47, 0xFD68, 0xFD46, 0xFD6C, 0xDDFF, 0xDDFF, 0xEE3F, 0x8C5F, 0x011E, 0x017E,
 0x017E, 0x017E, 0x017E, 0x011E, 0x013E, 0x11BE, 0x015E, 0x015E, 0x017E, 0x017E, 0x017E, 0x011E, 0x2A5F, 0xDDDF, 0x19FE, 0x013E,
 0x017E, 0x017E, 0x011E, 0x635F, 0xF67F, 0xCDBF, 0x3A9F, 0x013E, 0x011E, 0x00FE, 0x00DE, 0x015E, 0x223F, 0x4ADF, 0x097E, 0x015E,
 0x017E, 0x011E, 0x7C1F, 0xFE9F, 0xBD5F, 0x4ADF, 0x19DE, 0x015E, 0x011E, 0x00DE, 0x00BE, 0x011E, 0x017E, 0x119E, 0x2A3F, 0x7BDF,
 0xE61F, 0xDDFF, 0xDDFF, 0xE63F, 0x42BF, 0x011E, 0x017E, 0x017E, 0x011E, 0x637F, 0xFE9F, 0xEE5F, 0xE63F, 0xE61F, 0xCDBF, 0x11DE,
 0x015E, 0x017E, 0x00FE, 0x73BF, 0xEE5F, 0xDDFF, 0xD5DF, 0xEE36, 0xFE4F, 0xFE50, 0xFE50, 0xFE50, 0xFE51, 0xFE51, 0xFE50, 0xFE50,
 0xFE51, 0xFE50, 0xFE50, 0xFE51, 0xFE51, 0xFE50, 0xFE51, 0xFE51, 0xFE50, 0xFE50, 0xFE51, 0xFE51, 0xFE50, 0xFE50, 0xFE51, 0xFE51,
 0xFD47, 0xFD47, 0xFD67, 0xFD68, 0xFD67, 0xFD47, 0xFD48, 0xFD47, 0xFD47, 0xFD47, 0xFD68, 0xFD47, 0xFD47, 0xFD47, 0xFD67, 0xFD47,
 0xFD68, 0xFD48, 0xFD47, 0xFD47, 0xFD47, 0xFD67, 0xFD67, 0xFD68, 0xFD45, 0xF591, 0xD5FF, 0xDDFF, 0xEE5F, 0x5B5F, 0x011E, 0x017E,
 0x017E, 0x017E, 0x017E, 0x017E, 0x015E, 0x015E, 0x015E, 0x017E, 0x015E, 0x015E, 0x013E, 0x00FE, 0x947F, 0xD5BF, 0x099E, 0x015E,
 0x017E, 0x017E, 0x011E, 0x73BF, 0xEE3F, 0xE61F, 0xE61F, 0xB51F, 0x947F, 0x8C5F, 0x9CBF, 0xBD3F, 0xE61F, 0xC57F, 0x015E, 0x015E,
 0x017E, 0x011E, 0x8C5F, 0xDDFF, 0x11BE, 0x00FE, 0x015E, 0x015E, 0x013E, 0x5B3F, 0x9C9F, 0xA4BF, 0xACFF, 0xB51F, 0xC57F, 0xC57F,
 0xB53F, 0xDDFF, 0xE63F, 0xFEBF, 0x7BDF, 0x00FE, 0x017E, 0x017E, 0x013E, 0x325F, 0x945F, 0x6B7F, 0x429F, 0xA4DF, 0xEE5F, 0x3A9F,
 0x011E, 0x017E, 0x011E, 0x3A7F, 0xE61F, 0xDDFF, 0xD5DF, 0xE61A, 0xFE50, 0xFE51, 0xFE51, 0xFE51, 0xFE51, 0xFE51, 0xFE51, 0xFE51,
 0xFE51, 0xFE51, 0xFE51, 0xFE51, 0xFE31, 0xFE51, 0xFE51, 0xFE51, 0xFE51, 0xFE51, 0xFE51, 0xFE51, 0xFE51, 0xFE51, 0xFE51, 0xFE51,
 0xFD47, 0xFD47, 0xFD88, 0xFE0C, 0xFD88, 0xFD47, 0xFD47, 0xFD47, 0xFD47, 0xFDAA, 0xFDEB, 0xFD48, 0xFD47, 0xFD67, 0xFD67, 0xFD68,
 0xFDEC, 0xFD8A, 0xFD47, 0xFD67, 0xFD67, 0xFD47, 0xFD89, 0xFDEC, 0xFD66, 0xEDB6, 0xD5FF, 0xDDFF, 0xE61F, 0x327F, 0x013E, 0x017E,
 0x017E, 0x017E, 0x013E, 0x015E, 0x017E, 0x017E, 0x017E, 0x015E, 0x099E, 0x099E, 0x11BE, 0x7BFF, 0xF65F, 0xB51F, 0x015E, 0x015E,
 0x017E, 0x017E, 0x011E, 0x841F, 0xEE3F, 0xDDFF, 0xE63F, 0xF67F, 0xFE9F, 0xFE9F, 0xF67F, 0xEE5F, 0xEE5F, 0xB51F, 0x015E, 0x015E,
 0x017E, 0x011E, 0x9C9F, 0xACDF, 0x011E, 0x017E, 0x017E, 0x015E, 0x015E, 0xBD5F, 0xFEDF, 0x8C5F, 0x21DE, 0x19FE, 0x099E, 0x013E,
 0x19FE, 0xD5DF, 0xA4BF, 0x8C3F, 0x4ADF, 0x013E, 0x017E, 0x017E, 0x017E, 0x015E, 0x011E, 0x011E, 0x00BE, 0x6B9F, 0xFEBF, 0x635F,
 0x011E, 0x017E, 0x015E, 0x099E, 0xC57F, 0xE61F, 0xDDDF, 0xDDFE, 0xFE93, 0xFE92, 0xFE93, 0xFE93, 0xFE51, 0xFE51, 0xFE51, 0xFE51,
 0xFE51, 0xFE51, 0xFE51, 0xFE51, 0xFE72, 0xFE93, 0xFE93, 0xFE93, 0xFE93, 0xFE93, 0xFE93, 0xFE93, 0xFE93, 0xFE93, 0xFE93, 0xFE93,
 0xFD47, 0xFD47, 0xFD68, 0xFD89, 0xFD68, 0xFD47, 0xFD47, 0xFD47, 0xFD47, 0xFD69, 0xFD89, 0xFD47, 0xFD47, 0xFD67, 0xFD67, 0xFD47,
 0xFD89, 0xFD69, 0xFD47, 0xFD47, 0xFD67, 0xFD47, 0xFD68, 0xFD89, 0xFD47, 0xE5DB, 0xD5FF, 0xDE1F, 0xCD9F, 0x11BE, 0x015E, 0x017E,
 0x017E, 0x017E, 0x2A5F, 0x11DE, 0x013E, 0x015E, 0x017E, 0x015E, 0x099E, 0x73BF, 0xDDFF, 0xE63F, 0xEE3F, 0x9C9F, 0x011E, 0x017E,
 0x017E, 0x017E, 0x011E, 0x945F, 0xF69F, 0x947F, 0x3A5F, 0x533F, 0x73BF, 0x8C3F, 0xA4BF, 0xBD3F, 0xD5DF, 0xA4DF, 0x013E, 0x015E,
 0x017E, 0x011E, 0xA4BF, 0x9CBF, 0x011E, 0x017E, 0x017E, 0x015E, 0x015E, 0xB51F, 0xF67F, 0x73BF, 0x00DE, 0x015E, 0x015E, 0x013E,
 0x19FE, 0xD5DF, 0x221E, 0x00DE, 0x013E, 0x017E, 0x017E, 0x017E, 0x017E, 0x017E, 0x017E, 0x017E, 0x011E, 0x42BF, 0xF69F, 0x8C3F,
 0x011E, 0x017E, 0x017E, 0x011E, 0x947F, 0xEE3F, 0xDDFF, 0xDDDF, 0xF6D9, 0xFF35, 0xFF17, 0xFF16, 0xF692, 0xFE51, 0xFE51, 0xFE51,
 0xFE51, 0xFE51, 0xFE51, 0xFE51, 0xFEB4, 0xFF17, 0xFF16, 0xFF16, 0xFF17, 0xFF17, 0xFF17, 0xFF17, 0xFF17, 0xFF17, 0xFEF7, 0xFEF7,
 0xFD47, 0xFD47, 0xFD47, 0xFD47, 0xFD47, 0xFD47, 0xFD48, 0xFD47, 0xFD67, 0xFD47, 0xFD47, 0xFD67, 0xFD47, 0xFD47, 0xFD67, 0xFD47,
 0xFD47, 0xFD47, 0xFD47, 0xFD47, 0xFD47, 0xFD67, 0xFD47, 0xFD46, 0xFD6A, 0xDDDF, 0xDDFF, 0xE63F, 0xA4DF, 0x013E, 0x015E, 0x017E,
 0x015E, 0x11BE, 0xD5BF, 0xD5DF, 0x947F, 0x099E, 0x015E, 0x017E, 0x015E, 0x015E, 0xACFF, 0xE63F, 0xEE3F, 0x841F, 0x011E, 0x017E,
 0x017E, 0x015E, 0x013E, 0x9CBF, 0xFE9F, 0x73DF, 0x00BE, 0x011E, 0x011E, 0x011E, 0x013E, 0x017E, 0x11BE, 0x19DE, 0x017E, 0x017E,
 0x017E, 0x011E, 0xA4DF, 0xACFF, 0x011E, 0x017E, 0x017E, 0x017E, 0x011E, 0x9CBF, 0xFEFF, 0x841F, 0x011E, 0x017E, 0x017E, 0x013E,
 0x2A3E, 0xEE3F, 0x4ADF, 0x011E, 0x017E, 0x017E, 0x017E, 0x017E, 0x017E, 0x017E, 0x017E, 0x017E, 0x013E, 0x19FE, 0xE61F, 0xB51F,
 0x015E, 0x015E, 0x017E, 0x011E, 0x5B3F, 0xEE5F, 0xDDFF, 0xD5DF, 0xEE7B, 0xFF36, 0xFF17, 0xFF16, 0xF672, 0xFE30, 0xFE51, 0xFE51,
 0xFE51, 0xFE51, 0xFE51, 0xFE31, 0xFEB4, 0xFF17, 0xFF17, 0xFF16, 0xFF17, 0xFF17, 0xFF17, 0xFF16, 0xFF16, 0xFEF6, 0xFEF6, 0xFEF6,
 0xFDCA, 0xFD48, 0xFD47, 0xFD67, 0xFD47, 0xFD47, 0xFDCA, 0xFD89, 0xFD47, 0xFD67, 0xFD47, 0xFD47, 0xFD68, 0xFDCA, 0xFD68, 0xFD47,
 0xFD47, 0xFD47, 0xFD47, 0xFD8A, 0xFDAA, 0xFD47, 0xFD47, 0xFD46, 0xF58E, 0xD5FF, 0xDDFF, 0xEE5F, 0x7BDF, 0x011E, 0x017E, 0x017E,
 0x011E, 0x3A9F, 0xE63F, 0xE61F, 0xF67F, 0x4AFF, 0x011E, 0x017E, 0x017E, 0x011E, 0x42BF, 0xE63F, 0xEE5F, 0x637F, 0x011E, 0x017E,
 0x017E, 0x015E, 0x015E, 0xACFF, 0xF67F, 0x73BF, 0x011E, 0x017E, 0x017E, 0x017E, 0x015E, 0x015E, 0x015E, 0x015E, 0x017E, 0x017E,
 0x017E, 0x013E, 0xA4DF, 0xCD9F, 0x015E, 0x015E, 0x017E, 0x017E, 0x013E, 0x327F, 0xA4DF, 0x3A7F, 0x013E, 0x017E, 0x017E, 0x00FE,
 0x531F, 0xFE9F, 0x637F, 0x011E, 0x017E, 0x017E, 0x017E, 0x017E, 0x017E, 0x017E, 0x015E, 0x013E, 0x011E, 0x00FE, 0xB53F, 0xDDFF,
 0x11DE, 0x015E, 0x017E, 0x013E, 0x221E, 0xDDFF, 0xDDFF, 0xD5DF, 0xE61D, 0xFE93, 0xFE93, 0xF693, 0xFEB4, 0xFED4, 0xFEB4, 0xFEB4,
 0xFEB4, 0xFEB4, 0xFEB4, 0xFEB4, 0xF693, 0xF693, 0xFE93, 0xFE93, 0xFE93, 0xFE93, 0xFE93, 0xFE93, 0xFEB4, 0xFEF6, 0xFEF6, 0xFEF6,
 0xFDAA, 0xFD48, 0xFD47, 0xFD67, 0xFD67, 0xFD47, 0xFDAA, 0xFD89, 0xFD47, 0xFD47, 0xFD47, 0xFD47, 0xF569, 0xFDAB, 0xF548, 0xFD47,
 0xFD47, 0xFD47, 0xFD47, 0xFD8A, 0xFDAA, 0xFD47, 0xFD47, 0xFD45, 0xEDB3, 0xD5FF, 0xDDFF, 0xE63F, 0x3A9F, 0x00FE, 0x015E, 0x017E,
 0x00FE, 0x7BFF, 0xFE9F, 0xDE1F, 0xEE5F, 0x4ADF, 0x011E, 0x017E, 0x017E, 0x013E, 0x221E, 0xDDFF, 0xEE5F, 0x4AFF, 0x011E, 0x017E,
 0x017E, 0x015E, 0x017E, 0xBD3F, 0xF67F, 0x6B9F, 0x011E, 0x017E, 0x017E, 0x017E, 0x017E, 0x017E, 0x017E, 0x017E, 0x017E, 0x017E,
 0x015E, 0x013E, 0xA4BF, 0xF67F, 0x42BF, 0x00FE, 0x017E, 0x017E, 0x017E, 0x013E, 0x011E, 0x013E, 0x017E, 0x017E, 0x015E, 0x013E,
 0xB51F, 0xF67F, 0x841F, 0x00DE, 0x011E, 0x013E, 0x017E, 0x017E, 0x017E, 0x015E, 0x11BE, 0x2A5F, 0x42BF, 0x52FF, 0xB53F, 0xEE5F,
 0x327F, 0x013E, 0x017E, 0x015E, 0x015E, 0xB51F, 0xE61F, 0xDDFF, 0xDDFF, 0xFE32, 0xFE50, 0xF631, 0xFED5, 0xFF17, 0xFEF7, 0xFEF7,
 0xFEF7, 0xFEF7, 0xFEF7, 0xFF17, 0xF694, 0xFE30, 0xFE50, 0xFE50, 0xFE50, 0xFE50, 0xFE50, 0xFE30, 0xFE72, 0xFF16, 0xFEF7, 0xFEF6,
 0xFD47, 0xFD47, 0xFD47, 0xFD47, 0xFD47, 0xFD47, 0xFD47, 0xFD47, 0xFD47, 0xFD47, 0xFD47, 0xFD67, 0xFD47, 0xF547, 0xFD47, 0xFD47,
 0xFD47, 0xFD47, 0xFD67, 0xFD47, 0xFD47, 0xFD47, 0xFD47, 0xFD45, 0xE5B8, 0xD5FF, 0xDDFF, 0xDDFF, 0x5B5F, 0x19DE, 0x015E, 0x011E,
 0x00DE, 0x4ADF, 0xA4DF, 0xD5DF, 0xACFF, 0x099E, 0x015E, 0x017E, 0x017E, 0x013E, 0x2A3E, 0xDDFF, 0xE63F, 0x3A7F, 0x011E, 0x017E,
 0x017E, 0x015E, 0x099E, 0xC57F, 0xF67F, 0x637F, 0x00FE, 0x015E, 0x015E, 0x015E, 0x017E, 0x017E, 0x017E, 0x017E, 0x017E, 0x015E,
 0x015E, 0x013E, 0xA4DF, 0xEE5F, 0xC57F, 0x19BE, 0x00FE, 0x015E, 0x015E, 0x017E, 0x015E, 0x015E, 0x015E, 0x011E, 0x011E, 0x7BFF,
 0xEE3F, 0xE63F, 0xA4DF, 0x21FE, 0x4AFF, 0x2A5F, 0x013E, 0x017E, 0x017E, 0x011E, 0x42DF, 0xEE3F, 0xE63F, 0xEE5F, 0xDDFF, 0xEE3F,
 0x5B5F, 0x011E, 0x017E, 0x017E, 0x011E, 0x7BDF, 0xEE5F, 0xDDFF, 0xD5DF, 0xEE36, 0xFE6F, 0xFE51, 0xFED5, 0xFEF7, 0xFEF6, 0xFEF6,
 0xFEF6, 0xFEF6, 0xFEF6, 0xFEF7, 0xFEB4, 0xFE30, 0xFE31, 0xFE51, 0xFE51, 0xFE51, 0xFE51, 0xFE51, 0xFE73, 0xFF16, 0xFEF6, 0xFEF6,
 0xFD47, 0xFD47, 0xFD68, 0xFD89, 0xFD67, 0xFD47, 0xFD47, 0xFD47, 0xFD47, 0xFD69, 0xF589, 0xFD47, 0xFD47, 0xFD67, 0xFD67, 0xFD47,
 0xFD89, 0xFD88, 0xFD47, 0xFD67, 0xFD47, 0xFD47, 0xFD68, 0xFD8A, 0xDDDD, 0xDDFF, 0xDDFF, 0xDDFF, 0xE61F, 0xD5DF, 0xB51F, 0x841F,
 0x531F, 0x19DE, 0x013E, 0x017E, 0x011E, 0x011E, 0x015E, 0x015E, 0x017E, 0x011E, 0x4ADF, 0xEE3F, 0xDDDF, 0x221E, 0x013E, 0x017E,
 0x017E, 0x015E, 0x19DE, 0xD5BF, 0xEE5F, 0x5B3F, 0x00FE, 0x013E, 0x013E, 0x013E, 0x013E, 0x013E, 0x013E, 0x013E, 0x013E, 0x013E,
 0x013E, 0x011E, 0xA4DF, 0xE63F, 0xE63F, 0xC59F, 0x5B1F, 0x11BE, 0x015E, 0x013E, 0x013E, 0x013E, 0x097E, 0x3A7F, 0x9CBF, 0xEE3F,
 0xDDFF, 0xDDFF, 0xDDFF, 0xDDFF, 0xFE9F, 0x843F, 0x011E, 0x017E, 0x017E, 0x013E, 0x19FE, 0xD5DF, 0xDDFF, 0xDDFF, 0xDDFF, 0xEE3F,
 0x843F, 0x011E, 0x017E, 0x017E, 0x011E, 0x3A9F, 0xE63F, 0xDDFF, 0xD5DF, 0xE65B, 0xFEF4, 0xFED5, 0xFEF6, 0xFEF6, 0xFEF6, 0xFEF6,
 0xFEF6, 0xFEF6, 0xFEF6, 0xFEF6, 0xFEF6, 0xFED5, 0xFED5, 0xFED5, 0xFED6, 0xFED5, 0xFE51, 0xFE51, 0xFE51, 0xFE72, 0xFE72, 0xFEB5,
 0xFD47, 0xFD47, 0xFD68, 0xFDEB, 0xFD68, 0xFD47, 0xFD47, 0xFD47, 0xFD47, 0xFDA9, 0xFDCA, 0xFD47, 0xFD47, 0xFD47, 0xFD67, 0xFD48,
 0xFDCB, 0xFD89, 0xFD47, 0xFD67, 0xFD67, 0xFD47, 0xFD68, 0xF5EF, 0xDDFF, 0xDDFF, 0xDDFF, 0xDDDF, 0xDDFF, 0xEE5F, 0xF67F, 0xF67F,
 0xEE5F, 0xDDFF, 0xBD5F, 0x8C3F, 0x4ADF, 0x2A3F, 0x11BE, 0x015E, 0x011E, 0x00BE, 0x7BFF, 0xF67F, 0xCD9F, 0x09BE, 0x013E, 0x015E,
 0x015E, 0x013E, 0x221E, 0xDDDF, 0xDE1F, 0xBD5F, 0xACDF, 0xACDF, 0xA4DF, 0xA4BF, 0x9C9F, 0x9C9F, 0x9C9F, 0x9C9F, 0x9C9F, 0x9CBF,
 0xA4BF, 0xA4BF, 0xCDBF, 0xDDFF, 0xDDDF, 0xE61F, 0xEE3F, 0xCDBF, 0xACFF, 0x9C9F, 0x9C9F, 0xACDF, 0xC57F, 0xE61F, 0xE63F, 0xDDFF,
 0xDDFF, 0xDDFF, 0xDDFF, 0xDDFF, 0xE63F, 0x9CBF, 0x013E, 0x017E, 0x017E, 0x015E, 0x015E, 0xB53F, 0xE61F, 0xDDFF, 0xDDFF, 0xE61F,
 0xACFF, 0x015E, 0x015E, 0x013E, 0x011E, 0x013E, 0xC57F, 0xE61F, 0xD5DF, 0xDE1E, 0xFF16, 0xFF16, 0xFEF6, 0xFEF6, 0xFEF6, 0xFEF6,
 0xFEF6, 0xFEF6, 0xFEF6, 0xFEF6, 0xFEF6, 0xFF16, 0xFF16, 0xFEF6, 0xFF17, 0xFEF5, 0xFE51, 0xFE50, 0xFE50, 0xFE30, 0xFE2F, 0xFEB4,
 0xFD47, 0xFD47, 0xFD47, 0xFD48, 0xFD67, 0xFD47, 0xFD47, 0xFD47, 0xFD47, 0xFD48, 0xFD47, 0xFD47, 0xFD47, 0xFD47, 0xFD67, 0xFD67,
 0xF548, 0xFD48, 0xFD47, 0xFD67, 0xFD67, 0xFD47, 0xFD46, 0xED91, 0xD5FF, 0xDDFF, 0xDDFF, 0xDDFF, 0xC57F, 0x6B9F, 0x9C9F, 0xC57F,
 0xDE1F, 0xEE5F, 0xF67F, 0xEE5F, 0xE63F, 0xDDFF, 0xCD9F, 0xB51F, 0x8C3F, 0x637F, 0xC57F, 0xEE3F, 0xB53F, 0x015E, 0x017E, 0x017E,
 0x013E, 0x00DE, 0x2A3F, 0xE61F, 0xDDFF, 0xDE1F, 0xE63F, 0xE63F, 0xE63F, 0xE63F, 0xE63F, 0xE63F, 0xE63F, 0xE63F, 0xE63F, 0xE63F,
 0xE63F, 0xE63F, 0xDDFF, 0xDDFF, 0xDDFF, 0xDDFF, 0xDDFF, 0xDDFF, 0xE61F, 0xE63F, 0xE63F, 0xE63F, 0xE61F, 0xDDFF, 0xDDFF, 0xDDDF,
 0xDDDF, 0xD5DF, 0xDDDF, 0xDDFF, 0xE61F, 0xBD3F, 0x017E, 0x015E, 0x017E, 0x017E, 0x011E, 0x8C5F, 0xEE3F, 0xDDFF, 0xDDFF, 0xDDFF,
 0xCDBF, 0x099E, 0x015E, 0x19FE, 0x3A9F, 0x5B3F, 0xC57F, 0xDE1F, 0xDDFF, 0xDDDF, 0xF6D8, 0xFF16, 0xFEF6, 0xFEF6, 0xFEF6, 0xFEF6,
 0xFEF6, 0xFEF6, 0xFEF6, 0xFEF6, 0xFEF6, 0xFEF6, 0xFEF6, 0xFEF6, 0xFEF6, 0xFEF6, 0xF674, 0xF673, 0xF673, 0xF673, 0xF673, 0xF6B3,
 0xFD47, 0xFD47, 0xFD47, 0xFD47, 0xFD67, 0xFD47, 0xFD47, 0xFD47, 0xFD47, 0xFD48, 0xFD47, 0xFD47, 0xFD47, 0xFD47, 0xFD67, 0xFD67,
 0xFD47, 0xFD47, 0xFD47, 0xFD67, 0xFD67, 0xFD47, 0xFD45, 0xEDB6, 0xD5FF, 0xDDFF, 0xDDFF, 0xEE3F, 0x947F, 0x00BE, 0x011E, 0x099E,
 0x325F, 0x5B5F, 0x945F, 0xCD9F, 0xEE3F, 0xDDFF, 0xDE1F, 0xF67F, 0xF67F, 0xEE5F, 0xDDFF, 0xDDFF, 0xCDBF, 0xB51F, 0xBD5F, 0xBD3F,
 0xA4BF, 0x6B7F, 0x637F, 0xDE1F, 0xDDFF, 0xDDFF, 0xDDFF, 0xDDFF, 0xDDFF, 0xDDFF, 0xDDFF, 0xDDFF, 0xDDFF, 0xDDFF, 0xDDFF, 0xDDFF,
 0xDDFF, 0xDDFF, 0xDDFF, 0xDDFF, 0xDDFF, 0xDDDF, 0xD5DF, 0xDDDF, 0xDDFF, 0xDDFF, 0xDDDF, 0xDDDF, 0xD5DF, 0xD5DF, 0xD5DF, 0xDDFF,
 0xDDFF, 0xDE1E, 0xDDFF, 0xDDFF, 0xDDFF, 0xCDBF, 0x11BE, 0x011E, 0x013E, 0x013E, 0x00DE, 0x531F, 0xEE5F, 0xDDFF, 0xDDFF, 0xDDFF,
 0xDDFF, 0xA4DF, 0xBD3F, 0xD5DF, 0xE61F, 0xEE5F, 0xDDFF, 0xDDDF, 0xDDFF, 0xD5DF, 0xEE7A, 0xFF15, 0xFEF6, 0xFEF6, 0xFEF6, 0xFEF6,
 0xFEF6, 0xFEF6, 0xFEF6, 0xFEF6, 0xFEF6, 0xFEF6, 0xFEF6, 0xFEF6, 0xFEF6, 0xFEF7, 0xFFBC, 0xFFBD, 0xFFBD, 0xFFBD, 0xFFFD, 0xEE51,
 0xFD47, 0xFD47, 0xFD47, 0xFD47, 0xFD47, 0xFD47, 0xFD47, 0xFD47, 0xFD47, 0xFD47, 0xFD47, 0xFD47, 0xFD47, 0xFD47, 0xFD47, 0xFD47,
 0xFD47, 0xFD47, 0xFD47, 0xFD47, 0xFD47, 0xFD47, 0xFD46, 0xE5DB, 0xD5FF, 0xD5FF, 0xDDFF, 0xEE5F, 0x635F, 0x011E, 0x017E, 0x013E,
 0x00DE, 0x00DE, 0x011E, 0x119E, 0x73BF, 0xE61F, 0xD5DF, 0x9CBF, 0xBD3F, 0xD5DF, 0xDDFF, 0xDDDF, 0xDDFF, 0xF67F, 0xF67F, 0xF67F,
 0xF67F, 0xEE5F, 0xE61F, 0xDDDF, 0xDDFF, 0xDDFF, 0xDDFF, 0xDDFF, 0xDDFF, 0xDDFF, 0xDDFF, 0xDDFF, 0xDDFF, 0xDDFF, 0xDDFF, 0xDDFF,
 0xDDFF, 0xDDFF, 0xDDFF, 0xDDFF, 0xDDFF, 0xDE1E, 0xE65C, 0xDE1E, 0xDDFF, 0xDDFF, 0xDDFE, 0xDDFE, 0xDE1D, 0xE63C, 0xF699, 0xFED7,
 0xFED7, 0xFF16, 0xEE5C, 0xD5DF, 0xDDFF, 0xDDFF, 0x3A9F, 0x11BE, 0x221E, 0x2A3F, 0x2A1E, 0x5B5F, 0xE61F, 0xDDFF, 0xDDFF, 0xDDFF,
 0xDDFF, 0xE63F, 0xE61F, 0xDDFF, 0xDDFF, 0xDDFF, 0xDDFF, 0xDDDF, 0xD5DF, 0xD5BF, 0xE61E, 0xFEF6, 0xFEF6, 0xFEF6, 0xFEF6, 0xFEF6,
 0xFEF6, 0xFEF6, 0xFEF6, 0xFEF6, 0xFEF6, 0xFEF6, 0xFEF6, 0xFEF6, 0xFEF6, 0xFF17, 0xFFBD, 0xFFDE, 0xFFBD, 0xFFBD, 0xFFFE, 0xF651,
 0xFD47, 0xFD47, 0xFD47, 0xFD47, 0xFD47, 0xFD47, 0xFD47, 0xFD47, 0xFD47, 0xFD47, 0xFD47, 0xFD47, 0xFD47, 0xFD47, 0xFD47, 0xFD47,
 0xFD47, 0xFD47, 0xFD47, 0xFD47, 0xFD47, 0xFD47, 0xFD47, 0xFD6B, 0xF590, 0xE5DA, 0xDDFF, 0xDE1F, 0x2A5F, 0x013E, 0x013E, 0x221F,
 0x6B9F, 0x19FE, 0x015E, 0x015E, 0x00DE, 0x7BFF, 0xC57F, 0x013E, 0x015E, 0x19BE, 0x947F, 0xEE5F, 0xDE1F, 0xA4BF, 0x841F, 0x8C5F,
 0xACDF, 0xD5DF, 0xEE3F, 0xDDFF, 0xDDFF, 0xDDFF, 0xDE1F, 0xEE3F, 0xEE5F, 0xEE3F, 0xE61F, 0xDDFF, 0xDDFF, 0xDDFF, 0xDDFF, 0xDDFF,
 0xDDFF, 0xDDFF, 0xDDFF, 0xDDFF, 0xDDFF, 0xDDFF, 0xDE1E, 0xDDFF, 0xDDFF, 0xDE1F, 0xF719, 0xFF39, 0xFF58, 0xFF58, 0xFF58, 0xFF58,
 0xFF37, 0xFF15, 0xEE7B, 0xD5DF, 0xDDFF, 0xDDFF, 0xD5BF, 0xD5BF, 0xD5DF, 0xDDFF, 0xDE1F, 0xDDFF, 0xDDFF, 0xDDFF, 0xDDFF, 0xDDFF,
 0xDDFF, 0xDDDF, 0xDDDF, 0xD5DF, 0xD5DF, 0xD5DF, 0xDDDF, 0xDDFF, 0xE61E, 0xE65C, 0xEE9A, 0xFEF6, 0xFEF6, 0xFEF6, 0xFEF6, 0xFEF6,
 0xFEF6, 0xFEF6, 0xFEF6, 0xFEF6, 0xFEF6, 0xFEF6, 0xFEF6, 0xFEF6, 0xFEF6, 0xFF17, 0xFFBC, 0xFFBD, 0xFFBD, 0xFFBD, 0xFFFE, 0xF651,
 0xFD47, 0xFD47, 0xFD47, 0xFD47, 0xFD47, 0xFD47, 0xFD47, 0xFD47, 0xFD47, 0xFD47, 0xFD47, 0xFD47, 0xFD47, 0xFD47, 0xFD47, 0xFD47,
 0xFD47, 0xFD47, 0xFD47, 0xFD47, 0xFD47, 0xFD47, 0xFD47, 0xFD46, 0xFD43, 0xEDB6, 0xDE1F, 0xC57F, 0x097E, 0x015E, 0x011E, 0x73BF,
 0xFEDF, 0xBD3F, 0x017E, 0x015E, 0x013E, 0x2A3F, 0x947F, 0x013E, 0x015E, 0x00FE, 0x9C9F, 0xDDFF, 0x3A7F, 0x011E, 0x00FE, 0x00FE,
 0x013E, 0x19DE, 0x8C3F, 0xE63F, 0xDDFF, 0xE63F, 0xCD9F, 0x947F, 0x841F, 0x945F, 0xB51F, 0xE61F, 0xE61F, 0xDDFF, 0xEE3F, 0xEE5F,
 0xEE5F, 0xDE1F, 0xD5DF, 0xDDFF, 0xEE5F, 0xEE3F, 0xEE5F, 0xE61F, 0xD5DF, 0xDDFF, 0xFF9D, 0xFFDD, 0xFFDD, 0xFFBD, 0xFFBD, 0xFFDE,
 0xFF7A, 0xFEF5, 0xF699, 0xD5DF, 0xDDFF, 0xDDFF, 0xDDFF, 0xDDFF, 0xDDFF, 0xDDFF, 0xDDFF, 0xDDFF, 0xDDFF, 0xDDFF, 0xDDFF, 0xDDFF,
 0xDDDF, 0xDDFF, 0xDE1E, 0xE63D, 0xEE7B, 0xF69A, 0xF6B8, 0xFEF7, 0xFEF6, 0xFF16, 0xFF16, 0xFEF6, 0xFEF6, 0xFEF6, 0xFEF6, 0xFEF6,
 0xFEF6, 0xFEF6, 0xFEF6, 0xFEF6, 0xFEF6, 0xFEF6, 0xFEF6, 0xFEF6, 0xFEF6, 0xFF17, 0xFFBC, 0xFFDD, 0xFFBD, 0xFFBD, 0xFFFE, 0xF651,
 0xFDCA, 0xFD47, 0xFD47, 0xFD47, 0xFD47, 0xFD47, 0xFDCA, 0xFD89, 0xFD47, 0xFD48, 0xFD47, 0xFD67, 0xFD68, 0xFDCB, 0xFD48, 0xFD66,
 0xFD47, 0xFD47, 0xFD47, 0xFD89, 0xFDAA, 0xFD47, 0xFD47, 0xFD47, 0xFD67, 0xDDDC, 0xE63F, 0x947F, 0x011E, 0x015E, 0x013E, 0x947F,
 0xFE9F, 0xB51F, 0x015E, 0x015E, 0x013E, 0x325F, 0x6B9F, 0x011E, 0x015E, 0x015E, 0xC57F, 0x5B3F, 0x00DE, 0x015E, 0x015E, 0x099E,
 0x013E, 0x013E, 0x00FE, 0x947F, 0xF67F, 0x9C9F, 0x119E, 0x011E, 0x00DE, 0x00DE, 0x013E, 0x3A7F, 0xC59F, 0xCD9F, 0x5B3F, 0x5B3F,
 0x5B1F, 0xB51F, 0xEE3F, 0xC57F, 0x637F, 0x637F, 0x635F, 0x8C5F, 0xE61F, 0xDDFF, 0xF79F, 0xFFFF, 0xFFDF, 0xFFDE, 0xFFBD, 0xFFBE,
 0xFF7A, 0xFEF6, 0xFEB8, 0xD5DF, 0xD5DF, 0xD5DF, 0xD5DF, 0xD5DF, 0xD5DF, 0xD5BF, 0xD5BF, 0xD5DF, 0xD5DF, 0xD5DF, 0xD5DF, 0xD5DF,
 0xEE7B, 0xFED7, 0xFEF7, 0xFF16, 0xFF16, 0xFF16, 0xFF16, 0xFEF6, 0xFEF6, 0xFEF6, 0xFEF6, 0xFEF6, 0xFEF6, 0xFEF6, 0xFEF6, 0xFEF6,
 0xFEF6, 0xFEF6, 0xFEF6, 0xFEF6, 0xFEF6, 0xFEF6, 0xFEF6, 0xFEF6, 0xFEF5, 0xFEF7, 0xFFBD, 0xFFBD, 0xFFBD, 0xFFDF, 0xFFFF, 0xEE71,
 0xFDA9, 0xFD47, 0xFD67, 0xFD47, 0xFD47, 0xFD47, 0xFD89, 0xFD88, 0xFD47, 0xFD48, 0xFD47, 0xFD67, 0xFD68, 0xFD8A, 0xFD68, 0xFD67,
 0xFD47, 0xFD47, 0xFD47, 0xFD89, 0xFD89, 0xFD47, 0xFD47, 0xFD46, 0xF56B, 0xDDFF, 0xEE5F, 0x5B5F, 0x011E, 0x017E, 0x015E, 0x11BE,
 0x42BF, 0x21FE, 0x015E, 0x017E, 0x00FE, 0x5B3F, 0x531F, 0x011E, 0x015E, 0x11DE, 0xBD3F, 0x11BE, 0x015E, 0x011E, 0x73DF, 0xDDFF,
 0x4ADF, 0x013E, 0x011E, 0x42BF, 0xCDBF, 0x097E, 0x011E, 0x015E, 0x327F, 0x2A3E, 0x015E, 0x00FE, 0x327F, 0xB51F, 0x011E, 0x00FE,
 0x00BE, 0x8C3F, 0xF67F, 0xACFF, 0x00FE, 0x00FE, 0x00BE, 0x42BF, 0xEE3F, 0xDDFF, 0xF633, 0xFE50, 0xFE30, 0xEE72, 0xFFBC, 0xFFBE,
 0xFF7A, 0xFEF6, 0xFEF7, 0xE63E, 0xE65F, 0xE65F, 0xE67F, 0xE67F, 0xE69E, 0xE6BF, 0xEEDE, 0xEEBD, 0xEE7B, 0xEE9B, 0xEE9A, 0xF699,
 0xFEF7, 0xFF16, 0xFEF6, 0xFEF6, 0xFEF6, 0xFEF6, 0xFEF6, 0xFEF6, 0xFEF6, 0xFEF6, 0xFEF6, 0xFEF6, 0xFEF6, 0xFEF6, 0xFEF7, 0xFF5A,
 0xFF7B, 0xFF59, 0xFEF6, 0xFEF6, 0xFEF6, 0xFEF6, 0xFEF6, 0xFF59, 0xFF7A, 0xFF7A, 0xFFBD, 0xFFDE, 0xF759, 0xEE31, 0xEE71, 0xF5AB,
 0xFD47, 0xFD47, 0xFD47, 0xFD47, 0xFD47, 0xFD47, 0xFD47, 0xFD47, 0xFD47, 0xFD47, 0xFD67, 0xFD67, 0xFD47, 0xFD47, 0xFD67, 0xFD67,
 0xFD67, 0xFD67, 0xFD67, 0xFD47, 0xFD47, 0xFD47, 0xFD47, 0xFD45, 0xF591, 0xDDFF, 0xDDFF, 0x2A3F, 0x013E, 0x017E, 0x013E, 0x013E,
 0x011E, 0x013E, 0x017E, 0x011E, 0x015E, 0xACFF, 0x2A5F, 0x013E, 0x013E, 0x327F, 0xA4DF, 0x013E, 0x015E, 0x017E, 0xC55F, 0xFEBF,
 0x73DF, 0x00FE, 0x013E, 0x3A9F, 0x7BFF, 0x011E, 0x013E, 0x2A3F, 0xEE3F, 0xCD9F, 0x099E, 0x013E, 0x015E, 0x7BFF, 0x099E, 0x015E,
 0x011E, 0x945F, 0xF69F, 0xACFF, 0x013E, 0x015E, 0x00FE, 0x6B7F, 0xEE5F, 0xDDFF, 0xFD49, 0xFD25, 0xFD05, 0xED6A, 0xF7BC, 0xFFDE,
 0xFF7B, 0xFEF6, 0xFEF6, 0xFF7A, 0xFFDD, 0xFFDD, 0xFFDD, 0xFFDD, 0xFFDD, 0xFFDD, 0xFFFD, 0xFF9A, 0xFF15, 0xFF16, 0xFF16, 0xFF16,
 0xFEF6, 0xFEF6, 0xFEF6, 0xFEF6, 0xFEF6, 0xFEF6, 0xFEF6, 0xFEF6, 0xFEF6, 0xFEF6, 0xFEF6, 0xFEF6, 0xFEF6, 0xFEF6, 0xFF17, 0xFFBD,
 0xFFDE, 0xFF9B, 0xFEF6, 0xFEF6, 0xFEF6, 0xFEF6, 0xFEF6, 0xFF9B, 0xFFDE, 0xFFDD, 0xFFBD, 0xFFFE, 0xF6F6, 0xF4E5, 0xFD26, 0xFD47,
 0xFD46, 0xFD47, 0xFD47, 0xFD47, 0xFD47, 0xFD47, 0xFD46, 0xFD46, 0xFD47, 0xFD47, 0xFD47, 0xFD47, 0xFD46, 0xFD46, 0xFD46, 0xFD47,
 0xFD46, 0xFD47, 0xFD47, 0xFD47, 0xFD47, 0xFD47, 0xFD47, 0xFD45, 0xE5B7, 0xDE1F, 0xBD5F, 0x017E, 0x015E, 0x015E, 0x221E, 0x11DE,
 0x013E, 0x015E, 0x097E, 0x635F, 0xC55F, 0xCD9F, 0x097E, 0x015E, 0x011E, 0x531F, 0x947F, 0x011E, 0x015E, 0x11DF, 0xD5BE, 0xF63B,
 0x5B3F, 0x011E, 0x013E, 0x42BF, 0x5B3F, 0x011E, 0x011E, 0x4AFF, 0xEE5F, 0xD5DF, 0x2A5F, 0x015E, 0x011E, 0x5B5F, 0x099E, 0x015E,
 0x011E, 0x73BF, 0xFE9F, 0x947F, 0x011E, 0x011E, 0x015E, 0xBD3F, 0xE63F, 0xDDDB, 0xFD47, 0xFD47, 0xFD46, 0xF5AA, 0xF7BC, 0xFFDE,
 0xFF7A, 0xFED6, 0xFED6, 0xFF5A, 0xFFBE, 0xFFBD, 0xFFDC, 0xFFBD, 0xFFDC, 0xFFBD, 0xFFBE, 0xFF7B, 0xFEF5, 0xFEF6, 0xFEF6, 0xFEF6,
 0xFEF6, 0xFEF6, 0xFEF6, 0xFEF6, 0xFEF6, 0xFEF6, 0xFEF6, 0xFEF6, 0xFEF6, 0xFEF6, 0xFEF7, 0xFEF6, 0xFEF7, 0xFEF6, 0xF717, 0xFFBC,
 0xFFDD, 0xFF9A, 0xFEF6, 0xFEF6, 0xFEF6, 0xF6F7, 0xFEF6, 0xFF9B, 0xFFDD, 0xFFBD, 0xFFBD, 0xFFDF, 0xF717, 0xF527, 0xFD67, 0xFD67,
 0xF5AA, 0xF5AA, 0xF5AA, 0xF5AA, 0xF5AA, 0xF5AA, 0xF5AA, 0xF5AA, 0xF58A, 0xF58A, 0xF58A, 0xF58A, 0xF5AA, 0xF5AA, 0xF5AA, 0xF5AA,
 0xF58A, 0xF58A, 0xFD68, 0xFD47, 0xFD67, 0xFD47, 0xFD47, 0xFD48, 0xDDDD, 0xEE3F, 0x945F, 0x011E, 0x015E, 0x015E, 0xB51F, 0xDDFF,
 0x42BF, 0x011E, 0x013E, 0x42DF, 0xF67F, 0xA4BF, 0x013E, 0x015E, 0x011E, 0x73BF, 0x843F, 0x011E, 0x013E, 0x19FE, 0xE61F, 0xF69F,
 0x3A9F, 0x011E, 0x011E, 0x533F, 0x4AFF, 0x011E, 0x011E, 0x5B5F, 0xEE5F, 0xD5DF, 0x947F, 0x8C5F, 0x841F, 0x841F, 0x017E, 0x015E,
 0x015E, 0x017E, 0x2A5F, 0x11BE, 0x099E, 0x323F, 0x9C9F, 0xE63F, 0xD5FF, 0xED91, 0xFD45, 0xFD47, 0xFD47, 0xFD48, 0xF5CC, 0xF5AB,
 0xF671, 0xFFBC, 0xFF9B, 0xFFBD, 0xFFBD, 0xFFBD, 0xEE0F, 0xED8A, 0xEE0E, 0xFFBC, 0xFFDE, 0xFF7B, 0xFEF6, 0xFEF6, 0xFEF6, 0xFEF6,
 0xFEF6, 0xFEF6, 0xFEF6, 0xFEF6, 0xFEF6, 0xFEF6, 0xFEF6, 0xFEF6, 0xFEF6, 0xFEF6, 0xFEF6, 0xFEF6, 0xFF7A, 0xFFBC, 0xFF9B, 0xF718,
 0xF718, 0xF718, 0xFEF6, 0xFEF5, 0xFF59, 0xFF9C, 0xFF9B, 0xFFBD, 0xFFBD, 0xFFBD, 0xFFBD, 0xFFFE, 0xFF16, 0xF527, 0xFD67, 0xFD47,
 0xFE51, 0xFE51, 0xFE51, 0xFE51, 0xFE51, 0xFE51, 0xFE51, 0xFE51, 0xFE51, 0xFE51, 0xFE51, 0xFE51, 0xFE51, 0xFE51, 0xFE51, 0xFE51,
 0xFE51, 0xFE71, 0xFDCB, 0xFD47, 0xFD67, 0xFD47, 0xFD46, 0xF56C, 0xDDFF, 0xEE5F, 0x5B3F, 0x011E, 0x013E, 0x223E, 0xEE3F, 0xFEDF,
 0x637F, 0x00FE, 0x015E, 0x015E, 0xCD9F, 0x841F, 0x011E, 0x017E, 0x011E, 0x945F, 0x8C3F, 0x00FE, 0x017E, 0x015E, 0x531F, 0x8C3F,
 0x11BE, 0x015E, 0x011E, 0x7BDF, 0x4ADF, 0x011E, 0x011E, 0x531F, 0xFEDF, 0xB51F, 0x013E, 0x099E, 0x2A5F, 0x841F, 0x017E, 0x015E,
 0x017E, 0x013E, 0x00FE, 0x013E, 0x21FE, 0x9CBF, 0xF67F, 0xD5FF, 0xDDDC, 0xFD47, 0xFD47, 0xFD47, 0xFD47, 0xFD48, 0xFD46, 0xFCE5,
 0xEE10, 0xFFFE, 0xFFDE, 0xFFDE, 0xFFDE, 0xFFDE, 0xEDAC, 0xFD23, 0xF589, 0xFF9D, 0xFFFF, 0xFF9B, 0xFEF6, 0xFEF6, 0xFEF6, 0xFEF6,
 0xFEF6, 0xFEF6, 0xFEF6, 0xFEF6, 0xFEF6, 0xFEF6, 0xFEF6, 0xFEF6, 0xFEF6, 0xFEF6, 0xFEF6, 0xFEF6, 0xFF9C, 0xFFDE, 0xFFBC, 0xFEF7,
 0xFEF6, 0xFEF6, 0xFEF6, 0xFEF5, 0xFF79, 0xFFDE, 0xFFBD, 0xFFBD, 0xFFBD, 0xFFBD, 0xFFBE, 0xFFFF, 0xF717, 0xF527, 0xFD47, 0xFD67,
 0xFE31, 0xFE31, 0xFE31, 0xFE31, 0xFE31, 0xFE31, 0xFE31, 0xFE51, 0xFE51, 0xFE51, 0xFE51, 0xFE51, 0xFE51, 0xFE31, 0xFE31, 0xFE31,
 0xFE31, 0xFE51, 0xF5AB, 0xFD26, 0xFD47, 0xFD47, 0xFD45, 0xEDB2, 0xDDFF, 0xDDFF, 0x221E, 0x013E, 0x015E, 0x11BE, 0x637F, 0x843F,
 0x19DE, 0x015E, 0x015E, 0x017E, 0xCD9F, 0x5B3F, 0x011E, 0x017E, 0x013E, 0xA4DF, 0xC57F, 0x013E, 0x013E, 0x017E, 0x011E, 0x011E,
 0x015E, 0x015E, 0x011E, 0xB51F, 0x42DF, 0x011E, 0x015E, 0x097E, 0x5B3F, 0x325F, 0x013E, 0x015E, 0x099E, 0x8C3F, 0x017E, 0x015E,
 0x011E, 0x6B9F, 0x6B9F, 0x013E, 0x013E, 0x013E, 0x947F, 0xEE3F, 0xDDFF, 0xF56D, 0xFD46, 0xFD67, 0xFD68, 0xFD47, 0xFD47, 0xFD26,
 0xF60E, 0xFF9A, 0xF77B, 0xFF7A, 0xFF7A, 0xFF79, 0xF5CB, 0xFD25, 0xF5AA, 0xFF79, 0xF77B, 0xF758, 0xFEF6, 0xFEF7, 0xFEF6, 0xFEF6,
 0xFEF6, 0xFEF6, 0xFEF6, 0xFEF6, 0xFEF6, 0xFEF6, 0xFEF6, 0xFEF6, 0xFEF6, 0xFF17, 0xF718, 0xFF17, 0xFF7A, 0xFFBC, 0xFF9C, 0xFEF7,
 0xFEF6, 0xFEF7, 0xFF18, 0xF6F7, 0xFF5A, 0xFFDD, 0xFFBD, 0xFFBD, 0xFFBD, 0xFFDC, 0xFF9B, 0xF79B, 0xF6D4, 0xF527, 0xFD67, 0xFD67,
 0xFEB4, 0xFEB4, 0xFEB4, 0xFE94, 0xFEB4, 0xFEB4, 0xFEB4, 0xFE72, 0xFE51, 0xFE51, 0xFE51, 0xFE51, 0xFE71, 0xFEB3, 0xFEB4, 0xFEB4,
 0xFE94, 0xFEB4, 0xFE2F, 0xFDCC, 0xFDEC, 0xFD68, 0xFD66, 0xE5F9, 0xDE1F, 0xBD5F, 0x015E, 0x00FE, 0x013E, 0x013E, 0x011E, 0x011E,
 0x015E, 0x017E, 0x013E, 0x221E, 0xE61F, 0x325F, 0x013E, 0x015E, 0x015E, 0xB53F, 0xF65F, 0x843F, 0x097E, 0x00FE, 0x011E, 0x011E,
 0x011E, 0x00DE, 0x531F, 0xF67F, 0x73BF, 0x00DE, 0x017E, 0x015E, 0x011E, 0x013E, 0x017E, 0x00FE, 0x42BF, 0xACFF, 0x013E, 0x015E,
 0x00FE, 0x841F, 0xE61F, 0x11BE, 0x015E, 0x013E, 0x11DE, 0xD5BF, 0xDE1F, 0xE5B8, 0xFD45, 0xFD89, 0xFDCA, 0xFD47, 0xFD47, 0xFD47,
 0xFD67, 0xF549, 0xF5CC, 0xF5AB, 0xF568, 0xF568, 0xFD68, 0xFD47, 0xF569, 0xFDEC, 0xF548, 0xEDED, 0xFF16, 0xFEF6, 0xFEF7, 0xFEF6,
 0xFEF6, 0xFEF6, 0xFEF6, 0xFEF6, 0xFEF6, 0xFEF6, 0xFEF6, 0xFEF6, 0xFEF6, 0xFF59, 0xFFDD, 0xFFBC, 0xFF38, 0xFEF6, 0xFEF7, 0xFEF6,
 0xFEF6, 0xFF38, 0xFFBC, 0xFFBD, 0xFFBD, 0xFFBD, 0xFFBD, 0xFFBD, 0xFFBE, 0xF79B, 0xEDEF, 0xF569, 0xF548, 0xFD67, 0xFD67, 0xFD47,
 0xFF16, 0xFF16, 0xFF16, 0xFF16, 0xFF17, 0xFEF7, 0xFF17, 0xF693, 0xFE51, 0xFE51, 0xFE50, 0xFE50, 0xFE72, 0xFF16, 0xFEF7, 0xFEF7,
 0xFF17, 0xFF17, 0xFEB4, 0xFE51, 0xFE71, 0xFD89, 0xFD48, 0xDDDE, 0xDDFF, 0xD5DF, 0xACFF, 0x73BF, 0x327F, 0x097E, 0x011E, 0x011E,
 0x013E, 0x011E, 0x00DE, 0x841F, 0xDDFF, 0x11BE, 0x015E, 0x015E, 0x11BE, 0xCD9F, 0xDE1F, 0xEE3F, 0xC57F, 0x7BFF, 0x4AFF, 0x3A7F,
 0x3A9F, 0x7BFF, 0xDDFF, 0xE61F, 0xD5DF, 0x42BF, 0x011E, 0x00FE, 0x011E, 0x011E, 0x00FE, 0x097E, 0xBD5F, 0xACFF, 0x013E, 0x015E,
 0x011E, 0x6BBF, 0xF67F, 0x221E, 0x00DE, 0x013E, 0x00DE, 0x7BFF, 0xEE5F, 0xDDFF, 0xFD69, 0xFD47, 0xFD48, 0xFD47, 0xFD47, 0xFD47,
 0xFD47, 0xFD46, 0xFD47, 0xFD47, 0xFD47, 0xFD47, 0xFD47, 0xFD47, 0xFD47, 0xFD48, 0xFD26, 0xFDEB, 0xFF38, 0xFF17, 0xFEF6, 0xFEF6,
 0xFEF6, 0xFEF6, 0xFEF6, 0xFEF6, 0xFEF6, 0xFEF6, 0xFEF6, 0xFEF6, 0xFEF6, 0xFF7A, 0xFFDE, 0xFFDE, 0xF718, 0xFEF6, 0xFEF6, 0xFEF6,
 0xFEF5, 0xFF38, 0xFFDD, 0xFFBE, 0xFFBD, 0xFFBD, 0xFFBD, 0xFFDD, 0xFFFF, 0xF7BC, 0xF569, 0xFD26, 0xFD47, 0xFD47, 0xFD67, 0xFD67,
 0xFEF6, 0xFEF6, 0xFEF6, 0xFEF6, 0xFEF6, 0xFEF6, 0xFF16, 0xFE93, 0xFE31, 0xFE31, 0xFE51, 0xFE31, 0xFE53, 0xFEF6, 0xFF16, 0xFEF6,
 0xFEF7, 0xFEF6, 0xFE93, 0xFE51, 0xFE51, 0xF569, 0xF54A, 0xDDDC, 0xD5FF, 0xD5FF, 0xE63F, 0xEE5F, 0xE61F, 0xC57F, 0x8C3F, 0x4AFF,
 0x2A3F, 0x327F, 0x841F, 0xEE5F, 0xA4DF, 0x00FE, 0x013E, 0x013E, 0x2A3F, 0xDDFF, 0xDDFF, 0xD5FF, 0xDE1F, 0xEE5F, 0xE63F, 0xE61F,
 0xE63F, 0xEE3F, 0xDDFF, 0xD5FF, 0xDE1F, 0xE61F, 0x9C9F, 0x635F, 0x42BF, 0x3A9F, 0x635F, 0xBD5F, 0xF67F, 0x9CBF, 0x013E, 0x015E,
 0x011E, 0x637F, 0xF67F, 0x7BFF, 0x4ADF, 0x3A9F, 0x21FE, 0x4AFF, 0xE61F, 0xD5FF, 0xF590, 0xFD45, 0xFD47, 0xFD47, 0xFD47, 0xFD47,
 0xFD47, 0xFD67, 0xFD67, 0xFD47, 0xFD47, 0xFD47, 0xFD47, 0xFD67, 0xFD67, 0xFD47, 0xFD46, 0xF5AA, 0xF672, 0xF651, 0xF6D5, 0xFF59,
 0xFF39, 0xFF39, 0xF739, 0xFF38, 0xFEF7, 0xFEF6, 0xFEF6, 0xFEF6, 0xFEF6, 0xFF38, 0xFF9B, 0xFF7B, 0xFF18, 0xFEF6, 0xFF16, 0xFF38,
 0xFF38, 0xFF5A, 0xFFBD, 0xFFBD, 0xFFBD, 0xFFBD, 0xFFDC, 0xF717, 0xF6F6, 0xF6B4, 0xF568, 0xFD47, 0xFD67, 0xFD47, 0xFD67, 0xFD67,
 0xFEF6, 0xFEF6, 0xFEF6, 0xFF17, 0xFED5, 0xFE72, 0xFE72, 0xFEB3, 0xFED5, 0xFED5, 0xFED5, 0xFED5, 0xFEB4, 0xF672, 0xFE72, 0xFEB4,
 0xFEF7, 0xFEF7, 0xFEF5, 0xFED4, 0xFED5, 0xF630, 0xFE0E, 0xFDEE, 0xF56D, 0xED93, 0xE5DA, 0xDDFF, 0xD5FF, 0xDE1F, 0xEE5F, 0xE63F,
 0xDDFF, 0xE61F, 0xEE3F, 0xE61F, 0xB51F, 0x42BF, 0x19DE, 0x00FE, 0x3A9F, 0xE63F, 0xDDFF, 0xEDB4, 0xE5B8, 0xDDDE, 0xDDFF, 0xDDFF,
 0xDDFF, 0xDDFF, 0xE5B8, 0xED92, 0xDDDE, 0xD5FF, 0xE63F, 0xEE5F, 0xE63F, 0xE61F, 0xEE5F, 0xE61F, 0xE63F, 0x9C9F, 0x013E, 0x017E,
 0x011E, 0x5B5F, 0xEE3F, 0xE63F, 0xE63F, 0xE61F, 0xDDFF, 0xD5BF, 0xDDDF, 0xD5FF, 0xE5B8, 0xFD45, 0xFD67, 0xFD47, 0xFD47, 0xFD47,
 0xFD47, 0xFD47, 0xFD67, 0xFD47, 0xFD47, 0xFD47, 0xFD47, 0xFD47, 0xFD67, 0xFD67, 0xFD67, 0xFD47, 0xFD26, 0xECE6, 0xEE94, 0xFFFE,
 0xFFDD, 0xFFDD, 0xFFDE, 0xFFBC, 0xF6F7, 0xFEF6, 0xFEF6, 0xFEF6, 0xFEF6, 0xFEF6, 0xFEF6, 0xFEF6, 0xFEF6, 0xFEF6, 0xFF17, 0xFFBD,
 0xFFBE, 0xFFBD, 0xFFBD, 0xFFBD, 0xFFBD, 0xFFBD, 0xFFDD, 0xEDCD, 0xFD05, 0xF526, 0xFD67, 0xFD47, 0xFD47, 0xFD47, 0xFD67, 0xFD47,
 0xFEF6, 0xFEF6, 0xFEF6, 0xFF17, 0xFEB4, 0xFE31, 0xFE30, 0xFEB4, 0xFF17, 0xFF16, 0xFF16, 0xFF17, 0xFEF5, 0xFE51, 0xFE30, 0xFE92,
 0xFF17, 0xFEF7, 0xFF16, 0xFF16, 0xFEF6, 0xFE72, 0xFE51, 0xFE4F, 0xFD46, 0xFD45, 0xFD46, 0xFD6A, 0xED90, 0xE5B7, 0xDDDD, 0xDDFF,
 0xDDFF, 0xDDFF, 0xD5FF, 0xD5FF, 0xDE1F, 0xE63F, 0xD5DF, 0xA4DF, 0xA4DF, 0xDE1F, 0xDDFF, 0xFD68, 0xFD45, 0xFD69, 0xF56C, 0xF58E,
 0xF58D, 0xFD6A, 0xFD46, 0xFD45, 0xFD6A, 0xEDB5, 0xDDDC, 0xDDFF, 0xDDFF, 0xDDFF, 0xDDFF, 0xDDFF, 0xE63F, 0x9C9F, 0x013E, 0x017E,
 0x011E, 0x533F, 0xEE3F, 0xDDFF, 0xDDFF, 0xDDFF, 0xDDFF, 0xDE1F, 0xD5FF, 0xD5FF, 0xDDFF, 0xFD69, 0xFD46, 0xFD47, 0xFD47, 0xFD47,
 0xFD67, 0xFD67, 0xFD47, 0xFD67, 0xFD47, 0xFD47, 0xFD47, 0xFD47, 0xFD47, 0xFD47, 0xFD47, 0xFD67, 0xFD66, 0xF506, 0xF6D4, 0xFFFF,
 0xFFFE, 0xFFBD, 0xFFBE, 0xFFBC, 0xF6F7, 0xFED6, 0xFEF6, 0xFEF6, 0xFEF6, 0xFEF6, 0xFEF6, 0xFEF6, 0xFEF6, 0xFED6, 0xF6F7, 0xFFBC,
 0xFFBD, 0xFFDD, 0xFFFE, 0xFFFE, 0xFFFE, 0xFFFF, 0xFFFE, 0xF5ED, 0xFD26, 0xFD47, 0xFD67, 0xFD67, 0xFD47, 0xFD47, 0xFD67, 0xFD67,
 0xF717, 0xF6F7, 0xFEF6, 0xFF16, 0xFED4, 0xFE52, 0xF652, 0xFEB5, 0xFF17, 0xFEF6, 0xFEF6, 0xFEF6, 0xFED5, 0xF672, 0xFE51, 0xFE93,
 0xFEF6, 0xFEF6, 0xFEF6, 0xFEF7, 0xFEF6, 0xFE72, 0xFE52, 0xFE50, 0xFD68, 0xFD47, 0xFD47, 0xFD46, 0xFD65, 0xFD45, 0xFD68, 0xF56C,
 0xF58F, 0xF58F, 0xEDB4, 0xE5DA, 0xDDDE, 0xD5FF, 0xDE1F, 0xE63F, 0xE61F, 0xD5FF, 0xDDDD, 0xFD48, 0xFD47, 0xFD47, 0xFD46, 0xFD46,
 0xFD46, 0xFD46, 0xFD47, 0xFD47, 0xFD46, 0xFD45, 0xFD47, 0xFD6A, 0xF56C, 0xF58C, 0xFD6A, 0xE5DA, 0xE65F, 0x947F, 0x00BE, 0x011E,
 0x00BE, 0x42DF, 0xEE3F, 0xDDFF, 0xF590, 0xF56D, 0xF590, 0xED92, 0xEDB4, 0xE5B6, 0xE5D9, 0xF56D, 0xFD26, 0xFD47, 0xFD47, 0xFD47,
 0xFD67, 0xFD67, 0xFD47, 0xFD47, 0xFD47, 0xFD47, 0xFD47, 0xFD47, 0xFD47, 0xFD47, 0xFD47, 0xFD67, 0xFD47, 0xFD46, 0xF5ED, 0xF651,
 0xEE51, 0xF77A, 0xFFDE, 0xFFBC, 0xFF5A, 0xFF5A, 0xFF7A, 0xFF7A, 0xFF7A, 0xFF7A, 0xFF7A, 0xFF7A, 0xFF7A, 0xFF5A, 0xFF7A, 0xFFBD,
 0xFFDE, 0xF759, 0xEE50, 0xF651, 0xF651, 0xFE51, 0xFE70, 0xFD8A, 0xFD47, 0xFD47, 0xFD47, 0xFD47, 0xFD47, 0xFD47, 0xFD67, 0xFD67,
 0xFFBD, 0xFF9B, 0xFEF6, 0xFF16, 0xFEF6, 0xFEF6, 0xFEF6, 0xFEF6, 0xFEF6, 0xFEF7, 0xFEF6, 0xFEF6, 0xFEF6, 0xFEF6, 0xFEF6, 0xFEB4,
 0xFE51, 0xFE51, 0xFEB4, 0xFF17, 0xFEF6, 0xFEF6, 0xFEF7, 0xFED3, 0xF568, 0xFD47, 0xFD47, 0xFD47, 0xFD47, 0xFD88, 0xFD68, 0xFD46,
 0xFD46, 0xFD45, 0xFD45, 0xFD46, 0xFD8B, 0xF58E, 0xEDB3, 0xE5D9, 0xDDDE, 0xD5FF, 0xDDFC, 0xFD88, 0xFD47, 0xFD47, 0xFD47, 0xFD47,
 0xFD47, 0xFD89, 0xFD68, 0xFD47, 0xFD47, 0xFD47, 0xFD47, 0xFD67, 0xFD88, 0xFD46, 0xFD45, 0xE5DA, 0xDE1F, 0xBD3F, 0x635F, 0x5B3F,
 0x42BF, 0x73BF, 0xE61F, 0xDDFF, 0xF56C, 0xFD86, 0xFD66, 0xFD45, 0xFD45, 0xFD45, 0xFD45, 0xFD68, 0xFD89, 0xFD47, 0xFD47, 0xFD47,
 0xFD47, 0xFD47, 0xFD88, 0xFD68, 0xFD47, 0xFD47, 0xFD47, 0xFD47, 0xFD68, 0xFD89, 0xFD67, 0xFD47, 0xFD48, 0xFD67, 0xFD27, 0xF527,
 0xED28, 0xF737, 0xFFFE, 0xFFDD, 0xFFDE, 0xFFDE, 0xFFDE, 0xFFDE, 0xFFDE, 0xFFDE, 0xFFBE, 0xFFBE, 0xFFBD, 0xFFDD, 0xFFDD, 0xFFBE,
 0xFFFF, 0xF6F6, 0xF4E5, 0xFD47, 0xF547, 0xFD25, 0xFD26, 0xFD47, 0xFD67, 0xFD67, 0xFD89, 0xFD67, 0xFD47, 0xFD47, 0xFD47, 0xFD67,
 0xFFDE, 0xFF9C, 0xFEF7, 0xFEF6, 0xFEF6, 0xFEF7, 0xFEF7, 0xFEF6, 0xFEF6, 0xFEF6, 0xFEF6, 0xFEF6, 0xFEF6, 0xFEF7, 0xFF17, 0xFEB4,
 0xFE30, 0xFE30, 0xFEB4, 0xFEF7, 0xFEF7, 0xFEF6, 0xFEF7, 0xF6B3, 0xF547, 0xFD25, 0xFD27, 0xFD67, 0xFD47, 0xFD89, 0xFD89, 0xFD47,
 0xFD47, 0xFD47, 0xFD47, 0xFD67, 0xFDA8, 0xFD66, 0xFD45, 0xFD46, 0xFD69, 0xF56E, 0xF5AF, 0xFDA8, 0xFD47, 0xFD47, 0xFD47, 0xFD47,
 0xFD47, 0xFDA9, 0xFD88, 0xFD47, 0xFD47, 0xFD47, 0xFD47, 0xFD68, 0xFDA9, 0xFD47, 0xFD47, 0xDDDC, 0xD5FF, 0xDE1F, 0xEE5F, 0xEE3F,
 0xE63F, 0xE61F, 0xDDDF, 0xDDFF, 0xF56D, 0xFDA7, 0xFD67, 0xFD47, 0xFD47, 0xFD47, 0xFD47, 0xFD68, 0xFDA9, 0xFD47, 0xFD47, 0xFD47,
 0xFD47, 0xFD47, 0xFDA9, 0xFD88, 0xFD47, 0xFD47, 0xFD47, 0xFD47, 0xFD68, 0xFDA9, 0xFD68, 0xFD47, 0xFD47, 0xFD47, 0xFD47, 0xFD88,
 0xF589, 0xF737, 0xFFFE, 0xFFDD, 0xFFDD, 0xFFDD, 0xFFDD, 0xFFDC, 0xFFDD, 0xFFBD, 0xFFBD, 0xFFBD, 0xFFBD, 0xFFBD, 0xFFBC, 0xFFDC,
 0xFFFE, 0xF716, 0xF527, 0xFD89, 0xFD88, 0xFD47, 0xFD47, 0xFD47, 0xFD47, 0xFD67, 0xFDA9, 0xFD67, 0xFD47, 0xFD47, 0xFD47, 0xFD47,
 0xFF9B, 0xFF7A, 0xFEF6, 0xFEF6, 0xFEF6, 0xFEF6, 0xFEF6, 0xFEF6, 0xFEF6, 0xFEF6, 0xFEF6, 0xFEF6, 0xFEF6, 0xFEF7, 0xFF16, 0xFED5,
 0xFE72, 0xFE72, 0xFEB5, 0xFEF7, 0xFEF6, 0xFF38, 0xF739, 0xF716, 0xEE0E, 0xEE0E, 0xEDAB, 0xFD47, 0xFD47, 0xFD47, 0xFD47, 0xFD47,
 0xFD47, 0xFD47, 0xFD47, 0xFD47, 0xFD47, 0xFD47, 0xFD47, 0xFD47, 0xFD47, 0xFD46, 0xFD46, 0xFD47, 0xFD47, 0xFD47, 0xFD47, 0xFD47,
 0xFD47, 0xFD47, 0xFD47, 0xFD47, 0xFD47, 0xFD47, 0xFD47, 0xFD47, 0xFD47, 0xFD47, 0xFD47, 0xE5B8, 0xDDDC, 0xDDDD, 0xDDDE, 0xDDFF,
 0xDDFF, 0xDDFF, 0xD5FF, 0xD5FF, 0xF58E, 0xFD45, 0xFD47, 0xFD47, 0xFD47, 0xFD47, 0xFD47, 0xFD47, 0xFD47, 0xFD47, 0xFD47, 0xFD47,
 0xFD47, 0xFD47, 0xFD47, 0xFD47, 0xFD47, 0xFD47, 0xFD47, 0xFD47, 0xFD47, 0xFD47, 0xFD47, 0xFD47, 0xFD47, 0xFD47, 0xFD67, 0xFD46,
 0xFD47, 0xF5CB, 0xF5CC, 0xF5CC, 0xF5CC, 0xF5CC, 0xF5CC, 0xF5CC, 0xED8B, 0xEED5, 0xFFFE, 0xFFBD, 0xFFBD, 0xFFDD, 0xFF9B, 0xEDED,
 0xEDCC, 0xEDAB, 0xFD47, 0xFD47, 0xFD47, 0xFD47, 0xFD67, 0xFD47, 0xFD47, 0xFD47, 0xFD47, 0xFD47, 0xFD47, 0xFD47, 0xFD47, 0xFD47,
 0xFEF6, 0xFEF6, 0xFEF6, 0xFEF6, 0xFEF6, 0xFEF6, 0xFEF6, 0xFEF6, 0xFEF6, 0xFEF6, 0xFEF6, 0xFEF6, 0xFEF6, 0xFEF6, 0xFEF6, 0xFEF6,
 0xFEF6, 0xFEF6, 0xFEF6, 0xFEF6, 0xFEF7, 0xFF9C, 0xFFDE, 0xFFBD, 0xF7DE, 0xFFFF, 0xF6F5, 0xF526, 0xFD67, 0xFD67, 0xFD67, 0xFD47,
 0xFD47, 0xFD47, 0xFD47, 0xFD67, 0xFD67, 0xFD67, 0xFD47, 0xFD47, 0xFD47, 0xFD47, 0xFD67, 0xFD67, 0xFD67, 0xFD47, 0xFD47, 0xFD47,
 0xFD47, 0xFD67, 0xFD67, 0xFD67, 0xFD47, 0xFD47, 0xFD47, 0xFD47, 0xFD67, 0xFD47, 0xFD47, 0xFD47, 0xFD48, 0xFD69, 0xFD69, 0xFD6B,
 0xFD6C, 0xF56D, 0xF58E, 0xF590, 0xFD6A, 0xFD47, 0xFD47, 0xFD47, 0xFD47, 0xFD47, 0xFD67, 0xFD67, 0xFD67, 0xFD47, 0xFD47, 0xFD47,
 0xFD47, 0xFD67, 0xFD67, 0xFD67, 0xFD47, 0xFD47, 0xFD47, 0xFD47, 0xFD67, 0xFD67, 0xFD67, 0xFD47, 0xFD47, 0xFD47, 0xFD47, 0xFD48,
 0xFD47, 0xFD46, 0xFD26, 0xFD26, 0xFD26, 0xFD26, 0xFD26, 0xFD26, 0xF4E5, 0xEE93, 0xFFFF, 0xFFDE, 0xFFDE, 0xFFDF, 0xFF7C, 0xF548,
 0xFD25, 0xFD27, 0xFD47, 0xFD48, 0xFD47, 0xFD47, 0xFD47, 0xFD47, 0xFD47, 0xFD47, 0xFD47, 0xFD47, 0xFD47, 0xFD47, 0xFD47, 0xFD67,
 0xFEF6, 0xFEF6, 0xFEF6, 0xFEF6, 0xFEF6, 0xFEF6, 0xFEF6, 0xFEF6, 0xFEF6, 0xFEF6, 0xFEF6, 0xFEF6, 0xFEF6, 0xFEF6, 0xFEF6, 0xFEF7,
 0xFEF7, 0xFEF7, 0xFEF6, 0xFEF6, 0xFEF6, 0xFF9C, 0xFFBD, 0xFFBD, 0xFFBD, 0xFFDF, 0xF6D6, 0xF526, 0xFD67, 0xFD67, 0xFD67, 0xFD47,
 0xFD47, 0xFD47, 0xFD47, 0xFD67, 0xFD67, 0xFD67, 0xFD47, 0xFD47, 0xFD47, 0xFD47, 0xFD67, 0xFD67, 0xFD67, 0xFD47, 0xFD47, 0xFD47,
 0xFD47, 0xFD67, 0xFD67, 0xFD67, 0xFD47, 0xFD47, 0xFD47, 0xFD47, 0xFD66, 0xFD67, 0xFD47, 0xFD47, 0xFD47, 0xFD47, 0xFD46, 0xFD46,
 0xFD46, 0xFD46, 0xFD46, 0xFD45, 0xFD47, 0xFD67, 0xFD47, 0xFD47, 0xFD47, 0xFD67, 0xFD67, 0xFD67, 0xFD67, 0xFD47, 0xFD47, 0xFD47,
 0xFD47, 0xFD67, 0xFD67, 0xFD67, 0xFD47, 0xFD47, 0xFD47, 0xFD67, 0xFD67, 0xFD67, 0xFD67, 0xFD47, 0xFD47, 0xFD47, 0xFD67, 0xFD47,
 0xFD47, 0xFD47, 0xFD47, 0xFD47, 0xFD47, 0xFD47, 0xFD67, 0xFD47, 0xFD26, 0xEE71, 0xFF9B, 0xFF7A, 0xFF7A, 0xF79A, 0xF757, 0xF569,
 0xFD47, 0xFD47, 0xFD67, 0xFD67, 0xFD47, 0xFD67, 0xFD47, 0xFD47, 0xFD47, 0xFD67, 0xFD67, 0xFD47, 0xFD47, 0xFD47, 0xFD67, 0xFD67,
 0xFEF6, 0xFEF6, 0xFEF6, 0xFEF6, 0xFEF6, 0xFEF6, 0xFEF6, 0xFEF6, 0xFEF6, 0xFEF6, 0xFEF6, 0xFEF6, 0xFEF6, 0xFEF6, 0xFEF6, 0xFEF6,
 0xFEF6, 0xFEF6, 0xFF38, 0xFF79, 0xFF5A, 0xFFBC, 0xFFBD, 0xFFBD, 0xFFBD, 0xFFFE, 0xFEF5, 0xFD26, 0xFD47, 0xFD47, 0xFD67, 0xFD47,
 0xFD47, 0xFD47, 0xFD47, 0xFD47, 0xFD47, 0xFD47, 0xFD47, 0xFD47, 0xFD47, 0xFD47, 0xFD47, 0xFD67, 0xFD47, 0xFD47, 0xFD47, 0xFD47,
 0xFD47, 0xFD67, 0xFD67, 0xFD47, 0xFD47, 0xFD47, 0xFD47, 0xFD47, 0xFD67, 0xFD67, 0xFD47, 0xFD47, 0xFD47, 0xFD47, 0xFD47, 0xFD67,
 0xFD67, 0xFD67, 0xFD47, 0xFD67, 0xFD67, 0xFD47, 0xFD47, 0xFD47, 0xFD47, 0xFD47, 0xFD47, 0xFD67, 0xFD67, 0xFD47, 0xFD47, 0xFD47,
 0xFD47, 0xFD47, 0xFD47, 0xFD67, 0xFD47, 0xFD47, 0xFD47, 0xFD47, 0xFD47, 0xFD47, 0xFD47, 0xFD47, 0xFD47, 0xFD47, 0xFD47, 0xFD47,
 0xFD67, 0xFD47, 0xFD47, 0xFD47, 0xFD47, 0xFD47, 0xFD67, 0xFD47, 0xFD47, 0xF568, 0xF568, 0xF568, 0xF569, 0xED69, 0xED69, 0xFD67,
 0xFD47, 0xFD47, 0xFD47, 0xFD47, 0xFD67, 0xFD67, 0xFD67, 0xFD47, 0xFD67, 0xFD67, 0xFD47, 0xFD47, 0xFD47, 0xFD47, 0xFD47, 0xFD47,
 0xFEF6, 0xFEF6, 0xFEF6, 0xFEF6, 0xFEF6, 0xFEF6, 0xFEF6, 0xFEF6, 0xFEF6, 0xFEF6, 0xFEF6, 0xFEF6, 0xFEF6, 0xFEF6, 0xFEF6, 0xFEF6,
 0xFEF6, 0xFED6, 0xFF7A, 0xFFDE, 0xFFBE, 0xFFBD, 0xFFBD, 0xFFBD, 0xFFBD, 0xFFFE, 0xFED5, 0xFD26, 0xFD47, 0xFD47, 0xFD48, 0xFD47,
 0xFD47, 0xFD47, 0xFD47, 0xFD47, 0xFD48, 0xFD47, 0xFD47, 0xFD47, 0xFD47, 0xFD47, 0xFD47, 0xFD48, 0xFD47, 0xFD47, 0xFD47, 0xFD47,
 0xFD47, 0xFD48, 0xFD47, 0xFD47, 0xFD47, 0xFD47, 0xFD47, 0xFD47, 0xFD47, 0xFD47, 0xFD47, 0xFD47, 0xFD47, 0xFD47, 0xFD47, 0xFD67,
 0xFD47, 0xFD67, 0xFD67, 0xFD67, 0xFD47, 0xFD48, 0xFD47, 0xFD47, 0xFD47, 0xFD47, 0xFD47, 0xFD47, 0xFD48, 0xFD47, 0xFD47, 0xFD47,
 0xFD47, 0xFD47, 0xFD47, 0xFD48, 0xFD47, 0xFD47, 0xFD47, 0xFD47, 0xFD47, 0xFD48, 0xFD47, 0xFD47, 0xFD47, 0xFD47, 0xFD47, 0xFD47,
 0xFD48, 0xFD47, 0xFD47, 0xFD47, 0xFD47, 0xFD47, 0xFD47, 0xFD47, 0xFD47, 0xFD47, 0xFD47, 0xFD47, 0xFD47, 0xFD46, 0xFD47, 0xFD48,
 0xFD47, 0xFD47, 0xFD47, 0xFD47, 0xFD47, 0xFD47, 0xFD67, 0xFD47, 0xFD67, 0xFD47, 0xFD48, 0xFD47, 0xFD47, 0xFD47, 0xFD47, 0xFD47,
 0xFEF6, 0xFEF6, 0xFEF6, 0xFEF6, 0xFEF6, 0xFEF6, 0xFEF6, 0xFEF6, 0xFEF6, 0xFEF6, 0xFEF6, 0xFEF6, 0xFEF6, 0xFEF6, 0xFEF6, 0xFEF6,
 0xFEF6, 0xFEF6, 0xFF7B, 0xFFDD, 0xFFBD, 0xFFBD, 0xFFBD, 0xFFBD, 0xFFDE, 0xFFFF, 0xFEF5, 0xFD26, 0xFD47, 0xFD89, 0xFD89, 0xFD47,
 0xFD47, 0xFD47, 0xFD47, 0xFD48, 0xFDAA, 0xFD68, 0xFD47, 0xFD47, 0xFD47, 0xFD47, 0xFD68, 0xFD8A, 0xFD47, 0xFD67, 0xFD47, 0xFD47,
 0xFD47, 0xFD89, 0xFD88, 0xFD47, 0xFD47, 0xFD47, 0xFD47, 0xFD68, 0xFDA9, 0xFD48, 0xFD47, 0xFD47, 0xFD47, 0xFD47, 0xFD88, 0xFD89,
 0xFD47, 0xFD47, 0xFD47, 0xFD47, 0xFD47, 0xFDAA, 0xFD68, 0xFD47, 0xFD47, 0xFD47, 0xFD47, 0xFD68, 0xFDAA, 0xFD47, 0xFD47, 0xFD47,
 0xFD47, 0xFD47, 0xFDA9, 0xFD69, 0xFD47, 0xFD47, 0xFD47, 0xFD47, 0xFD48, 0xFDAA, 0xFD47, 0xFD47, 0xFD47, 0xFD47, 0xFD47, 0xFD88,
 0xFD8A, 0xFD47, 0xFD67, 0xFD47, 0xFD47, 0xFD47, 0xFDAA, 0xFD68, 0xFD47, 0xFD67, 0xFD67, 0xFD47, 0xFD68, 0xFDAA, 0xFD47, 0xFD47,
 0xFD47, 0xFD47, 0xFD47, 0xFDA8, 0xFD89, 0xFD47, 0xFD47, 0xFD47, 0xFD47, 0xFD47, 0xFDAA, 0xFD67, 0xFD47, 0xFD47, 0xFD67, 0xFD67,
 0xFEF6, 0xFEF6, 0xFEF6, 0xFEF6, 0xFEF6, 0xFEF6, 0xFEF6, 0xFEF6, 0xFEF6, 0xFEF6, 0xFEF6, 0xFEF6, 0xFEF6, 0xFEF7, 0xFEF6, 0xFEF6,
 0xFEF6, 0xFEF6, 0xFF7A, 0xFFDD, 0xFFBD, 0xFFBD, 0xFFDE, 0xF77A, 0xEDEE, 0xFDED, 0xFDAB, 0xFD47, 0xFD47, 0xFD68, 0xFD68, 0xFD47,
 0xFD47, 0xFD47, 0xFD47, 0xFD47, 0xFD68, 0xFD67, 0xFD47, 0xFD47, 0xFD47, 0xFD47, 0xFD67, 0xFD68, 0xFD47, 0xFD47, 0xFD47, 0xFD47,
 0xFD47, 0xFD68, 0xFD68, 0xFD47, 0xFD47, 0xFD47, 0xFD47, 0xFD67, 0xFD68, 0xFD47, 0xFD47, 0xFD47, 0xFD47, 0xFD47, 0xFD67, 0xFD68,
 0xFD47, 0xFD47, 0xFD47, 0xFD47, 0xFD47, 0xFD68, 0xFD67, 0xFD47, 0xFD47, 0xFD47, 0xFD47, 0xFD68, 0xFD68, 0xFD47, 0xFD47, 0xFD47,
 0xFD47, 0xFD47, 0xFD68, 0xFD68, 0xFD47, 0xFD47, 0xFD47, 0xFD47, 0xFD47, 0xFD68, 0xFD67, 0xFD47, 0xFD47, 0xFD47, 0xFD47, 0xFD68,
 0xFD68, 0xFD47, 0xFD47, 0xFD47, 0xFD47, 0xFD47, 0xFD68, 0xFD67, 0xFD47, 0xFD47, 0xFD47, 0xFD47, 0xFD48, 0xFD68, 0xFD47, 0xFD67,
 0xFD47, 0xFD47, 0xFD47, 0xFD68, 0xFD68, 0xFD47, 0xFD47, 0xFD47, 0xFD47, 0xFD47, 0xFD68, 0xFD67, 0xFD47, 0xFD47, 0xFD47, 0xFD47,
 0xFEF6, 0xFEF6, 0xFEF6, 0xFEF6, 0xFEF6, 0xFEF6, 0xFEF6, 0xFEF6, 0xFEF6, 0xFEF6, 0xFEF6, 0xFEF6, 0xFEF6, 0xFEF6, 0xFEF6, 0xFEF6,
 0xFEF6, 0xFEF6, 0xFF7A, 0xFFDD, 0xFFBD, 0xFFDD, 0xF7DF, 0xF779, 0xF527, 0xFD25, 0xFD46, 0xFD67, 0xFD47, 0xFD47, 0xFD47, 0xFD47,
 0xFD47, 0xFD47, 0xFD47, 0xFD47, 0xFD47, 0xFD47, 0xFD47, 0xFD47, 0xFD47, 0xFD47, 0xFD47, 0xFD47, 0xFD47, 0xFD47, 0xFD47, 0xFD47,
 0xFD47, 0xFD47, 0xFD47, 0xFD47, 0xFD47, 0xFD47, 0xFD47, 0xFD47, 0xFD47, 0xFD47, 0xFD47, 0xFD47, 0xFD47, 0xFD47, 0xFD47, 0xFD47,
 0xFD47, 0xFD47, 0xFD47, 0xFD47, 0xFD47, 0xFD47, 0xFD47, 0xFD47, 0xFD47, 0xFD47, 0xFD47, 0xFD47, 0xFD47, 0xFD47, 0xFD47, 0xFD47,
 0xFD47, 0xFD47, 0xFD47, 0xFD47, 0xFD47, 0xFD47, 0xFD47, 0xFD47, 0xFD47, 0xFD47, 0xFD47, 0xFD47, 0xFD47, 0xFD47, 0xFD47, 0xFD47,
 0xFD47, 0xFD47, 0xFD47, 0xFD47, 0xFD47, 0xFD47, 0xFD47, 0xFD47, 0xFD47, 0xFD47, 0xFD47, 0xFD47, 0xFD47, 0xFD47, 0xFD47, 0xFD47,
 0xFD47, 0xFD47, 0xFD47, 0xFD47, 0xFD47, 0xFD47, 0xFD47, 0xFD47, 0xFD47, 0xFD47, 0xFD47, 0xFD47, 0xFD47, 0xFD47, 0xFD47, 0xFD47,
 0xFEF6, 0xFEF6, 0xFEF6, 0xFEF6, 0xFEF6, 0xFEF6, 0xFEF6, 0xFEF6, 0xFEF6, 0xFEF6, 0xFF16, 0xF717, 0xFF16, 0xFEF6, 0xFEF7, 0xFEF6,
 0xFEF6, 0xFEF6, 0xFF7A, 0xFFDD, 0xFFBD, 0xFF9B, 0xF79B, 0xF757, 0xF568, 0xFD47, 0xFD47, 0xFD47, 0xFD47, 0xFD47, 0xFD47, 0xFD47,
 0xFD47, 0xFD47, 0xFD47, 0xFD47, 0xFD47, 0xFD47, 0xFD47, 0xFD47, 0xFD47, 0xFD47, 0xFD47, 0xFD47, 0xFD47, 0xFD47, 0xFD47, 0xFD47,
 0xFD47, 0xFD47, 0xFD47, 0xFD47, 0xFD47, 0xFD47, 0xFD47, 0xFD47, 0xFD47, 0xFD47, 0xFD47, 0xFD47, 0xFD47, 0xFD47, 0xFD47, 0xFD47,
 0xFD47, 0xFD47, 0xFD47, 0xFD47, 0xFD47, 0xFD47, 0xFD47, 0xFD47, 0xFD47, 0xFD47, 0xFD47, 0xFD47, 0xFD47, 0xFD47, 0xFD47, 0xFD47,
 0xFD47, 0xFD47, 0xFD47, 0xFD47, 0xFD47, 0xFD47, 0xFD47, 0xFD47, 0xFD47, 0xFD47, 0xFD47, 0xFD47, 0xFD47, 0xFD47, 0xFD47, 0xFD47,
 0xFD47, 0xFD47, 0xFD47, 0xFD47, 0xFD47, 0xFD47, 0xFD47, 0xFD47, 0xFD47, 0xFD47, 0xFD47, 0xFD47, 0xFD47, 0xFD47, 0xFD47, 0xFD47,
 0xFD47, 0xFD47, 0xFD47, 0xFD47, 0xFD47, 0xFD47, 0xFD47, 0xFD47, 0xFD47, 0xFD47, 0xFD47, 0xFD47, 0xFD47, 0xFD47, 0xFD47, 0xFD47,
 0xFEF6, 0xFEF6, 0xFEF6, 0xFEF6, 0xFEF6, 0xFEF6, 0xFEF6, 0xFEF6, 0xFEF6, 0xFEF6, 0xFF9B, 0xFFBD, 0xFF9B, 0xFEF7, 0xFEF6, 0xFEF6,
 0xFEF6, 0xFEF6, 0xFF7A, 0xFFDD, 0xFFBD, 0xEDCE, 0xFD48, 0xF569, 0xFD67, 0xFD47, 0xFD47, 0xFD47, 0xFD47, 0xFD47, 0xFD47, 0xFD47,
 0xFD47, 0xFD47, 0xFD47, 0xFD47, 0xFD47, 0xFD47, 0xFD47, 0xFD47, 0xFD47, 0xFD47, 0xFD47, 0xFD47, 0xFD47, 0xFD47, 0xFD47, 0xFD47,
 0xFD47, 0xFD47, 0xFD47, 0xFD47, 0xFD47, 0xFD47, 0xFD47, 0xFD47, 0xFD47, 0xFD47, 0xFD47, 0xFD47, 0xFD47, 0xFD47, 0xFD47, 0xFD47,
 0xFD47, 0xFD47, 0xFD47, 0xFD47, 0xFD47, 0xFD47, 0xFD47, 0xFD47, 0xFD47, 0xFD47, 0xFD47, 0xFD47, 0xFD47, 0xFD47, 0xFD47, 0xFD47,
 0xFD47, 0xFD47, 0xFD47, 0xFD47, 0xFD47, 0xFD47, 0xFD47, 0xFD47, 0xFD47, 0xFD47, 0xFD47, 0xFD47, 0xFD47, 0xFD47, 0xFD47, 0xFD47,
 0xFD47, 0xFD47, 0xFD47, 0xFD47, 0xFD47, 0xFD47, 0xFD47, 0xFD47, 0xFD47, 0xFD47, 0xFD47, 0xFD47, 0xFD47, 0xFD47, 0xFD47, 0xFD47,
 0xFD47, 0xFD47, 0xFD47, 0xFD47, 0xFD47, 0xFD47, 0xFD47, 0xFD47, 0xFD47, 0xFD47, 0xFD47, 0xFD47, 0xFD47, 0xFD47, 0xFD47, 0xFD47,
 0xFEF6, 0xFEF6, 0xFEF6, 0xFEF6, 0xFEF6, 0xFEF6, 0xFEF7, 0xFEF6, 0xFEF6, 0xFEF6, 0xFFBC, 0xFFDE, 0xFFBC, 0xFEF7, 0xFEF6, 0xFEF6,
 0xFEF6, 0xFED5, 0xFF9B, 0xFFFF, 0xFFDE, 0xEDCB, 0xFD25, 0xFD47, 0xFD47, 0xFD47, 0xFD47, 0xFD47, 0xFD47, 0xFD47, 0xFD47, 0xFD47,
 0xFD47, 0xFD47, 0xFD47, 0xFD47, 0xFD47, 0xFD47, 0xFD47, 0xFD47, 0xFD47, 0xFD47, 0xFD47, 0xFD47, 0xFD47, 0xFD47, 0xFD47, 0xFD47,
 0xFD47, 0xFD47, 0xFD47, 0xFD47, 0xFD47, 0xFD47, 0xFD47, 0xFD47, 0xFD47, 0xFD47, 0xFD47, 0xFD47, 0xFD47, 0xFD47, 0xFD47, 0xFD47,
 0xFD47, 0xFD47, 0xFD47, 0xFD47, 0xFD47, 0xFD47, 0xFD47, 0xFD47, 0xFD47, 0xFD47, 0xFD47, 0xFD47, 0xFD47, 0xFD47, 0xFD47, 0xFD47,
 0xFD47, 0xFD47, 0xFD47, 0xFD47, 0xFD47, 0xFD47, 0xFD47, 0xFD47, 0xFD47, 0xFD47, 0xFD47, 0xFD47, 0xFD47, 0xFD47, 0xFD47, 0xFD47,
 0xFD47, 0xFD47, 0xFD47, 0xFD47, 0xFD47, 0xFD47, 0xFD47, 0xFD47, 0xFD47, 0xFD47, 0xFD47, 0xFD47, 0xFD47, 0xFD47, 0xFD47, 0xFD47,
 0xFD47, 0xFD47, 0xFD47, 0xFD47, 0xFD47, 0xFD47, 0xFD47, 0xFD47, 0xFD47, 0xFD47, 0xFD47, 0xFD47, 0xFD47, 0xFD47, 0xFD47, 0xFD47,
 0xF738, 0xFF38, 0xFEF6, 0xFEF6, 0xFEF6, 0xFEF6, 0xFEF6, 0xFF17, 0xF738, 0xFF18, 0xFF7A, 0xFF9B, 0xFF7A, 0xFEF7, 0xFEF6, 0xFF17,
 0xF719, 0xFF19, 0xF737, 0xF717, 0xF717, 0xEDAA, 0xFD46, 0xFD67, 0xFD47, 0xFD47, 0xFD47, 0xFD47, 0xFD47, 0xFD47, 0xFD47, 0xFD47,
 0xFD47, 0xFD47, 0xFD47, 0xFD47, 0xFD47, 0xFD47, 0xFD47, 0xFD47, 0xFD47, 0xFD47, 0xFD47, 0xFD47, 0xFD47, 0xFD47, 0xFD47, 0xFD47,
 0xFD47, 0xFD47, 0xFD47, 0xFD47, 0xFD47, 0xFD47, 0xFD47, 0xFD47, 0xFD47, 0xFD47, 0xFD47, 0xFD47, 0xFD47, 0xFD47, 0xFD47, 0xFD47,
 0xFD47, 0xFD47, 0xFD47, 0xFD47, 0xFD47, 0xFD47, 0xFD47, 0xFD47, 0xFD47, 0xFD47, 0xFD47, 0xFD47, 0xFD47, 0xFD47, 0xFD47, 0xFD47,
 0xFD47, 0xFD47, 0xFD47, 0xFD47, 0xFD47, 0xFD47, 0xFD47, 0xFD47, 0xFD47, 0xFD47, 0xFD47, 0xFD47, 0xFD47, 0xFD47, 0xFD47, 0xFD47,
 0xFD47, 0xFD47, 0xFD47, 0xFD47, 0xFD47, 0xFD47, 0xFD47, 0xFD47, 0xFD47, 0xFD47, 0xFD47, 0xFD47, 0xFD47, 0xFD47, 0xFD47, 0xFD47,
 0xFD47, 0xFD47, 0xFD47, 0xFD47, 0xFD47, 0xFD47, 0xFD47, 0xFD47, 0xFD47, 0xFD47, 0xFD47, 0xFD47, 0xFD47, 0xFD47, 0xFD47, 0xFD47,
 0xFFDD, 0xFF9C, 0xFEF7, 0xFEF6, 0xFEF6, 0xFEF6, 0xFED6, 0xFF7A, 0xFFDE, 0xFFBD, 0xF717, 0xF6F6, 0xFEF6, 0xFEF6, 0xFEF6, 0xFF38,
 0xFFDD, 0xFFFE, 0xEE50, 0xF4E6, 0xF527, 0xF567, 0xFD47, 0xFD47, 0xFD47, 0xFD47, 0xFD47, 0xFD47, 0xFD47, 0xFD47, 0xFD47, 0xFD47,
 0xFD47, 0xFD47, 0xFD47, 0xFD47, 0xFD47, 0xFD47, 0xFD47, 0xFD47, 0xFD47, 0xFD47, 0xFD47, 0xFD47, 0xFD47, 0xFD47, 0xFD47, 0xFD47,
 0xFD47, 0xFD47, 0xFD47, 0xFD47, 0xFD47, 0xFD47, 0xFD47, 0xFD47, 0xFD47, 0xFD47, 0xFD47, 0xFD47, 0xFD47, 0xFD47, 0xFD47, 0xFD47,
 0xFD47, 0xFD47, 0xFD47, 0xFD47, 0xFD47, 0xFD47, 0xFD47, 0xFD47, 0xFD47, 0xFD47, 0xFD47, 0xFD47, 0xFD47, 0xFD47, 0xFD47, 0xFD47,
 0xFD47, 0xFD47, 0xFD47, 0xFD47, 0xFD47, 0xFD47, 0xFD47, 0xFD47, 0xFD47, 0xFD47, 0xFD47, 0xFD47, 0xFD47, 0xFD47, 0xFD47, 0xFD47,
 0xFD47, 0xFD47, 0xFD47, 0xFD47, 0xFD47, 0xFD47, 0xFD47, 0xFD47, 0xFD47, 0xFD47, 0xFD47, 0xFD47, 0xFD47, 0xFD47, 0xFD47, 0xFD47,
 0xFD47, 0xFD47, 0xFD47, 0xFD47, 0xFD47, 0xFD47, 0xFD47, 0xFD47, 0xFD47, 0xFD47, 0xFD47, 0xFD47, 0xFD47, 0xFD47, 0xFD47, 0xFD47,
 0xFFBE, 0xFF9C, 0xFEF6, 0xFEF6, 0xFEF6, 0xFEF6, 0xFED6, 0xFF7B, 0xFFDF, 0xFFBE, 0xFF17, 0xFEF6, 0xFEF6, 0xFEF6, 0xFEF6, 0xFF39,
 0xFFBD, 0xFFFE, 0xFE50, 0xFD05, 0xFD47, 0xFD47, 0xFD47, 0xFD47, 0xFD47, 0xFD47, 0xFD47, 0xFD47, 0xFD47, 0xFD47, 0xFD47, 0xFD47,
 0xFD47, 0xFD47, 0xFD47, 0xFD47, 0xFD47, 0xFD47, 0xFD47, 0xFD47, 0xFD47, 0xFD47, 0xFD47, 0xFD47, 0xFD47, 0xFD47, 0xFD47, 0xFD47,
 0xFD47, 0xFD47, 0xFD47, 0xFD47, 0xFD47, 0xFD47, 0xFD47, 0xFD47, 0xFD47, 0xFD47, 0xFD47, 0xFD47, 0xFD47, 0xFD47, 0xFD47, 0xFD47,
 0xFD47, 0xFD47, 0xFD47, 0xFD47, 0xFD47, 0xFD47, 0xFD47, 0xFD47, 0xFD47, 0xFD47, 0xFD47, 0xFD47, 0xFD47, 0xFD47, 0xFD47, 0xFD47,
 0xFD47, 0xFD47, 0xFD47, 0xFD47, 0xFD47, 0xFD47, 0xFD47, 0xFD47, 0xFD47, 0xFD47, 0xFD47, 0xFD47, 0xFD47, 0xFD47, 0xFD47, 0xFD47,
 0xFD47, 0xFD47, 0xFD47, 0xFD47, 0xFD47, 0xFD47, 0xFD47, 0xFD47, 0xFD47, 0xFD47, 0xFD47, 0xFD47, 0xFD47, 0xFD47, 0xFD47, 0xFD47,
 0xFD47, 0xFD47, 0xFD47, 0xFD47, 0xFD47, 0xFD47, 0xFD47, 0xFD47, 0xFD47, 0xFD47, 0xFD47, 0xFD47, 0xFD47, 0xFD47, 0xFD47, 0xFD47,
 0xFFBD, 0xFF9C, 0xFF5A, 0xFF5A, 0xFF39, 0xFEF6, 0xFEF6, 0xFF38, 0xFF5A, 0xFF59, 0xFEF7, 0xFEF6, 0xFEF6, 0xFEF6, 0xFEF6, 0xFF39,
 0xFFBD, 0xFFFE, 0xFE50, 0xFD26, 0xFD47, 0xFD47, 0xFD47, 0xFD47, 0xFD47, 0xFD47, 0xFD47, 0xFD47, 0xFD47, 0xFD47, 0xFD47, 0xFD47,
 0xFD47, 0xFD47, 0xFD47, 0xFD47, 0xFD47, 0xFD47, 0xFD47, 0xFD47, 0xFD47, 0xFD47, 0xFD47, 0xFD47, 0xFD47, 0xFD47, 0xFD47, 0xFD47,
 0xFD47, 0xFD47, 0xFD47, 0xFD47, 0xFD47, 0xFD47, 0xFD47, 0xFD47, 0xFD47, 0xFD47, 0xFD47, 0xFD47, 0xFD47, 0xFD47, 0xFD47, 0xFD47,
 0xFD47, 0xFD47, 0xFD47, 0xFD47, 0xFD47, 0xFD47, 0xFD47, 0xFD47, 0xFD47, 0xFD47, 0xFD47, 0xFD47, 0xFD47, 0xFD47, 0xFD47, 0xFD47,
 0xFD47, 0xFD47, 0xFD47, 0xFD47, 0xFD47, 0xFD47, 0xFD47, 0xFD47, 0xFD47, 0xFD47, 0xFD47, 0xFD47, 0xFD47, 0xFD47, 0xFD47, 0xFD47,
 0xFD47, 0xFD47, 0xFD47, 0xFD47, 0xFD47, 0xFD47, 0xFD47, 0xFD47, 0xFD47, 0xFD47, 0xFD47, 0xFD47, 0xFD47, 0xFD47, 0xFD47, 0xFD47,
 0xFD47, 0xFD47, 0xFD47, 0xFD47, 0xFD47, 0xFD47, 0xFD47, 0xFD47, 0xFD47, 0xFD47, 0xFD47, 0xFD47, 0xFD47, 0xFD47, 0xFD47, 0xFD47,
 0xFFBD, 0xFFBD, 0xFFDD, 0xFFDE, 0xFF7B, 0xFEF6, 0xFEF6, 0xFEF6, 0xFEF6, 0xFEF5, 0xFEF6, 0xFEF6, 0xFEF6, 0xFEF6, 0xFEF6, 0xFF39,
 0xFFBD, 0xFFFE, 0xFE50, 0xFD26, 0xFD47, 0xFD47, 0xFD47, 0xFD47, 0xFD47, 0xFD47, 0xFD47, 0xFD47, 0xFD47, 0xFD47, 0xFD47, 0xFD47,
 0xFD47, 0xFD47, 0xFD47, 0xFD47, 0xFD47, 0xFD47, 0xFD47, 0xFD47, 0xFD47, 0xFD47, 0xFD47, 0xFD47, 0xFD47, 0xFD47, 0xFD47, 0xFD47,
 0xFD47, 0xFD47, 0xFD47, 0xFD47, 0xFD47, 0xFD47, 0xFD47, 0xFD47, 0xFD47, 0xFD47, 0xFD47, 0xFD47, 0xFD47, 0xFD47, 0xFD47, 0xFD47,
 0xFD47, 0xFD47, 0xFD47, 0xFD47, 0xFD47, 0xFD47, 0xFD47, 0xFD47, 0xFD47, 0xFD47, 0xFD47, 0xFD47, 0xFD47, 0xFD47, 0xFD47, 0xFD47,
 0xFD47, 0xFD47, 0xFD47, 0xFD47, 0xFD47, 0xFD47, 0xFD47, 0xFD47, 0xFD47, 0xFD47, 0xFD47, 0xFD47, 0xFD47, 0xFD47, 0xFD47, 0xFD47,
 0xFD47, 0xFD47, 0xFD47, 0xFD47, 0xFD47, 0xFD47, 0xFD47, 0xFD47, 0xFD47, 0xFD47, 0xFD47, 0xFD47, 0xFD47, 0xFD47, 0xFD47, 0xFD47,
 0xFD47, 0xFD47, 0xFD47, 0xFD47, 0xFD47, 0xFD47, 0xFD47, 0xFD47, 0xFD47, 0xFD47, 0xFD47, 0xFD47, 0xFD47, 0xFD47, 0xFD47, 0xFD47,
 0xFFDD, 0xFFDD, 0xFFBD, 0xFFDD, 0xFF7A, 0xFED6, 0xFEF6, 0xFEF6, 0xFF16, 0xFEF6, 0xFEF6, 0xFEF6, 0xFEF6, 0xFEF6, 0xF6D6, 0xF739,
 0xFFFE, 0xFFFF, 0xFE50, 0xFD26, 0xFD47, 0xFD47, 0xFD47, 0xFD47, 0xFD47, 0xFD47, 0xFD47, 0xFD47, 0xFD47, 0xFD47, 0xFD47, 0xFD47,
 0xFD47, 0xFD47, 0xFD47, 0xFD47, 0xFD47, 0xFD47, 0xFD47, 0xFD47, 0xFD47, 0xFD47, 0xFD47, 0xFD47, 0xFD47, 0xFD47, 0xFD47, 0xFD47,
 0xFD47, 0xFD47, 0xFD47, 0xFD47, 0xFD47, 0xFD47, 0xFD47, 0xFD47, 0xFD47, 0xFD47, 0xFD47, 0xFD47, 0xFD47, 0xFD47, 0xFD47, 0xFD47,
 0xFD47, 0xFD47, 0xFD47, 0xFD47, 0xFD47, 0xFD47, 0xFD47, 0xFD47, 0xFD47, 0xFD47, 0xFD47, 0xFD47, 0xFD47, 0xFD47, 0xFD47, 0xFD47,
 0xFD47, 0xFD47, 0xFD47, 0xFD47, 0xFD47, 0xFD47, 0xFD47, 0xFD47, 0xFD47, 0xFD47, 0xFD47, 0xFD47, 0xFD47, 0xFD47, 0xFD47, 0xFD47,
 0xFD47, 0xFD47, 0xFD47, 0xFD47, 0xFD47, 0xFD47, 0xFD47, 0xFD47, 0xFD47, 0xFD47, 0xFD47, 0xFD47, 0xFD47, 0xFD47, 0xFD47, 0xFD47,
 0xFD47, 0xFD47, 0xFD47, 0xFD47, 0xFD47, 0xFD47, 0xFD47, 0xFD47, 0xFD47, 0xFD47, 0xFD47, 0xFD47, 0xFD47, 0xFD47, 0xFD47, 0xFD47,
 0xEDED, 0xEE30, 0xFFBC, 0xFFBD, 0xFFBC, 0xFF7B, 0xFF9B, 0xFF38, 0xFEF6, 0xFEF7, 0xFF7A, 0xFF9B, 0xFF9B, 0xFF9B, 0xFF9C, 0xF6F6,
 0xF5CD, 0xEDEE, 0xF58A, 0xFD47, 0xFD47, 0xFD47, 0xFD47, 0xFD47, 0xFD47, 0xFD47, 0xFD47, 0xFD47, 0xFD47, 0xFD47, 0xFD47, 0xFD47,
 0xFD47, 0xFD47, 0xFD47, 0xFD47, 0xFD47, 0xFD47, 0xFD47, 0xFD47, 0xFD47, 0xFD47, 0xFD47, 0xFD47, 0xFD47, 0xFD47, 0xFD47, 0xFD47,
 0xFD47, 0xFD47, 0xFD47, 0xFD47, 0xFD47, 0xFD47, 0xFD47, 0xFD47, 0xFD47, 0xFD47, 0xFD47, 0xFD47, 0xFD47, 0xFD47, 0xFD47, 0xFD47,
 0xFD47, 0xFD47, 0xFD47, 0xFD47, 0xFD47, 0xFD47, 0xFD47, 0xFD47, 0xFD47, 0xFD47, 0xFD47, 0xFD47, 0xFD47, 0xFD47, 0xFD47, 0xFD47,
 0xFD47, 0xFD47, 0xFD47, 0xFD47, 0xFD47, 0xFD47, 0xFD47, 0xFD47, 0xFD47, 0xFD47, 0xFD47, 0xFD47, 0xFD47, 0xFD47, 0xFD47, 0xFD47,
 0xFD47, 0xFD47, 0xFD47, 0xFD47, 0xFD47, 0xFD47, 0xFD47, 0xFD47, 0xFD47, 0xFD47, 0xFD47, 0xFD47, 0xFD47, 0xFD47, 0xFD47, 0xFD47,
 0xFD47, 0xFD47, 0xFD47, 0xFD47, 0xFD47, 0xFD47, 0xFD47, 0xFD47, 0xFD47, 0xFD47, 0xFD47, 0xFD47, 0xFD47, 0xFD47, 0xFD47, 0xFD47,
 0xFD24, 0xF5AA, 0xFFDD, 0xFFDE, 0xFFDD, 0xFFDD, 0xFFDD, 0xFF39, 0xFEF5, 0xFEF6, 0xFF9C, 0xFFBE, 0xFFBE, 0xFFDE, 0xFFFF, 0xF6D6,
 0xF505, 0xFD26, 0xFD46, 0xFD47, 0xFD47, 0xFD47, 0xFD47, 0xFD47, 0xFD47, 0xFD47, 0xFD47, 0xFD47, 0xFD47, 0xFD47, 0xFD47, 0xFD47,
 0xFD47, 0xFD47, 0xFD47, 0xFD47, 0xFD47, 0xFD47, 0xFD47, 0xFD47, 0xFD47, 0xFD47, 0xFD47, 0xFD47, 0xFD47, 0xFD47, 0xFD47, 0xFD47,
 0xFD47, 0xFD47, 0xFD47, 0xFD47, 0xFD47, 0xFD47, 0xFD47, 0xFD47, 0xFD47, 0xFD47, 0xFD47, 0xFD47, 0xFD47, 0xFD47, 0xFD47, 0xFD47,
 0xFD47, 0xFD47, 0xFD47, 0xFD47, 0xFD47, 0xFD47, 0xFD47, 0xFD47, 0xFD47, 0xFD47, 0xFD47, 0xFD47, 0xFD47, 0xFD47, 0xFD47, 0xFD47,
 0xFD47, 0xFD47, 0xFD47, 0xFD47, 0xFD47, 0xFD47, 0xFD47, 0xFD47, 0xFD47, 0xFD47, 0xFD47, 0xFD47, 0xFD47, 0xFD47, 0xFD47, 0xFD47,
 0xFD47, 0xFD47, 0xFD47, 0xFD47, 0xFD47, 0xFD47, 0xFD47, 0xFD47, 0xFD47, 0xFD47, 0xFD47, 0xFD47, 0xFD47, 0xFD47, 0xFD47, 0xFD47,
 0xFD47, 0xFD47, 0xFD47, 0xFD47, 0xFD47, 0xFD47, 0xFD47, 0xFD47, 0xFD47, 0xFD47, 0xFD47, 0xFD47, 0xFD47, 0xFD47, 0xFD47, 0xFD47,
 0xFD46, 0xF5AB, 0xFF9A, 0xF79B, 0xFF9C, 0xFFBD, 0xFFDD, 0xFF39, 0xFEF6, 0xFF17, 0xFF9C, 0xFFBE, 0xFFBC, 0xF79B, 0xFFBC, 0xF6D3,
 0xFD26, 0xFD48, 0xFD48, 0xFD47, 0xFD47, 0xFD47, 0xFD47, 0xFD47, 0xFD47, 0xFD47, 0xFD47, 0xFD47, 0xFD47, 0xFD47, 0xFD47, 0xFD47,
 0xFD47, 0xFD47, 0xFD47, 0xFD47, 0xFD47, 0xFD47, 0xFD47, 0xFD47, 0xFD47, 0xFD47, 0xFD47, 0xFD47, 0xFD47, 0xFD47, 0xFD47, 0xFD47,
 0xFD47, 0xFD47, 0xFD47, 0xFD47, 0xFD47, 0xFD47, 0xFD47, 0xFD47, 0xFD47, 0xFD47, 0xFD47, 0xFD47, 0xFD47, 0xFD47, 0xFD47, 0xFD47,
 0xFD47, 0xFD47, 0xFD47, 0xFD47, 0xFD47, 0xFD47, 0xFD47, 0xFD47, 0xFD47, 0xFD47, 0xFD47, 0xFD47, 0xFD47, 0xFD47, 0xFD47, 0xFD47,
 0xFD47, 0xFD47, 0xFD47, 0xFD47, 0xFD47, 0xFD47, 0xFD47, 0xFD47, 0xFD47, 0xFD47, 0xFD47, 0xFD47, 0xFD47, 0xFD47, 0xFD47, 0xFD47,
 0xFD47, 0xFD47, 0xFD47, 0xFD47, 0xFD47, 0xFD47, 0xFD47, 0xFD47, 0xFD47, 0xFD47, 0xFD47, 0xFD47, 0xFD47, 0xFD47, 0xFD47, 0xFD47,
 0xFD47, 0xFD47, 0xFD47, 0xFD47, 0xFD47, 0xFD47, 0xFD47, 0xFD47, 0xFD47, 0xFD47, 0xFD47, 0xFD47, 0xFD47, 0xFD47, 0xFD47, 0xFD47,
 0xFD47, 0xFD48, 0xFD89, 0xF548, 0xF651, 0xFFFE, 0xFFBD, 0xFF9D, 0xFFBC, 0xFF9D, 0xFFBD, 0xFFDD, 0xF759, 0xED6B, 0xFD69, 0xFD68,
 0xFD47, 0xFD67, 0xFD47, 0xFD47, 0xFD47, 0xFD47, 0xFD47, 0xFD47, 0xFD47, 0xFD47, 0xFD47, 0xFD47, 0xFD47, 0xFD47, 0xFD47, 0xFD47,
 0xFD47, 0xFD47, 0xFD47, 0xFD47, 0xFD47, 0xFD47, 0xFD47, 0xFD47, 0xFD47, 0xFD47, 0xFD47, 0xFD47, 0xFD47, 0xFD47, 0xFD47, 0xFD47,
 0xFD47, 0xFD47, 0xFD47, 0xFD47, 0xFD47, 0xFD47, 0xFD47, 0xFD47, 0xFD47, 0xFD47, 0xFD47, 0xFD47, 0xFD47, 0xFD47, 0xFD47, 0xFD47,
 0xFD47, 0xFD47, 0xFD47, 0xFD47, 0xFD47, 0xFD47, 0xFD47, 0xFD47, 0xFD47, 0xFD47, 0xFD47, 0xFD47, 0xFD47, 0xFD47, 0xFD47, 0xFD47,
 0xFD47, 0xFD47, 0xFD47, 0xFD47, 0xFD47, 0xFD47, 0xFD47, 0xFD47, 0xFD47, 0xFD47, 0xFD47, 0xFD47, 0xFD47, 0xFD47, 0xFD47, 0xFD47,
 0xFD47, 0xFD47, 0xFD47, 0xFD47, 0xFD47, 0xFD47, 0xFD47, 0xFD47, 0xFD47, 0xFD47, 0xFD47, 0xFD47, 0xFD47, 0xFD47, 0xFD47, 0xFD47,
 0xFD47, 0xFD47, 0xFD47, 0xFD47, 0xFD47, 0xFD47, 0xFD47, 0xFD47, 0xFD47, 0xFD47, 0xFD47, 0xFD47, 0xFD47, 0xFD47, 0xFD47, 0xFD47,
 0xFD47, 0xFD47, 0xFD47, 0xFD05, 0xF630, 0xF7FF, 0xFFFE, 0xFFFE, 0xFFFE, 0xFFFE, 0xFFDE, 0xFFFF, 0xF77A, 0xF548, 0xFD46, 0xFD47,
 0xFD47, 0xFD47, 0xFD47, 0xFD47, 0xFD47, 0xFD47, 0xFD47, 0xFD47, 0xFD47, 0xFD47, 0xFD47, 0xFD47, 0xFD47, 0xFD47, 0xFD47, 0xFD47,
 0xFD47, 0xFD47, 0xFD47, 0xFD47, 0xFD47, 0xFD47, 0xFD47, 0xFD47, 0xFD47, 0xFD47, 0xFD47, 0xFD47, 0xFD47, 0xFD47, 0xFD47, 0xFD47,
 0xFD47, 0xFD47, 0xFD47, 0xFD47, 0xFD47, 0xFD47, 0xFD47, 0xFD47, 0xFD47, 0xFD47, 0xFD47, 0xFD47, 0xFD47, 0xFD47, 0xFD47, 0xFD47,
 0xFD47, 0xFD47, 0xFD47, 0xFD47, 0xFD47, 0xFD47, 0xFD47, 0xFD47, 0xFD47, 0xFD47, 0xFD47, 0xFD47, 0xFD47, 0xFD47, 0xFD47, 0xFD47,
 0xFD47, 0xFD47, 0xFD47, 0xFD47, 0xFD47, 0xFD47, 0xFD47, 0xFD47, 0xFD47, 0xFD47, 0xFD47, 0xFD47, 0xFD47, 0xFD47, 0xFD47, 0xFD47,
 0xFD47, 0xFD47, 0xFD47, 0xFD47, 0xFD47, 0xFD47, 0xFD47, 0xFD47, 0xFD47, 0xFD47, 0xFD47, 0xFD47, 0xFD47, 0xFD47, 0xFD47, 0xFD47,
 0xFD47, 0xFD47, 0xFD47, 0xFD47, 0xFD47, 0xFD47, 0xFD47, 0xFD47, 0xFD47, 0xFD47, 0xFD47, 0xFD47, 0xFD47, 0xFD47, 0xFD47, 0xFD47,
 0xFD47, 0xFD47, 0xFD47, 0xFD26, 0xF60D, 0xF757, 0xF717, 0xFF17, 0xFF17, 0xFF17, 0xF736, 0xF738, 0xF6D4, 0xF548, 0xFD47, 0xFD47,
 0xFD47, 0xFD47, 0xFD47, 0xFD47, 0xFD47, 0xFD47, 0xFD47, 0xFD47, 0xFD47, 0xFD47, 0xFD47, 0xFD47, 0xFD47, 0xFD47, 0xFD47, 0xFD47,
 0xFD47, 0xFD47, 0xFD47, 0xFD47, 0xFD47, 0xFD47, 0xFD47, 0xFD47, 0xFD47, 0xFD47, 0xFD47, 0xFD47, 0xFD47, 0xFD47, 0xFD47, 0xFD47,
 0xFD47, 0xFD47, 0xFD47, 0xFD47, 0xFD47, 0xFD47, 0xFD47, 0xFD47, 0xFD47, 0xFD47, 0xFD47, 0xFD47, 0xFD47, 0xFD47, 0xFD47, 0xFD47,
 0xFD47, 0xFD47, 0xFD47, 0xFD47, 0xFD47, 0xFD47, 0xFD47, 0xFD47, 0xFD47, 0xFD47, 0xFD47, 0xFD47, 0xFD47, 0xFD47, 0xFD47, 0xFD47,
 0xFD47, 0xFD47, 0xFD47, 0xFD47, 0xFD47, 0xFD47, 0xFD47, 0xFD47, 0xFD47, 0xFD47, 0xFD47, 0xFD47, 0xFD47, 0xFD47, 0xFD47, 0xFD47,
 0xFD47, 0xFD47, 0xFD47, 0xFD47, 0xFD47, 0xFD47, 0xFD47, 0xFD47, 0xFD47, 0xFD47, 0xFD47, 0xFD47, 0xFD47, 0xFD47, 0xFD47, 0xFD47,
 0xFD47, 0xFD47, 0xFD47, 0xFD47, 0xFD47, 0xFD47, 0xFD47, 0xFD47, 0xFD47, 0xFD47, 0xFD47, 0xFD47, 0xFD47, 0xFD47, 0xFD47, 0xFD47,
 0xFD47, 0xFD47, 0xFD47, 0xFD47, 0xFD67, 0xF527, 0xF527, 0xFD47, 0xF547, 0xF527, 0xF527, 0xF546, 0xF527, 0xFD48, 0xFD47, 0xFD47,
 0xFD47, 0xFD47, 0xFD47, 0xFD47, 0xFD47, 0xFD47, 0xFD47, 0xFD47, 0xFD47, 0xFD47, 0xFD47, 0xFD47, 0xFD47, 0xFD47, 0xFD47, 0xFD47,
 0xFD47, 0xFD47, 0xFD47, 0xFD47, 0xFD47, 0xFD47, 0xFD47, 0xFD47, 0xFD47, 0xFD47, 0xFD47, 0xFD47, 0xFD47, 0xFD47, 0xFD47, 0xFD47,
 0xFD47, 0xFD47, 0xFD47, 0xFD47, 0xFD47, 0xFD47, 0xFD47, 0xFD47, 0xFD47, 0xFD47, 0xFD47, 0xFD47, 0xFD47, 0xFD47, 0xFD47, 0xFD47,
 0xFD47, 0xFD47, 0xFD47, 0xFD47, 0xFD47, 0xFD47, 0xFD47, 0xFD47, 0xFD47, 0xFD47, 0xFD47, 0xFD47, 0xFD47, 0xFD47, 0xFD47, 0xFD47,
 0xFD47, 0xFD47, 0xFD47, 0xFD47, 0xFD47, 0xFD47, 0xFD47, 0xFD47, 0xFD47, 0xFD47, 0xFD47, 0xFD47, 0xFD47, 0xFD47, 0xFD47, 0xFD47,
 0xFD47, 0xFD47, 0xFD47, 0xFD47, 0xFD47, 0xFD47, 0xFD47, 0xFD47, 0xFD47, 0xFD47, 0xFD47, 0xFD47, 0xFD47, 0xFD47, 0xFD47, 0xFD47,
 0xFD47, 0xFD47, 0xFD47, 0xFD47, 0xFD47, 0xFD47, 0xFD47, 0xFD47, 0xFD47, 0xFD47, 0xFD47, 0xFD47, 0xFD47, 0xFD47, 0xFD47, 0xFD47,
 0xFD47, 0xFD47, 0xFD47, 0xFD47, 0xFD47, 0xFD47, 0xFD47, 0xFD47, 0xFD47, 0xFD47, 0xFD47, 0xFD47, 0xFD47, 0xFD47, 0xFD47, 0xFD47,
 0xFD47, 0xFD47, 0xFD47, 0xFD47, 0xFD47, 0xFD47, 0xFD47, 0xFD47, 0xFD47, 0xFD47, 0xFD47, 0xFD47, 0xFD47, 0xFD47, 0xFD47, 0xFD47,
 0xFD47, 0xFD47, 0xFD47, 0xFD47, 0xFD47, 0xFD47, 0xFD47, 0xFD47, 0xFD47, 0xFD47, 0xFD47, 0xFD47, 0xFD47, 0xFD47, 0xFD47, 0xFD47,
 0xFD47, 0xFD47, 0xFD47, 0xFD47, 0xFD47, 0xFD47, 0xFD47, 0xFD47, 0xFD47, 0xFD47, 0xFD47, 0xFD47, 0xFD47, 0xFD47, 0xFD47, 0xFD47,
 0xFD47, 0xFD47, 0xFD47, 0xFD47, 0xFD47, 0xFD47, 0xFD47, 0xFD47, 0xFD47, 0xFD47, 0xFD47, 0xFD47, 0xFD47, 0xFD47, 0xFD47, 0xFD47,
 0xFD47, 0xFD47, 0xFD47, 0xFD47, 0xFD47, 0xFD47, 0xFD47, 0xFD47, 0xFD47, 0xFD47, 0xFD47, 0xFD47, 0xFD47, 0xFD47, 0xFD47, 0xFD47,
 0xFD47, 0xFD47, 0xFD47, 0xFD47, 0xFD47, 0xFD47, 0xFD47, 0xFD47, 0xFD47, 0xFD47, 0xFD47, 0xFD47, 0xFD47, 0xFD47, 0xFD47, 0xFD47,
 0xFD47, 0xFD47, 0xFD47, 0xFD47, 0xFD47, 0xFD47, 0xFD47, 0xFD47, 0xFD47, 0xFD47, 0xFD47, 0xFD47, 0xFD47, 0xFD47, 0xFD47, 0xFD47,
 0xFD47, 0xFD47, 0xFD47, 0xFD47, 0xFD47, 0xFD47, 0xFD47, 0xFD47, 0xFD47, 0xFD47, 0xFD47, 0xFD47, 0xFD47, 0xFD47, 0xFD47, 0xFD47,
 0xFD47, 0xFD47, 0xFD47, 0xFD47, 0xFD47, 0xFD47, 0xFD47, 0xFD47, 0xFD47, 0xFD47, 0xFD47, 0xFD47, 0xFD47, 0xFD47, 0xFD47, 0xFD47,
 0xFD47, 0xFD47, 0xFD47, 0xFD47, 0xFD47, 0xFD47, 0xFD47, 0xFD47, 0xFD47, 0xFD47, 0xFD47, 0xFD47, 0xFD47, 0xFD47, 0xFD47, 0xFD47,
 0xFD47, 0xFD47, 0xFD48, 0xF568, 0xFD68, 0xFD68, 0xFD68, 0xFD68, 0xFD68, 0xFD68, 0xFD68, 0xFD68, 0xFD68, 0xFD68, 0xFD68, 0xFD68,
 0xFD68, 0xFD68, 0xFD68, 0xFD68, 0xFD68, 0xFD68, 0xFD68, 0xFD68, 0xFD68, 0xFD68, 0xFD68, 0xFD68, 0xFD68, 0xFD68, 0xFD68, 0xFD68,
 0xFD68, 0xFD68, 0xFD48, 0xFD48, 0xFD47, 0xFD47, 0xFD47, 0xFD47, 0xFD47, 0xFD47, 0xFD47, 0xFD47, 0xFD47, 0xFD47, 0xFD47, 0xFD47,
 0xFD47, 0xFD47, 0xFD47, 0xFD47, 0xFD47, 0xFD47, 0xFD47, 0xFD47, 0xFD47, 0xFD47, 0xFD47, 0xFD47, 0xFD47, 0xFD47, 0xFD47, 0xFD47,
 0xFD47, 0xFD47, 0xFD47, 0xFD47, 0xFD47, 0xFD47, 0xFD47, 0xFD47, 0xFD47, 0xFD47, 0xFD47, 0xFD47, 0xFD47, 0xFD47, 0xFD47, 0xFD47,
 0xFD47, 0xFD47, 0xFD47, 0xFD47, 0xFD47, 0xFD47, 0xFD47, 0xFD47, 0xFD47, 0xFD47, 0xFD47, 0xFD47, 0xFD47, 0xFD47, 0xFD47, 0xFD47,
 0xFD47, 0xFD47, 0xFD47, 0xFD47, 0xFD47, 0xFD47, 0xFD47, 0xFD47, 0xFD47, 0xFD47, 0xFD47, 0xFD47, 0xFD47, 0xFD47, 0xFD47, 0xFD47,
 0xFD47, 0xFD47, 0xFD47, 0xFD47, 0xFD47, 0xFD47, 0xFD47, 0xFD47, 0xFD47, 0xFD47, 0xFD47, 0xFD47, 0xFD47, 0xFD47, 0xFD47, 0xFD47,
 0xFD47, 0xF547, 0xF5ED, 0xFE4F, 0xFE30, 0xFE30, 0xFE30, 0xFE30, 0xFE30, 0xFE30, 0xFE30, 0xFE30, 0xFE30, 0xFE30, 0xFE30, 0xFE30,
 0xFE30, 0xFE30, 0xFE30, 0xFE30, 0xFE30, 0xFE30, 0xFE30, 0xFE30, 0xFE30, 0xFE30, 0xFE30, 0xFE30, 0xFE30, 0xFE30, 0xFE30, 0xFE30,
 0xFE4F, 0xFE4F, 0xFE4F, 0xFDAA, 0xFD47, 0xFD47, 0xFD47, 0xFD47, 0xFD47, 0xFD47, 0xFD47, 0xFD47, 0xFD47, 0xFD47, 0xFD47, 0xFD47,
 0xFD47, 0xFD47, 0xFD47, 0xFD47, 0xFD47, 0xFD47, 0xFD47, 0xFD47, 0xFD47, 0xFD47, 0xFD47, 0xFD47, 0xFD47, 0xFD47, 0xFD47, 0xFD47,
 0xFD47, 0xFD47, 0xFD47, 0xFD47, 0xFD47, 0xFD47, 0xFD47, 0xFD47, 0xFD47, 0xFD47, 0xFD47, 0xFD47, 0xFD47, 0xFD47, 0xFD47, 0xFD47,
 0xFD47, 0xFD47, 0xFD47, 0xFD47, 0xFD47, 0xFD47, 0xFD47, 0xFD47, 0xFD47, 0xFD47, 0xFD47, 0xFD47, 0xFD47, 0xFD47, 0xFD47, 0xFD47,
 0xFD47, 0xFD47, 0xFD47, 0xFD47, 0xFD47, 0xFD47, 0xFD47, 0xFD47, 0xFD47, 0xFD47, 0xFD47, 0xFD47, 0xFD47, 0xFD47, 0xFD47, 0xFD47,
 0xFD47, 0xFD47, 0xFD47, 0xFD47, 0xFD47, 0xFD47, 0xFD47, 0xFD47, 0xFD47, 0xFD47, 0xFD47, 0xFD47, 0xFD47, 0xFD47, 0xFD47, 0xFD47,
 0xFD46, 0xFD26, 0xF5EE, 0xFE72, 0xFE51, 0xFE71, 0xFE71, 0xFE71, 0xFE51, 0xFE51, 0xFE51, 0xFE51, 0xFE51, 0xFE71, 0xFE71, 0xFE71,
 0xFE71, 0xFE71, 0xFE51, 0xFE51, 0xFE51, 0xFE51, 0xFE51, 0xFE51, 0xFE51, 0xFE51, 0xFE51, 0xFE51, 0xFE51, 0xFE51, 0xFE51, 0xFE51,
 0xFE51, 0xFE72, 0xFE72, 0xF5CB, 0xFD26, 0xFD46, 0xFD67, 0xFD47, 0xFD47, 0xFD47, 0xFD47, 0xFD47, 0xFD47, 0xFD47, 0xFD47, 0xFD47,
 0xFD47, 0xFD47, 0xFD47, 0xFD47, 0xFD47, 0xFD47, 0xFD47, 0xFD47, 0xFD47, 0xFD47, 0xFD47, 0xFD47, 0xFD47, 0xFD47, 0xFD47, 0xFD47,
 0xFD47, 0xFD47, 0xFD47, 0xFD47, 0xFD47, 0xFD47, 0xFD47, 0xFD47, 0xFD47, 0xFD47, 0xFD47, 0xFD47, 0xFD47, 0xFD47, 0xFD47, 0xFD47,
 0xFD47, 0xFD47, 0xFD47, 0xFD47, 0xFD47, 0xFD47, 0xFD47, 0xFD47, 0xFD47, 0xFD47, 0xFD47, 0xFD47, 0xFD47, 0xFD47, 0xFD47, 0xFD47,
 0xFD47, 0xFD47, 0xFD47, 0xFD47, 0xFD47, 0xFD47, 0xFD47, 0xFD47, 0xFD47, 0xFD47, 0xFD47, 0xFD47, 0xFD47, 0xFD47, 0xFD47, 0xFD47,
 0xFD47, 0xFD47, 0xFD47, 0xFD47, 0xFD47, 0xFD47, 0xFD47, 0xFD47, 0xFD47, 0xFD47, 0xFD47, 0xFD47, 0xFD47, 0xFD47, 0xFD47, 0xF548,
 0xF58A, 0xF56A, 0xF5EF, 0xFE51, 0xFE51, 0xFE51, 0xFE51, 0xFE51, 0xFE72, 0xFE72, 0xFE72, 0xFE72, 0xFE72, 0xFE51, 0xFE51, 0xFE51,
 0xFE51, 0xFE51, 0xFE51, 0xFE72, 0xFE72, 0xFE72, 0xFE72, 0xFE72, 0xFE72, 0xFE72, 0xFE72, 0xFE72, 0xFE72, 0xFE72, 0xFE72, 0xFE72,
 0xFE72, 0xFE50, 0xFE71, 0xF5EC, 0xF56A, 0xF589, 0xFD67, 0xFD47, 0xFD47, 0xFD47, 0xFD47, 0xFD47, 0xFD47, 0xFD47, 0xFD47, 0xFD47,
 0xFD47, 0xFD47, 0xFD47, 0xFD47, 0xFD47, 0xFD47, 0xFD47, 0xFD47, 0xFD47, 0xFD47, 0xFD47, 0xFD47, 0xFD47, 0xFD47, 0xFD47, 0xFD47,
 0xFD47, 0xFD47, 0xFD47, 0xFD47, 0xFD47, 0xFD47, 0xFD47, 0xFD47, 0xFD47, 0xFD47, 0xFD47, 0xFD47, 0xFD47, 0xFD47, 0xFD47, 0xFD47,
 0xFD47, 0xFD47, 0xFD47, 0xFD47, 0xFD47, 0xFD47, 0xFD47, 0xFD47, 0xFD47, 0xFD47, 0xFD47, 0xFD47, 0xFD47, 0xFD47, 0xFD47, 0xFD47,
 0xFD47, 0xFD47, 0xFD47, 0xFD47, 0xFD47, 0xFD47, 0xFD47, 0xFD47, 0xFD47, 0xFD47, 0xFD47, 0xFD47, 0xFD47, 0xFD47, 0xFD47, 0xFD47,
 0xFD47, 0xFD47, 0xFD47, 0xFD47, 0xFD47, 0xFD47, 0xFD47, 0xFD47, 0xFD47, 0xFD47, 0xFD47, 0xFD47, 0xFD47, 0xFD47, 0xFD47, 0xFDAB,
 0xFE71, 0xFE51, 0xFE51, 0xFE51, 0xFE51, 0xFE51, 0xFE51, 0xFE72, 0xFEF6, 0xFEF6, 0xFEF6, 0xFEF6, 0xFF16, 0xFE93, 0xFE31, 0xFE51,
 0xFE51, 0xFE51, 0xFE72, 0xFEF6, 0xFEF7, 0xFF16, 0xFEF6, 0xFEF6, 0xFEF6, 0xFEF6, 0xFEF6, 0xFEF6, 0xFEF6, 0xFEF6, 0xFEF6, 0xFF16,
 0xFEB4, 0xFE50, 0xFE51, 0xFE70, 0xFE51, 0xFE70, 0xFD89, 0xFD47, 0xFD47, 0xFD47, 0xFD47, 0xFD47, 0xFD47, 0xFD47, 0xFD47, 0xFD47,
 0xFD47, 0xFD47, 0xFD47, 0xFD47, 0xFD47, 0xFD47, 0xFD47, 0xFD47, 0xFD47, 0xFD47, 0xFD47, 0xFD47, 0xFD47, 0xFD47, 0xFD47, 0xFD47,
 0xFD47, 0xFD47, 0xFD47, 0xFD47, 0xFD47, 0xFD47, 0xFD47, 0xFD47, 0xFD47, 0xFD47, 0xFD47, 0xFD47, 0xFD47, 0xFD47, 0xFD47, 0xFD47,
 0xFD47, 0xFD47, 0xFD47, 0xFD47, 0xFD47, 0xFD47, 0xFD47, 0xFD47, 0xFD47, 0xFD47, 0xFD47, 0xFD47, 0xFD47, 0xFD47, 0xFD47, 0xFD47,
 0xFD47, 0xFD47, 0xFD47, 0xFD47, 0xFD47, 0xFD47, 0xFD47, 0xFD47, 0xFD47, 0xFD47, 0xFD47, 0xFD47, 0xFD47, 0xFD47, 0xFD47, 0xFD47,
 0xFD47, 0xFD47, 0xFD47, 0xFD47, 0xFD47, 0xFD47, 0xFD47, 0xFD47, 0xFD47, 0xFD47, 0xFD47, 0xFD47, 0xFD47, 0xFD47, 0xFD47, 0xFDAB,
 0xFE71, 0xFE51, 0xFE51, 0xFE51, 0xFE51, 0xFE51, 0xFE51, 0xFE72, 0xFEF6, 0xFEF7, 0xFEF6, 0xFEF7, 0xFF16, 0xFE93, 0xFE51, 0xFE51,
 0xFE51, 0xFE51, 0xFE72, 0xFF16, 0xFEF7, 0xFEF6, 0xFEF6, 0xFEF6, 0xFEF6, 0xFEF7, 0xFEF6, 0xFEF7, 0xFEF7, 0xFEF7, 0xFEF6, 0xFEF7,
 0xFEB5, 0xFE50, 0xFE51, 0xF651, 0xFE51, 0xFE51, 0xF56A, 0xFD47, 0xFD47, 0xFD47, 0xFD47, 0xFD47, 0xFD47, 0xFD47, 0xFD47, 0xFD47,
 0xFD47, 0xFD47, 0xFD47, 0xFD47, 0xFD47, 0xFD47, 0xFD47, 0xFD47, 0xFD47, 0xFD47, 0xFD47, 0xFD47, 0xFD47, 0xFD47, 0xFD47, 0xFD47,
 0xFD47, 0xFD47, 0xFD47, 0xFD47, 0xFD47, 0xFD47, 0xFD47, 0xFD47, 0xFD47, 0xFD47, 0xFD47, 0xFD47, 0xFD47, 0xFD47, 0xFD47, 0xFD47,

};
const unsigned short minisquare[] = {
 0x0000, 0x0000, 0x0000, 0x0000, 0x0000, 0x0000, 0x0000, 0x0000, 0x0000, 0x0000, 0x0000, 0x0000, 0x0000, 0x0000, 0x0000, 0x0000,
 0x0000, 0x0000, 0x0000, 0x0000, 0x0000, 0x0000, 0x0000, 0x0000, 0x0000, 0xFFFF, 0xFFFF, 0xFFFF, 0xFFFF, 0xFFFF, 0xFFFF, 0xFFFF,
 0xFFFF, 0xFFFF, 0xFFFF, 0xFFFF, 0x0000, 0xFFFF, 0xFFFF, 0xFFFF, 0xFFFF, 0xFFFF, 0xFFFF, 0xFFFF, 0xFFFF, 0xFFFF, 0xFFFF, 0x0000,
 0x0000, 0xFFFF, 0xFFFF, 0xFFFF, 0xFFFF, 0xFFFF, 0xFFFF, 0xFFFF, 0xFFFF, 0xFFFF, 0xFFFF, 0xFFFF, 0x0000, 0xFFFF, 0xFFFF, 0xFFFF,
 0xFFFF, 0xFFFF, 0xFFFF, 0xFFFF, 0xFFFF, 0xFFFF, 0xFFFF, 0x0000, 0x0000, 0xFFFF, 0xFFFF, 0xFFFF, 0xFFFF, 0xFFFF, 0xFFFF, 0xFFFF,
 0xFFFF, 0xFFFF, 0xFFFF, 0xFFFF, 0x0000, 0xFFFF, 0xFFFF, 0xFFFF, 0xFFFF, 0xFFFF, 0xFFFF, 0xFFFF, 0xFFFF, 0xFFFF, 0xFFFF, 0x0000,
 0x0000, 0xFFFF, 0xFFFF, 0xFFFF, 0xFFFF, 0xFFFF, 0xFFFF, 0xFFFF, 0xFFFF, 0xFFFF, 0xFFFF, 0xFFFF, 0x0000, 0xFFFF, 0xFFFF, 0xFFFF,
 0xFFFF, 0xFFFF, 0xFFFF, 0xFFFF, 0xFFFF, 0xFFFF, 0xFFFF, 0x0000, 0x0000, 0xFFFF, 0xFFFF, 0xFFFF, 0xFFFF, 0xFFFF, 0xFFFF, 0xFFFF,
 0xFFFF, 0xFFFF, 0xFFFF, 0xFFFF, 0x0000, 0xFFFF, 0xFFFF, 0xFFFF, 0xFFFF, 0xFFFF, 0xFFFF, 0xFFFF, 0xFFFF, 0xFFFF, 0xFFFF, 0x0000,
 0x0000, 0xFFFF, 0xFFFF, 0xFFFF, 0xFFFF, 0xFFFF, 0xFFFF, 0xFFFF, 0xFFFF, 0xFFFF, 0xFFFF, 0xFFFF, 0x0000, 0xFFFF, 0xFFFF, 0xFFFF,
 0xFFFF, 0xFFFF, 0xFFFF, 0xFFFF, 0xFFFF, 0xFFFF, 0xFFFF, 0x0000, 0x0000, 0xFFFF, 0xFFFF, 0xFFFF, 0xFFFF, 0xFFFF, 0xFFFF, 0xFFFF,
 0xFFFF, 0xFFFF, 0xFFFF, 0xFFFF, 0x0000, 0xFFFF, 0xFFFF, 0xFFFF, 0xFFFF, 0xFFFF, 0xFFFF, 0xFFFF, 0xFFFF, 0xFFFF, 0xFFFF, 0x0000,
 0x0000, 0xFFFF, 0xFFFF, 0xFFFF, 0xFFFF, 0xFFFF, 0xFFFF, 0xFFFF, 0xFFFF, 0xFFFF, 0xFFFF, 0xFFFF, 0x0000, 0xFFFF, 0xFFFF, 0xFFFF,
 0xFFFF, 0xFFFF, 0xFFFF, 0xFFFF, 0xFFFF, 0xFFFF, 0xFFFF, 0x0000, 0x0000, 0xFFFF, 0xFFFF, 0xFFFF, 0xFFFF, 0xFFFF, 0xFFFF, 0xFFFF,
 0xFFFF, 0xFFFF, 0xFFFF, 0xFFFF, 0x0000, 0xFFFF, 0xFFFF, 0xFFFF, 0xFFFF, 0xFFFF, 0xFFFF, 0xFFFF, 0xFFFF, 0xFFFF, 0xFFFF, 0x0000,
 0x0000, 0xFFFF, 0xFFFF, 0xFFFF, 0xFFFF, 0xFFFF, 0xFFFF, 0xFFFF, 0xFFFF, 0xFFFF, 0xFFFF, 0xFFFF, 0x0000, 0xFFFF, 0xFFFF, 0xFFFF,
 0xFFFF, 0xFFFF, 0xFFFF, 0xFFFF, 0xFFFF, 0xFFFF, 0xFFFF, 0x0000, 0x0000, 0x0000, 0x0000, 0x0000, 0x0000, 0x0000, 0x0000, 0x0000,
 0x0000, 0x0000, 0x0000, 0x0000, 0x0000, 0x0000, 0x0000, 0x0000, 0x0000, 0x0000, 0x0000, 0x0000, 0x0000, 0x0000, 0x0000, 0x0000,
 0x0000, 0xFFFF, 0xFFFF, 0xFFFF, 0xFFFF, 0xFFFF, 0xFFFF, 0xFFFF, 0xFFFF, 0xFFFF, 0xFFFF, 0xFFFF, 0x0000, 0xFFFF, 0xFFFF, 0xFFFF,
 0xFFFF, 0xFFFF, 0xFFFF, 0xFFFF, 0xFFFF, 0xFFFF, 0xFFFF, 0x0000, 0x0000, 0xFFFF, 0xFFFF, 0xFFFF, 0xFFFF, 0xFFFF, 0xFFFF, 0xFFFF,
 0xFFFF, 0xFFFF, 0xFFFF, 0xFFFF, 0x0000, 0xFFFF, 0xFFFF, 0xFFFF, 0xFFFF, 0xFFFF, 0xFFFF, 0xFFFF, 0xFFFF, 0xFFFF, 0xFFFF, 0x0000,
 0x0000, 0xFFFF, 0xFFFF, 0xFFFF, 0xFFFF, 0xFFFF, 0xFFFF, 0xFFFF, 0xFFFF, 0xFFFF, 0xFFFF, 0xFFFF, 0x0000, 0xFFFF, 0xFFFF, 0xFFFF,
 0xFFFF, 0xFFFF, 0xFFFF, 0xFFFF, 0xFFFF, 0xFFFF, 0xFFFF, 0x0000, 0x0000, 0xFFFF, 0xFFFF, 0xFFFF, 0xFFFF, 0xFFFF, 0xFFFF, 0xFFFF,
 0xFFFF, 0xFFFF, 0xFFFF, 0xFFFF, 0x0000, 0xFFFF, 0xFFFF, 0xFFFF, 0xFFFF, 0xFFFF, 0xFFFF, 0xFFFF, 0xFFFF, 0xFFFF, 0xFFFF, 0x0000,
 0x0000, 0xFFFF, 0xFFFF, 0xFFFF, 0xFFFF, 0xFFFF, 0xFFFF, 0xFFFF, 0xFFFF, 0xFFFF, 0xFFFF, 0xFFFF, 0x0000, 0xFFFF, 0xFFFF, 0xFFFF,
 0xFFFF, 0xFFFF, 0xFFFF, 0xFFFF, 0xFFFF, 0xFFFF, 0xFFFF, 0x0000, 0x0000, 0xFFFF, 0xFFFF, 0xFFFF, 0xFFFF, 0xFFFF, 0xFFFF, 0xFFFF,
 0xFFFF, 0xFFFF, 0xFFFF, 0xFFFF, 0x0000, 0xFFFF, 0xFFFF, 0xFFFF, 0xFFFF, 0xFFFF, 0xFFFF, 0xFFFF, 0xFFFF, 0xFFFF, 0xFFFF, 0x0000,
 0x0000, 0xFFFF, 0xFFFF, 0xFFFF, 0xFFFF, 0xFFFF, 0xFFFF, 0xFFFF, 0xFFFF, 0xFFFF, 0xFFFF, 0xFFFF, 0x0000, 0xFFFF, 0xFFFF, 0xFFFF,
 0xFFFF, 0xFFFF, 0xFFFF, 0xFFFF, 0xFFFF, 0xFFFF, 0xFFFF, 0x0000, 0x0000, 0xFFFF, 0xFFFF, 0xFFFF, 0xFFFF, 0xFFFF, 0xFFFF, 0xFFFF,
 0xFFFF, 0xFFFF, 0xFFFF, 0xFFFF, 0x0000, 0xFFFF, 0xFFFF, 0xFFFF, 0xFFFF, 0xFFFF, 0xFFFF, 0xFFFF, 0xFFFF, 0xFFFF, 0xFFFF, 0x0000,
 0x0000, 0xFFFF, 0xFFFF, 0xFFFF, 0xFFFF, 0xFFFF, 0xFFFF, 0xFFFF, 0xFFFF, 0xFFFF, 0xFFFF, 0xFFFF, 0x0000, 0xFFFF, 0xFFFF, 0xFFFF,
 0xFFFF, 0xFFFF, 0xFFFF, 0xFFFF, 0xFFFF, 0xFFFF, 0xFFFF, 0x0000, 0x0000, 0xFFFF, 0xFFFF, 0xFFFF, 0xFFFF, 0xFFFF, 0xFFFF, 0xFFFF,
 0xFFFF, 0xFFFF, 0xFFFF, 0xFFFF, 0x0000, 0xFFFF, 0xFFFF, 0xFFFF, 0xFFFF, 0xFFFF, 0xFFFF, 0xFFFF, 0xFFFF, 0xFFFF, 0xFFFF, 0x0000,
 0x0000, 0xFFFF, 0xFFFF, 0xFFFF, 0xFFFF, 0xFFFF, 0xFFFF, 0xFFFF, 0xFFFF, 0xFFFF, 0xFFFF, 0xFFFF, 0x0000, 0xFFFF, 0xFFFF, 0xFFFF,
 0xFFFF, 0xFFFF, 0xFFFF, 0xFFFF, 0xFFFF, 0xFFFF, 0xFFFF, 0x0000, 0x0000, 0x0000, 0x0000, 0x0000, 0x0000, 0x0000, 0x0000, 0x0000,
 0x0000, 0x0000, 0x0000, 0x0000, 0x0000, 0x0000, 0x0000, 0x0000, 0x0000, 0x0000, 0x0000, 0x0000, 0x0000, 0x0000, 0x0000, 0x0000,

};

const unsigned short single[] = {
 0x0000, 0x0000, 0x0000, 0x0000, 0x0000, 0x0000, 0x0000, 0x0000, 0x0000, 0x0000, 0x0000, 0x0000, 0x0000, 0xFFFF, 0xFFFF, 0xFFFF,
 0xFFFF, 0xFFFF, 0xFFFF, 0xFFFF, 0xFFFF, 0xFFFF, 0xFFFF, 0x0000, 0x0000, 0xFFFF, 0xFFFF, 0xFFFF, 0xFFFF, 0xFFFF, 0xFFFF, 0xFFFF,
 0xFFFF, 0xFFFF, 0xFFFF, 0x0000, 0x0000, 0xFFFF, 0xFFFF, 0xFFFF, 0xFFFF, 0xFFFF, 0xFFFF, 0xFFFF, 0xFFFF, 0xFFFF, 0xFFFF, 0x0000,
 0x0000, 0xFFFF, 0xFFFF, 0xFFFF, 0xFFFF, 0xFFFF, 0xFFFF, 0xFFFF, 0xFFFF, 0xFFFF, 0xFFFF, 0x0000, 0x0000, 0xFFFF, 0xFFFF, 0xFFFF,
 0xFFFF, 0xFFFF, 0xFFFF, 0xFFFF, 0xFFFF, 0xFFFF, 0xFFFF, 0x0000, 0x0000, 0xFFFF, 0xFFFF, 0xFFFF, 0xFFFF, 0xFFFF, 0xFFFF, 0xFFFF,
 0xFFFF, 0xFFFF, 0xFFFF, 0x0000, 0x0000, 0xFFFF, 0xFFFF, 0xFFFF, 0xFFFF, 0xFFFF, 0xFFFF, 0xFFFF, 0xFFFF, 0xFFFF, 0xFFFF, 0x0000,
 0x0000, 0xFFFF, 0xFFFF, 0xFFFF, 0xFFFF, 0xFFFF, 0xFFFF, 0xFFFF, 0xFFFF, 0xFFFF, 0xFFFF, 0x0000, 0x0000, 0xFFFF, 0xFFFF, 0xFFFF,
 0xFFFF, 0xFFFF, 0xFFFF, 0xFFFF, 0xFFFF, 0xFFFF, 0xFFFF, 0x0000, 0x0000, 0xFFFF, 0xFFFF, 0xFFFF, 0xFFFF, 0xFFFF, 0xFFFF, 0xFFFF,
 0xFFFF, 0xFFFF, 0xFFFF, 0x0000, 0x0000, 0x0000, 0x0000, 0x0000, 0x0000, 0x0000, 0x0000, 0x0000, 0x0000, 0x0000, 0x0000, 0x0000,

};
const unsigned short minitall[] = {
 0x0000, 0x0000, 0x0000, 0x0000, 0x0000, 0x0000, 0x0000, 0x0000, 0x0000, 0x0000, 0x0000, 0x0000, 0x0000, 0xFFFF, 0xFFFF, 0xFFFF,
 0xFFFF, 0xFFFF, 0xFFFF, 0xFFFF, 0xFFFF, 0xFFFF, 0xFFFF, 0x0000, 0x0000, 0xFFFF, 0xFFFF, 0xFFFF, 0xFFFF, 0xFFFF, 0xFFFF, 0xFFFF,
 0xFFFF, 0xFFFF, 0xFFFF, 0x0000, 0x0000, 0xFFFF, 0xFFFF, 0xFFFF, 0xFFFF, 0xFFFF, 0xFFFF, 0xFFFF, 0xFFFF, 0xFFFF, 0xFFFF, 0x0000,
 0x0000, 0xFFFF, 0xFFFF, 0xFFFF, 0xFFFF, 0xFFFF, 0xFFFF, 0xFFFF, 0xFFFF, 0xFFFF, 0xFFFF, 0x0000, 0x0000, 0xFFFF, 0xFFFF, 0xFFFF,
 0xFFFF, 0xFFFF, 0xFFFF, 0xFFFF, 0xFFFF, 0xFFFF, 0xFFFF, 0x0000, 0x0000, 0xFFFF, 0xFFFF, 0xFFFF, 0xFFFF, 0xFFFF, 0xFFFF, 0xFFFF,
 0xFFFF, 0xFFFF, 0xFFFF, 0x0000, 0x0000, 0xFFFF, 0xFFFF, 0xFFFF, 0xFFFF, 0xFFFF, 0xFFFF, 0xFFFF, 0xFFFF, 0xFFFF, 0xFFFF, 0x0000,
 0x0000, 0xFFFF, 0xFFFF, 0xFFFF, 0xFFFF, 0xFFFF, 0xFFFF, 0xFFFF, 0xFFFF, 0xFFFF, 0xFFFF, 0x0000, 0x0000, 0xFFFF, 0xFFFF, 0xFFFF,
 0xFFFF, 0xFFFF, 0xFFFF, 0xFFFF, 0xFFFF, 0xFFFF, 0xFFFF, 0x0000, 0x0000, 0xFFFF, 0xFFFF, 0xFFFF, 0xFFFF, 0xFFFF, 0xFFFF, 0xFFFF,
 0xFFFF, 0xFFFF, 0xFFFF, 0x0000, 0x0000, 0x0000, 0x0000, 0x0000, 0x0000, 0x0000, 0x0000, 0x0000, 0x0000, 0x0000, 0x0000, 0x0000,
 0x0000, 0xFFFF, 0xFFFF, 0xFFFF, 0xFFFF, 0xFFFF, 0xFFFF, 0xFFFF, 0xFFFF, 0xFFFF, 0xFFFF, 0x0000, 0x0000, 0xFFFF, 0xFFFF, 0xFFFF,
 0xFFFF, 0xFFFF, 0xFFFF, 0xFFFF, 0xFFFF, 0xFFFF, 0xFFFF, 0x0000, 0x0000, 0xFFFF, 0xFFFF, 0xFFFF, 0xFFFF, 0xFFFF, 0xFFFF, 0xFFFF,
 0xFFFF, 0xFFFF, 0xFFFF, 0x0000, 0x0000, 0xFFFF, 0xFFFF, 0xFFFF, 0xFFFF, 0xFFFF, 0xFFFF, 0xFFFF, 0xFFFF, 0xFFFF, 0xFFFF, 0x0000,
 0x0000, 0xFFFF, 0xFFFF, 0xFFFF, 0xFFFF, 0xFFFF, 0xFFFF, 0xFFFF, 0xFFFF, 0xFFFF, 0xFFFF, 0x0000, 0x0000, 0xFFFF, 0xFFFF, 0xFFFF,
 0xFFFF, 0xFFFF, 0xFFFF, 0xFFFF, 0xFFFF, 0xFFFF, 0xFFFF, 0x0000, 0x0000, 0xFFFF, 0xFFFF, 0xFFFF, 0xFFFF, 0xFFFF, 0xFFFF, 0xFFFF,
 0xFFFF, 0xFFFF, 0xFFFF, 0x0000, 0x0000, 0xFFFF, 0xFFFF, 0xFFFF, 0xFFFF, 0xFFFF, 0xFFFF, 0xFFFF, 0xFFFF, 0xFFFF, 0xFFFF, 0x0000,
 0x0000, 0xFFFF, 0xFFFF, 0xFFFF, 0xFFFF, 0xFFFF, 0xFFFF, 0xFFFF, 0xFFFF, 0xFFFF, 0xFFFF, 0x0000, 0x0000, 0xFFFF, 0xFFFF, 0xFFFF,
 0xFFFF, 0xFFFF, 0xFFFF, 0xFFFF, 0xFFFF, 0xFFFF, 0xFFFF, 0x0000, 0x0000, 0xFFFF, 0xFFFF, 0xFFFF, 0xFFFF, 0xFFFF, 0xFFFF, 0xFFFF,
 0xFFFF, 0xFFFF, 0xFFFF, 0x0000, 0x0000, 0x0000, 0x0000, 0x0000, 0x0000, 0x0000, 0x0000, 0x0000, 0x0000, 0x0000, 0x0000, 0x0000,

};

const unsigned short miniwide[] = {
 0x0000, 0x0000, 0x0000, 0x0000, 0x0000, 0x0000, 0x0000, 0x0000, 0x0000, 0x0000, 0x0000, 0x0000, 0x0000, 0x0000, 0x0000, 0x0000,
 0x0000, 0x0000, 0x0000, 0x0000, 0x0000, 0x0000, 0x0000, 0x0000, 0x0000, 0xFFFF, 0xFFFF, 0xFFFF, 0xFFFF, 0xFFFF, 0xFFFF, 0xFFFF,
 0xFFFF, 0xFFFF, 0xFFFF, 0x0000, 0xFFFF, 0xFFFF, 0xFFFF, 0xFFFF, 0xFFFF, 0xFFFF, 0xFFFF, 0xFFFF, 0xFFFF, 0xFFFF, 0xFFFF, 0x0000,
 0x0000, 0xFFFF, 0xFFFF, 0xFFFF, 0xFFFF, 0xFFFF, 0xFFFF, 0xFFFF, 0xFFFF, 0xFFFF, 0xFFFF, 0x0000, 0xFFFF, 0xFFFF, 0xFFFF, 0xFFFF,
 0xFFFF, 0xFFFF, 0xFFFF, 0xFFFF, 0xFFFF, 0xFFFF, 0xFFFF, 0x0000, 0x0000, 0xFFFF, 0xFFFF, 0xFFFF, 0xFFFF, 0xFFFF, 0xFFFF, 0xFFFF,
 0xFFFF, 0xFFFF, 0xFFFF, 0x0000, 0xFFFF, 0xFFFF, 0xFFFF, 0xFFFF, 0xFFFF, 0xFFFF, 0xFFFF, 0xFFFF, 0xFFFF, 0xFFFF, 0xFFFF, 0x0000,
 0x0000, 0xFFFF, 0xFFFF, 0xFFFF, 0xFFFF, 0xFFFF, 0xFFFF, 0xFFFF, 0xFFFF, 0xFFFF, 0xFFFF, 0x0000, 0xFFFF, 0xFFFF, 0xFFFF, 0xFFFF,
 0xFFFF, 0xFFFF, 0xFFFF, 0xFFFF, 0xFFFF, 0xFFFF, 0xFFFF, 0x0000, 0x0000, 0xFFFF, 0xFFFF, 0xFFFF, 0xFFFF, 0xFFFF, 0xFFFF, 0xFFFF,
 0xFFFF, 0xFFFF, 0xFFFF, 0x0000, 0xFFFF, 0xFFFF, 0xFFFF, 0xFFFF, 0xFFFF, 0xFFFF, 0xFFFF, 0xFFFF, 0xFFFF, 0xFFFF, 0xFFFF, 0x0000,
 0x0000, 0xFFFF, 0xFFFF, 0xFFFF, 0xFFFF, 0xFFFF, 0xFFFF, 0xFFFF, 0xFFFF, 0xFFFF, 0xFFFF, 0x0000, 0xFFFF, 0xFFFF, 0xFFFF, 0xFFFF,
 0xFFFF, 0xFFFF, 0xFFFF, 0xFFFF, 0xFFFF, 0xFFFF, 0xFFFF, 0x0000, 0x0000, 0xFFFF, 0xFFFF, 0xFFFF, 0xFFFF, 0xFFFF, 0xFFFF, 0xFFFF,
 0xFFFF, 0xFFFF, 0xFFFF, 0x0000, 0xFFFF, 0xFFFF, 0xFFFF, 0xFFFF, 0xFFFF, 0xFFFF, 0xFFFF, 0xFFFF, 0xFFFF, 0xFFFF, 0xFFFF, 0x0000,
 0x0000, 0xFFFF, 0xFFFF, 0xFFFF, 0xFFFF, 0xFFFF, 0xFFFF, 0xFFFF, 0xFFFF, 0xFFFF, 0xFFFF, 0x0000, 0xFFFF, 0xFFFF, 0xFFFF, 0xFFFF,
 0xFFFF, 0xFFFF, 0xFFFF, 0xFFFF, 0xFFFF, 0xFFFF, 0xFFFF, 0x0000, 0x0000, 0xFFFF, 0xFFFF, 0xFFFF, 0xFFFF, 0xFFFF, 0xFFFF, 0xFFFF,
 0xFFFF, 0xFFFF, 0xFFFF, 0x0000, 0xFFFF, 0xFFFF, 0xFFFF, 0xFFFF, 0xFFFF, 0xFFFF, 0xFFFF, 0xFFFF, 0xFFFF, 0xFFFF, 0xFFFF, 0x0000,
 0x0000, 0xFFFF, 0xFFFF, 0xFFFF, 0xFFFF, 0xFFFF, 0xFFFF, 0xFFFF, 0xFFFF, 0xFFFF, 0xFFFF, 0x0000, 0xFFFF, 0xFFFF, 0xFFFF, 0xFFFF,
 0xFFFF, 0xFFFF, 0xFFFF, 0xFFFF, 0xFFFF, 0xFFFF, 0xFFFF, 0x0000, 0x0000, 0x0000, 0x0000, 0x0000, 0x0000, 0x0000, 0x0000, 0x0000,
 0x0000, 0x0000, 0x0000, 0x0000, 0x0000, 0x0000, 0x0000, 0x0000, 0x0000, 0x0000, 0x0000, 0x0000, 0x0000, 0x0000, 0x0000, 0x0000,

};

const unsigned short tall[] = {
 0x0000, 0x0000, 0x0000, 0x0000, 0x0000, 0x0000, 0x0000, 0x0000, 0x0000, 0x0000, 0x0000, 0x0000, 0x0000, 0xFFFF, 0xFFFF, 0xFFFF,
 0xFFFF, 0xFFFF, 0xFFFF, 0xFFFF, 0xFFFF, 0xFFFF, 0xFFFF, 0x0000, 0x0000, 0xFFFF, 0xFFFF, 0xFFFF, 0xFFFF, 0xFFFF, 0xFFFF, 0xFFFF,
 0xFFFF, 0xFFFF, 0xFFFF, 0x0000, 0x0000, 0xFFFF, 0xFFFF, 0xFFFF, 0xFFFF, 0xFFFF, 0xFFFF, 0xFFFF, 0xFFFF, 0xFFFF, 0xFFFF, 0x0000,
 0x0000, 0xFFFF, 0xFFFF, 0xFFFF, 0xFFFF, 0xFFFF, 0xFFFF, 0xFFFF, 0xFFFF, 0xFFFF, 0xFFFF, 0x0000, 0x0000, 0xFFFF, 0xFFFF, 0xFFFF,
 0xFFFF, 0xFFFF, 0xFFFF, 0xFFFF, 0xFFFF, 0xFFFF, 0xFFFF, 0x0000, 0x0000, 0xFFFF, 0xFFFF, 0xFFFF, 0xFFFF, 0xFFFF, 0xFFFF, 0xFFFF,
 0xFFFF, 0xFFFF, 0xFFFF, 0x0000, 0x0000, 0xFFFF, 0xFFFF, 0xFFFF, 0xFFFF, 0xFFFF, 0xFFFF, 0xFFFF, 0xFFFF, 0xFFFF, 0xFFFF, 0x0000,
 0x0000, 0xFFFF, 0xFFFF, 0xFFFF, 0xFFFF, 0xFFFF, 0xFFFF, 0xFFFF, 0xFFFF, 0xFFFF, 0xFFFF, 0x0000, 0x0000, 0xFFFF, 0xFFFF, 0xFFFF,
 0xFFFF, 0xFFFF, 0xFFFF, 0xFFFF, 0xFFFF, 0xFFFF, 0xFFFF, 0x0000, 0x0000, 0xFFFF, 0xFFFF, 0xFFFF, 0xFFFF, 0xFFFF, 0xFFFF, 0xFFFF,
 0xFFFF, 0xFFFF, 0xFFFF, 0x0000, 0x0000, 0xFFFF, 0xFFFF, 0xFFFF, 0xFFFF, 0xFFFF, 0xFFFF, 0xFFFF, 0xFFFF, 0xFFFF, 0xFFFF, 0x0000,
 0x0000, 0x0000, 0x0000, 0x0000, 0x0000, 0x0000, 0x0000, 0x0000, 0x0000, 0x0000, 0x0000, 0x0000, 0x0000, 0xFFFF, 0xFFFF, 0xFFFF,
 0xFFFF, 0xFFFF, 0xFFFF, 0xFFFF, 0xFFFF, 0xFFFF, 0xFFFF, 0x0000, 0x0000, 0xFFFF, 0xFFFF, 0xFFFF, 0xFFFF, 0xFFFF, 0xFFFF, 0xFFFF,
 0xFFFF, 0xFFFF, 0xFFFF, 0x0000, 0x0000, 0xFFFF, 0xFFFF, 0xFFFF, 0xFFFF, 0xFFFF, 0xFFFF, 0xFFFF, 0xFFFF, 0xFFFF, 0xFFFF, 0x0000,
 0x0000, 0xFFFF, 0xFFFF, 0xFFFF, 0xFFFF, 0xFFFF, 0xFFFF, 0xFFFF, 0xFFFF, 0xFFFF, 0xFFFF, 0x0000, 0x0000, 0xFFFF, 0xFFFF, 0xFFFF,
 0xFFFF, 0xFFFF, 0xFFFF, 0xFFFF, 0xFFFF, 0xFFFF, 0xFFFF, 0x0000, 0x0000, 0xFFFF, 0xFFFF, 0xFFFF, 0xFFFF, 0xFFFF, 0xFFFF, 0xFFFF,
 0xFFFF, 0xFFFF, 0xFFFF, 0x0000, 0x0000, 0xFFFF, 0xFFFF, 0xFFFF, 0xFFFF, 0xFFFF, 0xFFFF, 0xFFFF, 0xFFFF, 0xFFFF, 0xFFFF, 0x0000,
 0x0000, 0xFFFF, 0xFFFF, 0xFFFF, 0xFFFF, 0xFFFF, 0xFFFF, 0xFFFF, 0xFFFF, 0xFFFF, 0xFFFF, 0x0000, 0x0000, 0xFFFF, 0xFFFF, 0xFFFF,
 0xFFFF, 0xFFFF, 0xFFFF, 0xFFFF, 0xFFFF, 0xFFFF, 0xFFFF, 0x0000, 0x0000, 0xFFFF, 0xFFFF, 0xFFFF, 0xFFFF, 0xFFFF, 0xFFFF, 0xFFFF,
 0xFFFF, 0xFFFF, 0xFFFF, 0x0000, 0x0000, 0x0000, 0x0000, 0x0000, 0x0000, 0x0000, 0x0000, 0x0000, 0x0000, 0x0000, 0x0000, 0x0000,
 0x0000, 0xFFFF, 0xFFFF, 0xFFFF, 0xFFFF, 0xFFFF, 0xFFFF, 0xFFFF, 0xFFFF, 0xFFFF, 0xFFFF, 0x0000, 0x0000, 0xFFFF, 0xFFFF, 0xFFFF,
 0xFFFF, 0xFFFF, 0xFFFF, 0xFFFF, 0xFFFF, 0xFFFF, 0xFFFF, 0x0000, 0x0000, 0xFFFF, 0xFFFF, 0xFFFF, 0xFFFF, 0xFFFF, 0xFFFF, 0xFFFF,
 0xFFFF, 0xFFFF, 0xFFFF, 0x0000, 0x0000, 0xFFFF, 0xFFFF, 0xFFFF, 0xFFFF, 0xFFFF, 0xFFFF, 0xFFFF, 0xFFFF, 0xFFFF, 0xFFFF, 0x0000,
 0x0000, 0xFFFF, 0xFFFF, 0xFFFF, 0xFFFF, 0xFFFF, 0xFFFF, 0xFFFF, 0xFFFF, 0xFFFF, 0xFFFF, 0x0000, 0x0000, 0xFFFF, 0xFFFF, 0xFFFF,
 0xFFFF, 0xFFFF, 0xFFFF, 0xFFFF, 0xFFFF, 0xFFFF, 0xFFFF, 0x0000, 0x0000, 0xFFFF, 0xFFFF, 0xFFFF, 0xFFFF, 0xFFFF, 0xFFFF, 0xFFFF,
 0xFFFF, 0xFFFF, 0xFFFF, 0x0000, 0x0000, 0xFFFF, 0xFFFF, 0xFFFF, 0xFFFF, 0xFFFF, 0xFFFF, 0xFFFF, 0xFFFF, 0xFFFF, 0xFFFF, 0x0000,
 0x0000, 0xFFFF, 0xFFFF, 0xFFFF, 0xFFFF, 0xFFFF, 0xFFFF, 0xFFFF, 0xFFFF, 0xFFFF, 0xFFFF, 0x0000, 0x0000, 0xFFFF, 0xFFFF, 0xFFFF,
 0xFFFF, 0xFFFF, 0xFFFF, 0xFFFF, 0xFFFF, 0xFFFF, 0xFFFF, 0x0000, 0x0000, 0xFFFF, 0xFFFF, 0xFFFF, 0xFFFF, 0xFFFF, 0xFFFF, 0xFFFF,
 0xFFFF, 0xFFFF, 0xFFFF, 0x0000, 0x0000, 0x0000, 0x0000, 0x0000, 0x0000, 0x0000, 0x0000, 0x0000, 0x0000, 0x0000, 0x0000, 0x0000,

};
const unsigned short wide[] = {
 0x0000, 0x0000, 0x0000, 0x0000, 0x0000, 0x0000, 0x0000, 0x0000, 0x0000, 0x0000, 0x0000, 0x0000, 0x0000, 0x0000, 0x0000, 0x0000,
 0x0000, 0x0000, 0x0000, 0x0000, 0x0000, 0x0000, 0x0000, 0x0000, 0x0000, 0x0000, 0x0000, 0x0000, 0x0000, 0x0000, 0x0000, 0x0000,
 0x0000, 0x0000, 0x0000, 0x0000, 0x0000, 0xFFFF, 0xFFFF, 0xFFFF, 0xFFFF, 0xFFFF, 0xFFFF, 0xFFFF, 0xFFFF, 0xFFFF, 0xFFFF, 0x0000,
 0xFFFF, 0xFFFF, 0xFFFF, 0xFFFF, 0xFFFF, 0xFFFF, 0xFFFF, 0xFFFF, 0xFFFF, 0xFFFF, 0xFFFF, 0x0000, 0xFFFF, 0xFFFF, 0xFFFF, 0xFFFF,
 0xFFFF, 0xFFFF, 0xFFFF, 0xFFFF, 0xFFFF, 0xFFFF, 0xFFFF, 0x0000, 0x0000, 0xFFFF, 0xFFFF, 0xFFFF, 0xFFFF, 0xFFFF, 0xFFFF, 0xFFFF,
 0xFFFF, 0xFFFF, 0xFFFF, 0x0000, 0xFFFF, 0xFFFF, 0xFFFF, 0xFFFF, 0xFFFF, 0xFFFF, 0xFFFF, 0xFFFF, 0xFFFF, 0xFFFF, 0xFFFF, 0x0000,
 0xFFFF, 0xFFFF, 0xFFFF, 0xFFFF, 0xFFFF, 0xFFFF, 0xFFFF, 0xFFFF, 0xFFFF, 0xFFFF, 0xFFFF, 0x0000, 0x0000, 0xFFFF, 0xFFFF, 0xFFFF,
 0xFFFF, 0xFFFF, 0xFFFF, 0xFFFF, 0xFFFF, 0xFFFF, 0xFFFF, 0x0000, 0xFFFF, 0xFFFF, 0xFFFF, 0xFFFF, 0xFFFF, 0xFFFF, 0xFFFF, 0xFFFF,
 0xFFFF, 0xFFFF, 0xFFFF, 0x0000, 0xFFFF, 0xFFFF, 0xFFFF, 0xFFFF, 0xFFFF, 0xFFFF, 0xFFFF, 0xFFFF, 0xFFFF, 0xFFFF, 0xFFFF, 0x0000,
 0x0000, 0xFFFF, 0xFFFF, 0xFFFF, 0xFFFF, 0xFFFF, 0xFFFF, 0xFFFF, 0xFFFF, 0xFFFF, 0xFFFF, 0x0000, 0xFFFF, 0xFFFF, 0xFFFF, 0xFFFF,
 0xFFFF, 0xFFFF, 0xFFFF, 0xFFFF, 0xFFFF, 0xFFFF, 0xFFFF, 0x0000, 0xFFFF, 0xFFFF, 0xFFFF, 0xFFFF, 0xFFFF, 0xFFFF, 0xFFFF, 0xFFFF,
 0xFFFF, 0xFFFF, 0xFFFF, 0x0000, 0x0000, 0xFFFF, 0xFFFF, 0xFFFF, 0xFFFF, 0xFFFF, 0xFFFF, 0xFFFF, 0xFFFF, 0xFFFF, 0xFFFF, 0x0000,
 0xFFFF, 0xFFFF, 0xFFFF, 0xFFFF, 0xFFFF, 0xFFFF, 0xFFFF, 0xFFFF, 0xFFFF, 0xFFFF, 0xFFFF, 0x0000, 0xFFFF, 0xFFFF, 0xFFFF, 0xFFFF,
 0xFFFF, 0xFFFF, 0xFFFF, 0xFFFF, 0xFFFF, 0xFFFF, 0xFFFF, 0x0000, 0x0000, 0xFFFF, 0xFFFF, 0xFFFF, 0xFFFF, 0xFFFF, 0xFFFF, 0xFFFF,
 0xFFFF, 0xFFFF, 0xFFFF, 0x0000, 0xFFFF, 0xFFFF, 0xFFFF, 0xFFFF, 0xFFFF, 0xFFFF, 0xFFFF, 0xFFFF, 0xFFFF, 0xFFFF, 0xFFFF, 0x0000,
 0xFFFF, 0xFFFF, 0xFFFF, 0xFFFF, 0xFFFF, 0xFFFF, 0xFFFF, 0xFFFF, 0xFFFF, 0xFFFF, 0xFFFF, 0x0000, 0x0000, 0xFFFF, 0xFFFF, 0xFFFF,
 0xFFFF, 0xFFFF, 0xFFFF, 0xFFFF, 0xFFFF, 0xFFFF, 0xFFFF, 0x0000, 0xFFFF, 0xFFFF, 0xFFFF, 0xFFFF, 0xFFFF, 0xFFFF, 0xFFFF, 0xFFFF,
 0xFFFF, 0xFFFF, 0xFFFF, 0x0000, 0xFFFF, 0xFFFF, 0xFFFF, 0xFFFF, 0xFFFF, 0xFFFF, 0xFFFF, 0xFFFF, 0xFFFF, 0xFFFF, 0xFFFF, 0x0000,
 0x0000, 0xFFFF, 0xFFFF, 0xFFFF, 0xFFFF, 0xFFFF, 0xFFFF, 0xFFFF, 0xFFFF, 0xFFFF, 0xFFFF, 0x0000, 0xFFFF, 0xFFFF, 0xFFFF, 0xFFFF,
 0xFFFF, 0xFFFF, 0xFFFF, 0xFFFF, 0xFFFF, 0xFFFF, 0xFFFF, 0x0000, 0xFFFF, 0xFFFF, 0xFFFF, 0xFFFF, 0xFFFF, 0xFFFF, 0xFFFF, 0xFFFF,
 0xFFFF, 0xFFFF, 0xFFFF, 0x0000, 0x0000, 0xFFFF, 0xFFFF, 0xFFFF, 0xFFFF, 0xFFFF, 0xFFFF, 0xFFFF, 0xFFFF, 0xFFFF, 0xFFFF, 0x0000,
 0xFFFF, 0xFFFF, 0xFFFF, 0xFFFF, 0xFFFF, 0xFFFF, 0xFFFF, 0xFFFF, 0xFFFF, 0xFFFF, 0xFFFF, 0x0000, 0xFFFF, 0xFFFF, 0xFFFF, 0xFFFF,
 0xFFFF, 0xFFFF, 0xFFFF, 0xFFFF, 0xFFFF, 0xFFFF, 0xFFFF, 0x0000, 0x0000, 0xFFFF, 0xFFFF, 0xFFFF, 0xFFFF, 0xFFFF, 0xFFFF, 0xFFFF,
 0xFFFF, 0xFFFF, 0xFFFF, 0x0000, 0xFFFF, 0xFFFF, 0xFFFF, 0xFFFF, 0xFFFF, 0xFFFF, 0xFFFF, 0xFFFF, 0xFFFF, 0xFFFF, 0xFFFF, 0x0000,
 0xFFFF, 0xFFFF, 0xFFFF, 0xFFFF, 0xFFFF, 0xFFFF, 0xFFFF, 0xFFFF, 0xFFFF, 0xFFFF, 0xFFFF, 0x0000, 0x0000, 0x0000, 0x0000, 0x0000,
 0x0000, 0x0000, 0x0000, 0x0000, 0x0000, 0x0000, 0x0000, 0x0000, 0x0000, 0x0000, 0x0000, 0x0000, 0x0000, 0x0000, 0x0000, 0x0000,
 0x0000, 0x0000, 0x0000, 0x0000, 0x0000, 0x0000, 0x0000, 0x0000, 0x0000, 0x0000, 0x0000, 0x0000, 0x0000, 0x0000, 0x0000, 0x0000,

};

const unsigned short square[] = {
 0x0000, 0x0000, 0x0000, 0x0000, 0x0000, 0x0000, 0x0000, 0x0000, 0x0000, 0x0000, 0x0000, 0x0000, 0x0000, 0x0000, 0x0000, 0x0000,
 0x0000, 0x0000, 0x0000, 0x0000, 0x0000, 0x0000, 0x0000, 0x0000, 0x0000, 0x0000, 0x0000, 0x0000, 0x0000, 0x0000, 0x0000, 0x0000,
 0x0000, 0x0000, 0x0000, 0x0000, 0x0000, 0xFFFF, 0xFFFF, 0xFFFF, 0xFFFF, 0xFFFF, 0xFFFF, 0xFFFF, 0xFFFF, 0xFFFF, 0xFFFF, 0x0000,
 0xFFFF, 0xFFFF, 0xFFFF, 0xFFFF, 0xFFFF, 0xFFFF, 0xFFFF, 0xFFFF, 0xFFFF, 0xFFFF, 0xFFFF, 0xFFFF, 0x0000, 0xFFFF, 0xFFFF, 0xFFFF,
 0xFFFF, 0xFFFF, 0xFFFF, 0xFFFF, 0xFFFF, 0xFFFF, 0xFFFF, 0x0000, 0x0000, 0xFFFF, 0xFFFF, 0xFFFF, 0xFFFF, 0xFFFF, 0xFFFF, 0xFFFF,
 0xFFFF, 0xFFFF, 0xFFFF, 0x0000, 0xFFFF, 0xFFFF, 0xFFFF, 0xFFFF, 0xFFFF, 0xFFFF, 0xFFFF, 0xFFFF, 0xFFFF, 0xFFFF, 0xFFFF, 0xFFFF,
 0x0000, 0xFFFF, 0xFFFF, 0xFFFF, 0xFFFF, 0xFFFF, 0xFFFF, 0xFFFF, 0xFFFF, 0xFFFF, 0xFFFF, 0x0000, 0x0000, 0xFFFF, 0xFFFF, 0xFFFF,
 0xFFFF, 0xFFFF, 0xFFFF, 0xFFFF, 0xFFFF, 0xFFFF, 0xFFFF, 0x0000, 0xFFFF, 0xFFFF, 0xFFFF, 0xFFFF, 0xFFFF, 0xFFFF, 0xFFFF, 0xFFFF,
 0xFFFF, 0xFFFF, 0xFFFF, 0xFFFF, 0x0000, 0xFFFF, 0xFFFF, 0xFFFF, 0xFFFF, 0xFFFF, 0xFFFF, 0xFFFF, 0xFFFF, 0xFFFF, 0xFFFF, 0x0000,
 0x0000, 0xFFFF, 0xFFFF, 0xFFFF, 0xFFFF, 0xFFFF, 0xFFFF, 0xFFFF, 0xFFFF, 0xFFFF, 0xFFFF, 0x0000, 0xFFFF, 0xFFFF, 0xFFFF, 0xFFFF,
 0xFFFF, 0xFFFF, 0xFFFF, 0xFFFF, 0xFFFF, 0xFFFF, 0xFFFF, 0xFFFF, 0x0000, 0xFFFF, 0xFFFF, 0xFFFF, 0xFFFF, 0xFFFF, 0xFFFF, 0xFFFF,
 0xFFFF, 0xFFFF, 0xFFFF, 0x0000, 0x0000, 0xFFFF, 0xFFFF, 0xFFFF, 0xFFFF, 0xFFFF, 0xFFFF, 0xFFFF, 0xFFFF, 0xFFFF, 0xFFFF, 0x0000,
 0xFFFF, 0xFFFF, 0xFFFF, 0xFFFF, 0xFFFF, 0xFFFF, 0xFFFF, 0xFFFF, 0xFFFF, 0xFFFF, 0xFFFF, 0xFFFF, 0x0000, 0xFFFF, 0xFFFF, 0xFFFF,
 0xFFFF, 0xFFFF, 0xFFFF, 0xFFFF, 0xFFFF, 0xFFFF, 0xFFFF, 0x0000, 0x0000, 0xFFFF, 0xFFFF, 0xFFFF, 0xFFFF, 0xFFFF, 0xFFFF, 0xFFFF,
 0xFFFF, 0xFFFF, 0xFFFF, 0x0000, 0xFFFF, 0xFFFF, 0xFFFF, 0xFFFF, 0xFFFF, 0xFFFF, 0xFFFF, 0xFFFF, 0xFFFF, 0xFFFF, 0xFFFF, 0xFFFF,
 0x0000, 0xFFFF, 0xFFFF, 0xFFFF, 0xFFFF, 0xFFFF, 0xFFFF, 0xFFFF, 0xFFFF, 0xFFFF, 0xFFFF, 0x0000, 0x0000, 0xFFFF, 0xFFFF, 0xFFFF,
 0xFFFF, 0xFFFF, 0xFFFF, 0xFFFF, 0xFFFF, 0xFFFF, 0xFFFF, 0x0000, 0xFFFF, 0xFFFF, 0xFFFF, 0xFFFF, 0xFFFF, 0xFFFF, 0xFFFF, 0xFFFF,
 0xFFFF, 0xFFFF, 0xFFFF, 0xFFFF, 0x0000, 0xFFFF, 0xFFFF, 0xFFFF, 0xFFFF, 0xFFFF, 0xFFFF, 0xFFFF, 0xFFFF, 0xFFFF, 0xFFFF, 0x0000,
 0x0000, 0xFFFF, 0xFFFF, 0xFFFF, 0xFFFF, 0xFFFF, 0xFFFF, 0xFFFF, 0xFFFF, 0xFFFF, 0xFFFF, 0x0000, 0xFFFF, 0xFFFF, 0xFFFF, 0xFFFF,
 0xFFFF, 0xFFFF, 0xFFFF, 0xFFFF, 0xFFFF, 0xFFFF, 0xFFFF, 0xFFFF, 0x0000, 0xFFFF, 0xFFFF, 0xFFFF, 0xFFFF, 0xFFFF, 0xFFFF, 0xFFFF,
 0xFFFF, 0xFFFF, 0xFFFF, 0x0000, 0x0000, 0xFFFF, 0xFFFF, 0xFFFF, 0xFFFF, 0xFFFF, 0xFFFF, 0xFFFF, 0xFFFF, 0xFFFF, 0xFFFF, 0x0000,
 0xFFFF, 0xFFFF, 0xFFFF, 0xFFFF, 0xFFFF, 0xFFFF, 0xFFFF, 0xFFFF, 0xFFFF, 0xFFFF, 0xFFFF, 0xFFFF, 0x0000, 0xFFFF, 0xFFFF, 0xFFFF,
 0xFFFF, 0xFFFF, 0xFFFF, 0xFFFF, 0xFFFF, 0xFFFF, 0xFFFF, 0x0000, 0x0000, 0xFFFF, 0xFFFF, 0xFFFF, 0xFFFF, 0xFFFF, 0xFFFF, 0xFFFF,
 0xFFFF, 0xFFFF, 0xFFFF, 0x0000, 0xFFFF, 0xFFFF, 0xFFFF, 0xFFFF, 0xFFFF, 0xFFFF, 0xFFFF, 0xFFFF, 0xFFFF, 0xFFFF, 0xFFFF, 0xFFFF,
 0x0000, 0xFFFF, 0xFFFF, 0xFFFF, 0xFFFF, 0xFFFF, 0xFFFF, 0xFFFF, 0xFFFF, 0xFFFF, 0xFFFF, 0x0000, 0x0000, 0xFFFF, 0xFFFF, 0xFFFF,
 0xFFFF, 0xFFFF, 0xFFFF, 0xFFFF, 0xFFFF, 0xFFFF, 0xFFFF, 0x0000, 0xFFFF, 0xFFFF, 0xFFFF, 0xFFFF, 0xFFFF, 0xFFFF, 0xFFFF, 0xFFFF,
 0xFFFF, 0xFFFF, 0xFFFF, 0xFFFF, 0x0000, 0xFFFF, 0xFFFF, 0xFFFF, 0xFFFF, 0xFFFF, 0xFFFF, 0xFFFF, 0xFFFF, 0xFFFF, 0xFFFF, 0x0000,
 0x0000, 0x0000, 0x0000, 0x0000, 0x0000, 0x0000, 0x0000, 0x0000, 0x0000, 0x0000, 0x0000, 0x0000, 0x0000, 0x0000, 0x0000, 0x0000,
 0x0000, 0x0000, 0x0000, 0x0000, 0x0000, 0x0000, 0x0000, 0x0000, 0x0000, 0x0000, 0x0000, 0x0000, 0x0000, 0x0000, 0x0000, 0x0000,
 0x0000, 0x0000, 0x0000, 0x0000, 0x0000, 0xFFFF, 0xFFFF, 0xFFFF, 0xFFFF, 0xFFFF, 0xFFFF, 0xFFFF, 0xFFFF, 0xFFFF, 0xFFFF, 0x0000,
 0xFFFF, 0xFFFF, 0xFFFF, 0xFFFF, 0xFFFF, 0xFFFF, 0xFFFF, 0xFFFF, 0xFFFF, 0xFFFF, 0xFFFF, 0xFFFF, 0x0000, 0xFFFF, 0xFFFF, 0xFFFF,
 0xFFFF, 0xFFFF, 0xFFFF, 0xFFFF, 0xFFFF, 0xFFFF, 0xFFFF, 0x0000, 0x0000, 0xFFFF, 0xFFFF, 0xFFFF, 0xFFFF, 0xFFFF, 0xFFFF, 0xFFFF,
 0xFFFF, 0xFFFF, 0xFFFF, 0x0000, 0xFFFF, 0xFFFF, 0xFFFF, 0xFFFF, 0xFFFF, 0xFFFF, 0xFFFF, 0xFFFF, 0xFFFF, 0xFFFF, 0xFFFF, 0xFFFF,
 0x0000, 0xFFFF, 0xFFFF, 0xFFFF, 0xFFFF, 0xFFFF, 0xFFFF, 0xFFFF, 0xFFFF, 0xFFFF, 0xFFFF, 0x0000, 0x0000, 0xFFFF, 0xFFFF, 0xFFFF,
 0xFFFF, 0xFFFF, 0xFFFF, 0xFFFF, 0xFFFF, 0xFFFF, 0xFFFF, 0x0000, 0xFFFF, 0xFFFF, 0xFFFF, 0xFFFF, 0xFFFF, 0xFFFF, 0xFFFF, 0xFFFF,
 0xFFFF, 0xFFFF, 0xFFFF, 0xFFFF, 0x0000, 0xFFFF, 0xFFFF, 0xFFFF, 0xFFFF, 0xFFFF, 0xFFFF, 0xFFFF, 0xFFFF, 0xFFFF, 0xFFFF, 0x0000,
 0x0000, 0xFFFF, 0xFFFF, 0xFFFF, 0xFFFF, 0xFFFF, 0xFFFF, 0xFFFF, 0xFFFF, 0xFFFF, 0xFFFF, 0x0000, 0xFFFF, 0xFFFF, 0xFFFF, 0xFFFF,
 0xFFFF, 0xFFFF, 0xFFFF, 0xFFFF, 0xFFFF, 0xFFFF, 0xFFFF, 0xFFFF, 0x0000, 0xFFFF, 0xFFFF, 0xFFFF, 0xFFFF, 0xFFFF, 0xFFFF, 0xFFFF,
 0xFFFF, 0xFFFF, 0xFFFF, 0x0000, 0x0000, 0xFFFF, 0xFFFF, 0xFFFF, 0xFFFF, 0xFFFF, 0xFFFF, 0xFFFF, 0xFFFF, 0xFFFF, 0xFFFF, 0x0000,
 0xFFFF, 0xFFFF, 0xFFFF, 0xFFFF, 0xFFFF, 0xFFFF, 0xFFFF, 0xFFFF, 0xFFFF, 0xFFFF, 0xFFFF, 0xFFFF, 0x0000, 0xFFFF, 0xFFFF, 0xFFFF,
 0xFFFF, 0xFFFF, 0xFFFF, 0xFFFF, 0xFFFF, 0xFFFF, 0xFFFF, 0x0000, 0x0000, 0xFFFF, 0xFFFF, 0xFFFF, 0xFFFF, 0xFFFF, 0xFFFF, 0xFFFF,
 0xFFFF, 0xFFFF, 0xFFFF, 0x0000, 0xFFFF, 0xFFFF, 0xFFFF, 0xFFFF, 0xFFFF, 0xFFFF, 0xFFFF, 0xFFFF, 0xFFFF, 0xFFFF, 0xFFFF, 0xFFFF,
 0x0000, 0xFFFF, 0xFFFF, 0xFFFF, 0xFFFF, 0xFFFF, 0xFFFF, 0xFFFF, 0xFFFF, 0xFFFF, 0xFFFF, 0x0000, 0x0000, 0xFFFF, 0xFFFF, 0xFFFF,
 0xFFFF, 0xFFFF, 0xFFFF, 0xFFFF, 0xFFFF, 0xFFFF, 0xFFFF, 0x0000, 0xFFFF, 0xFFFF, 0xFFFF, 0xFFFF, 0xFFFF, 0xFFFF, 0xFFFF, 0xFFFF,
 0xFFFF, 0xFFFF, 0xFFFF, 0xFFFF, 0x0000, 0xFFFF, 0xFFFF, 0xFFFF, 0xFFFF, 0xFFFF, 0xFFFF, 0xFFFF, 0xFFFF, 0xFFFF, 0xFFFF, 0x0000,
 0x0000, 0xFFFF, 0xFFFF, 0xFFFF, 0xFFFF, 0xFFFF, 0xFFFF, 0xFFFF, 0xFFFF, 0xFFFF, 0xFFFF, 0x0000, 0xFFFF, 0xFFFF, 0xFFFF, 0xFFFF,
 0xFFFF, 0xFFFF, 0xFFFF, 0xFFFF, 0xFFFF, 0xFFFF, 0xFFFF, 0xFFFF, 0x0000, 0xFFFF, 0xFFFF, 0xFFFF, 0xFFFF, 0xFFFF, 0xFFFF, 0xFFFF,
 0xFFFF, 0xFFFF, 0xFFFF, 0x0000, 0x0000, 0xFFFF, 0xFFFF, 0xFFFF, 0xFFFF, 0xFFFF, 0xFFFF, 0xFFFF, 0xFFFF, 0xFFFF, 0xFFFF, 0x0000,
 0xFFFF, 0xFFFF, 0xFFFF, 0xFFFF, 0xFFFF, 0xFFFF, 0xFFFF, 0xFFFF, 0xFFFF, 0xFFFF, 0xFFFF, 0xFFFF, 0x0000, 0xFFFF, 0xFFFF, 0xFFFF,
 0xFFFF, 0xFFFF, 0xFFFF, 0xFFFF, 0xFFFF, 0xFFFF, 0xFFFF, 0x0000, 0x0000, 0xFFFF, 0xFFFF, 0xFFFF, 0xFFFF, 0xFFFF, 0xFFFF, 0xFFFF,
 0xFFFF, 0xFFFF, 0xFFFF, 0x0000, 0xFFFF, 0xFFFF, 0xFFFF, 0xFFFF, 0xFFFF, 0xFFFF, 0xFFFF, 0xFFFF, 0xFFFF, 0xFFFF, 0xFFFF, 0xFFFF,
 0x0000, 0xFFFF, 0xFFFF, 0xFFFF, 0xFFFF, 0xFFFF, 0xFFFF, 0xFFFF, 0xFFFF, 0xFFFF, 0xFFFF, 0x0000, 0x0000, 0x0000, 0x0000, 0x0000,
 0x0000, 0x0000, 0x0000, 0x0000, 0x0000, 0x0000, 0x0000, 0x0000, 0x0000, 0x0000, 0x0000, 0x0000, 0x0000, 0x0000, 0x0000, 0x0000,
 0x0000, 0x0000, 0x0000, 0x0000, 0x0000, 0x0000, 0x0000, 0x0000, 0x0000, 0x0000, 0x0000, 0x0000, 0x0000, 0x0000, 0x0000, 0x0000,
 0x0000, 0xFFFF, 0xFFFF, 0xFFFF, 0xFFFF, 0xFFFF, 0xFFFF, 0xFFFF, 0xFFFF, 0xFFFF, 0xFFFF, 0x0000, 0xFFFF, 0xFFFF, 0xFFFF, 0xFFFF,
 0xFFFF, 0xFFFF, 0xFFFF, 0xFFFF, 0xFFFF, 0xFFFF, 0xFFFF, 0xFFFF, 0x0000, 0xFFFF, 0xFFFF, 0xFFFF, 0xFFFF, 0xFFFF, 0xFFFF, 0xFFFF,
 0xFFFF, 0xFFFF, 0xFFFF, 0x0000, 0x0000, 0xFFFF, 0xFFFF, 0xFFFF, 0xFFFF, 0xFFFF, 0xFFFF, 0xFFFF, 0xFFFF, 0xFFFF, 0xFFFF, 0x0000,
 0xFFFF, 0xFFFF, 0xFFFF, 0xFFFF, 0xFFFF, 0xFFFF, 0xFFFF, 0xFFFF, 0xFFFF, 0xFFFF, 0xFFFF, 0xFFFF, 0x0000, 0xFFFF, 0xFFFF, 0xFFFF,
 0xFFFF, 0xFFFF, 0xFFFF, 0xFFFF, 0xFFFF, 0xFFFF, 0xFFFF, 0x0000, 0x0000, 0xFFFF, 0xFFFF, 0xFFFF, 0xFFFF, 0xFFFF, 0xFFFF, 0xFFFF,
 0xFFFF, 0xFFFF, 0xFFFF, 0x0000, 0xFFFF, 0xFFFF, 0xFFFF, 0xFFFF, 0xFFFF, 0xFFFF, 0xFFFF, 0xFFFF, 0xFFFF, 0xFFFF, 0xFFFF, 0xFFFF,
 0x0000, 0xFFFF, 0xFFFF, 0xFFFF, 0xFFFF, 0xFFFF, 0xFFFF, 0xFFFF, 0xFFFF, 0xFFFF, 0xFFFF, 0x0000, 0x0000, 0xFFFF, 0xFFFF, 0xFFFF,
 0xFFFF, 0xFFFF, 0xFFFF, 0xFFFF, 0xFFFF, 0xFFFF, 0xFFFF, 0x0000, 0xFFFF, 0xFFFF, 0xFFFF, 0xFFFF, 0xFFFF, 0xFFFF, 0xFFFF, 0xFFFF,
 0xFFFF, 0xFFFF, 0xFFFF, 0xFFFF, 0x0000, 0xFFFF, 0xFFFF, 0xFFFF, 0xFFFF, 0xFFFF, 0xFFFF, 0xFFFF, 0xFFFF, 0xFFFF, 0xFFFF, 0x0000,
 0x0000, 0xFFFF, 0xFFFF, 0xFFFF, 0xFFFF, 0xFFFF, 0xFFFF, 0xFFFF, 0xFFFF, 0xFFFF, 0xFFFF, 0x0000, 0xFFFF, 0xFFFF, 0xFFFF, 0xFFFF,
 0xFFFF, 0xFFFF, 0xFFFF, 0xFFFF, 0xFFFF, 0xFFFF, 0xFFFF, 0xFFFF, 0x0000, 0xFFFF, 0xFFFF, 0xFFFF, 0xFFFF, 0xFFFF, 0xFFFF, 0xFFFF,
 0xFFFF, 0xFFFF, 0xFFFF, 0x0000, 0x0000, 0xFFFF, 0xFFFF, 0xFFFF, 0xFFFF, 0xFFFF, 0xFFFF, 0xFFFF, 0xFFFF, 0xFFFF, 0xFFFF, 0x0000,
 0xFFFF, 0xFFFF, 0xFFFF, 0xFFFF, 0xFFFF, 0xFFFF, 0xFFFF, 0xFFFF, 0xFFFF, 0xFFFF, 0xFFFF, 0xFFFF, 0x0000, 0xFFFF, 0xFFFF, 0xFFFF,
 0xFFFF, 0xFFFF, 0xFFFF, 0xFFFF, 0xFFFF, 0xFFFF, 0xFFFF, 0x0000, 0x0000, 0xFFFF, 0xFFFF, 0xFFFF, 0xFFFF, 0xFFFF, 0xFFFF, 0xFFFF,
 0xFFFF, 0xFFFF, 0xFFFF, 0x0000, 0xFFFF, 0xFFFF, 0xFFFF, 0xFFFF, 0xFFFF, 0xFFFF, 0xFFFF, 0xFFFF, 0xFFFF, 0xFFFF, 0xFFFF, 0xFFFF,
 0x0000, 0xFFFF, 0xFFFF, 0xFFFF, 0xFFFF, 0xFFFF, 0xFFFF, 0xFFFF, 0xFFFF, 0xFFFF, 0xFFFF, 0x0000, 0x0000, 0xFFFF, 0xFFFF, 0xFFFF,
 0xFFFF, 0xFFFF, 0xFFFF, 0xFFFF, 0xFFFF, 0xFFFF, 0xFFFF, 0x0000, 0xFFFF, 0xFFFF, 0xFFFF, 0xFFFF, 0xFFFF, 0xFFFF, 0xFFFF, 0xFFFF,
 0xFFFF, 0xFFFF, 0xFFFF, 0xFFFF, 0x0000, 0xFFFF, 0xFFFF, 0xFFFF, 0xFFFF, 0xFFFF, 0xFFFF, 0xFFFF, 0xFFFF, 0xFFFF, 0xFFFF, 0x0000,
 0x0000, 0xFFFF, 0xFFFF, 0xFFFF, 0xFFFF, 0xFFFF, 0xFFFF, 0xFFFF, 0xFFFF, 0xFFFF, 0xFFFF, 0x0000, 0xFFFF, 0xFFFF, 0xFFFF, 0xFFFF,
 0xFFFF, 0xFFFF, 0xFFFF, 0xFFFF, 0xFFFF, 0xFFFF, 0xFFFF, 0xFFFF, 0x0000, 0xFFFF, 0xFFFF, 0xFFFF, 0xFFFF, 0xFFFF, 0xFFFF, 0xFFFF,
 0xFFFF, 0xFFFF, 0xFFFF, 0x0000, 0x0000, 0xFFFF, 0xFFFF, 0xFFFF, 0xFFFF, 0xFFFF, 0xFFFF, 0xFFFF, 0xFFFF, 0xFFFF, 0xFFFF, 0x0000,
 0xFFFF, 0xFFFF, 0xFFFF, 0xFFFF, 0xFFFF, 0xFFFF, 0xFFFF, 0xFFFF, 0xFFFF, 0xFFFF, 0xFFFF, 0xFFFF, 0x0000, 0xFFFF, 0xFFFF, 0xFFFF,
 0xFFFF, 0xFFFF, 0xFFFF, 0xFFFF, 0xFFFF, 0xFFFF, 0xFFFF, 0x0000, 0x0000, 0xFFFF, 0xFFFF, 0xFFFF, 0xFFFF, 0xFFFF, 0xFFFF, 0xFFFF,
 0xFFFF, 0xFFFF, 0xFFFF, 0x0000, 0xFFFF, 0xFFFF, 0xFFFF, 0xFFFF, 0xFFFF, 0xFFFF, 0xFFFF, 0xFFFF, 0xFFFF, 0xFFFF, 0xFFFF, 0xFFFF,
 0x0000, 0xFFFF, 0xFFFF, 0xFFFF, 0xFFFF, 0xFFFF, 0xFFFF, 0xFFFF, 0xFFFF, 0xFFFF, 0xFFFF, 0x0000, 0x0000, 0x0000, 0x0000, 0x0000,
 0x0000, 0x0000, 0x0000, 0x0000, 0x0000, 0x0000, 0x0000, 0x0000, 0x0000, 0x0000, 0x0000, 0x0000, 0x0000, 0x0000, 0x0000, 0x0000,
 0x0000, 0x0000, 0x0000, 0x0000, 0x0000, 0x0000, 0x0000, 0x0000, 0x0000, 0x0000, 0x0000, 0x0000, 0x0000, 0x0000, 0x0000, 0x0000,

};


const unsigned short grid[] = {
 0xBC8E, 0xBC8E, 0xBC8E, 0xBC8E, 0xBC8E, 0xBC8E, 0xBC8E, 0xBC8E, 0xBC8E, 0xBC8E, 0xBC8E, 0xBC8E, 0xBC8E, 0xBC8E, 0xBC8E, 0xBC8E,
 0xBC8E, 0xBC8E, 0xBC8E, 0xBC8E, 0xBC8E, 0xBC8E, 0xBC8E, 0xBC8E, 0xBC8E, 0xBC8E, 0xBC8E, 0xBC8E, 0xBC8E, 0xBC8E, 0xBC8E, 0xBC8E,
 0xBC8E, 0xBC8E, 0xBC8E, 0xBC8E, 0xBC8E, 0xBC8E, 0xBC8E, 0xBC8E, 0xBC8E, 0xBC8E, 0xBC8E, 0xBC8E, 0xBC8E, 0xBC8E, 0xBC8E, 0xBC8E,
 0xBC8E, 0xBC8E, 0xBC8E, 0xBC8E, 0xBC8E, 0xBC8E, 0xBC8E, 0xBC8E, 0xBC8E, 0xBC8E, 0xBC8E, 0xBC8E, 0xBC8E, 0xBC8E, 0xBC8E, 0xBC8E,
 0xBC8E, 0xBC8E, 0xBC8E, 0xBC8E, 0xBC8E, 0xBC8E, 0xBC8E, 0xBC8E, 0xBC8E, 0xBC8E, 0xBC8E, 0xBC8E, 0xBC8E, 0xBC8E, 0xBC8E, 0xBC8E,
 0xBC8E, 0xBC8E, 0xBC8E, 0xBC8E, 0xBC8E, 0xBC8E, 0xBC8E, 0xBC8E, 0xBC8E, 0xBC8E, 0xBC8E, 0xBC8E, 0xBC8E, 0xBC8E, 0xBC8E, 0xBC8E,
 0xBC8E, 0xBC8E, 0xBC8E, 0xBC8E, 0xBC8E, 0xBC8E, 0xBC8E, 0xBC8E, 0xBC8E, 0xBC8E, 0xBC8E, 0xBC8E, 0xBC8E, 0xBC8E, 0xBC8E, 0xBC8E,
 0xBC8E, 0xBC8E, 0xBC8E, 0xBC8E, 0xBC8E, 0xBC8E, 0xBC8E, 0xBC8E, 0xBC8E, 0xBC8E, 0xBC8E, 0xBC8E, 0xBC8E, 0xBC8E, 0xBC8E, 0xBC8E,
 0xBC8E, 0xBC8E, 0xBC8E, 0xBC8E, 0xBC8E, 0xBC8E, 0xBC8E, 0xBC8E, 0xBC8E, 0xBC8E, 0xBC8E, 0xBC8E, 0xBC8E, 0xBC8E, 0xBC8E, 0xBC8E,
 0xBC8E, 0xBC8E, 0xBC8E, 0xBC8E, 0xBC8E, 0xBC8E, 0xBC8E, 0xBC8E, 0xBC8E, 0xBC8E, 0xBC8E, 0xBC8E, 0xBC8E, 0xBC8E, 0xBC8E, 0xBC8E,
 0xBC8E, 0xBC8E, 0xBC8E, 0xBC8E, 0xBC8E, 0xBC8E, 0xBC8E, 0xBC8E, 0xBC8E, 0xBC8E, 0xBC8E, 0xBC8E, 0xBC8E, 0xBC8E, 0xBC8E, 0xBC8E,
 0xBC8E, 0xBC8E, 0xBC8E, 0xBC8E, 0xBC8E, 0xBC8E, 0xBC8E, 0xBC8E, 0xBC8E, 0xBC8E, 0xBC8E, 0xBC8E, 0xBC8E, 0xBC8E, 0xBC8E, 0xBC8E,
 0xBC8E, 0xBC8E, 0xBC8E, 0xBC8E, 0xBC8E, 0xBC8E, 0xBC8E, 0xBC8E, 0xBC8E, 0xBC8E, 0xBC8E, 0xBC8E, 0xBC8E, 0xBC8E, 0xBC8E, 0xBC8E,
 0xBC8E, 0xBC8E, 0xBC8E, 0xBC8E, 0xBC8E, 0xBC8E, 0xBC8E, 0xBC8E, 0xBC8E, 0xBC8E, 0xBC8E, 0xBC8E, 0xBC8E, 0xBC8E, 0xBC8E, 0xBC8E,
 0xBC8E, 0xBC8E, 0xBC8E, 0xBC8E, 0xBC8E, 0xBC8E, 0xBC8E, 0xBC8E, 0xBC8E, 0xBC8E, 0xBC8E, 0xBC8E, 0xBC8E, 0xBC8E, 0xBC8E, 0xBC8E,
 0xBC8E, 0xBC8E, 0xBC8E, 0xBC8E, 0xBC8E, 0xBC8E, 0xBC8E, 0xBC8E, 0xBC8E, 0xBC8E, 0xBC8E, 0xBC8E, 0xBC8E, 0xBC8E, 0xBC8E, 0xBC8E,
 0xBC8E, 0xBC8E, 0xBC8E, 0xBC8E, 0xFFFF, 0xFFFF, 0xFFFF, 0xFFFF, 0xFFFF, 0xFFFF, 0xFFFF, 0xFFFF, 0xFFFF, 0xFFFF, 0xFFFF, 0xFFFF,
 0xFFFF, 0xFFFF, 0xFFFF, 0xFFFF, 0xFFFF, 0xFFFF, 0xFFFF, 0xFFFF, 0xFFFF, 0xFFFF, 0xFFFF, 0xFFFF, 0xFFFF, 0xFFFF, 0xFFFF, 0xFFFF,
 0xFFFF, 0xFFFF, 0xFFFF, 0xFFFF, 0xFFFF, 0xFFFF, 0xFFFF, 0xFFFF, 0xFFFF, 0xBC8E, 0xBC8E, 0xBC8E, 0xBC8E, 0xFFFF, 0xFFFF, 0xFFFF,
 0xFFFF, 0xFFFF, 0xFFFF, 0xFFFF, 0xFFFF, 0xFFFF, 0xFFFF, 0xFFFF, 0xFFFF, 0xFFFF, 0xFFFF, 0xFFFF, 0xFFFF, 0xFFFF, 0xFFFF, 0xFFFF,
 0xFFFF, 0xFFFF, 0xFFFF, 0xFFFF, 0xFFFF, 0xFFFF, 0xFFFF, 0xFFFF, 0xFFFF, 0xFFFF, 0xFFFF, 0xFFFF, 0xFFFF, 0xFFFF, 0xFFFF, 0xFFFF,
 0xFFFF, 0xFFFF, 0xBC8E, 0xBC8E, 0xBC8E, 0xBC8E, 0xFFFF, 0xFFFF, 0xFFFF, 0xFFFF, 0xFFFF, 0xFFFF, 0xFFFF, 0xFFFF, 0xFFFF, 0xFFFF,
 0xFFFF, 0xFFFF, 0xFFFF, 0xFFFF, 0xFFFF, 0xFFFF, 0xFFFF, 0xFFFF, 0xFFFF, 0xFFFF, 0xFFFF, 0xFFFF, 0xFFFF, 0xFFFF, 0xFFFF, 0xFFFF,
 0xFFFF, 0xFFFF, 0xFFFF, 0xFFFF, 0xFFFF, 0xFFFF, 0xFFFF, 0xFFFF, 0xFFFF, 0xFFFF, 0xFFFF, 0xBC8E, 0xBC8E, 0xBC8E, 0xBC8E, 0xBC8E,
 0xBC8E, 0xBC8E, 0xBC8E, 0xBC8E, 0xFFFF, 0xBC8E, 0xBC8E, 0xBC8E, 0xBC8E, 0xBC8E, 0xBC8E, 0xBC8E, 0xBC8E, 0xBC8E, 0xBC8E, 0xBC8E,
 0xBC8E, 0xBC8E, 0xBC8E, 0xBC8E, 0xBC8E, 0xBC8E, 0xBC8E, 0xBC8E, 0xBC8E, 0xBC8E, 0xBC8E, 0xBC8E, 0xBC8E, 0xBC8E, 0xBC8E, 0xBC8E,
 0xBC8E, 0xBC8E, 0xBC8E, 0xBC8E, 0xBC8E, 0xBC8E, 0xBC8E, 0xBC8E, 0xFFFF, 0xBC8E, 0xBC8E, 0xBC8E, 0xBC8E, 0xFFFF, 0xBC8E, 0xBC8E,
 0xBC8E, 0xBC8E, 0xBC8E, 0xBC8E, 0xBC8E, 0xBC8E, 0xBC8E, 0xBC8E, 0xBC8E, 0xBC8E, 0xBC8E, 0xBC8E, 0xBC8E, 0xBC8E, 0xBC8E, 0xBC8E,
 0xBC8E, 0xBC8E, 0xBC8E, 0xBC8E, 0xBC8E, 0xBC8E, 0xBC8E, 0xBC8E, 0xBC8E, 0xBC8E, 0xBC8E, 0xBC8E, 0xBC8E, 0xBC8E, 0xBC8E, 0xBC8E,
 0xBC8E, 0xFFFF, 0xBC8E, 0xBC8E, 0xBC8E, 0xBC8E, 0xFFFF, 0xBC8E, 0xBC8E, 0xBC8E, 0xBC8E, 0xBC8E, 0xBC8E, 0xBC8E, 0xBC8E, 0xBC8E,
 0xBC8E, 0xBC8E, 0xBC8E, 0xBC8E, 0xBC8E, 0xBC8E, 0xBC8E, 0xBC8E, 0xBC8E, 0xBC8E, 0xBC8E, 0xBC8E, 0xBC8E, 0xBC8E, 0xBC8E, 0xBC8E,
 0xBC8E, 0xBC8E, 0xBC8E, 0xBC8E, 0xBC8E, 0xBC8E, 0xBC8E, 0xBC8E, 0xBC8E, 0xBC8E, 0xFFFF, 0xBC8E, 0xBC8E, 0xBC8E, 0xBC8E, 0xBC8E,
 0xBC8E, 0xBC8E, 0xBC8E, 0xBC8E, 0xFFFF, 0xBC8E, 0xBC8E, 0xBC8E, 0xBC8E, 0xBC8E, 0xBC8E, 0xBC8E, 0xBC8E, 0xBC8E, 0xBC8E, 0xBC8E,
 0xBC8E, 0xBC8E, 0xBC8E, 0xBC8E, 0xBC8E, 0xBC8E, 0xBC8E, 0xBC8E, 0xBC8E, 0xBC8E, 0xBC8E, 0xBC8E, 0xBC8E, 0xBC8E, 0xBC8E, 0xBC8E,
 0xBC8E, 0xBC8E, 0xBC8E, 0xBC8E, 0xBC8E, 0xBC8E, 0xBC8E, 0xBC8E, 0xFFFF, 0xBC8E, 0xBC8E, 0xBC8E, 0xBC8E, 0xFFFF, 0xBC8E, 0xBC8E,
 0xBC8E, 0xBC8E, 0xBC8E, 0xBC8E, 0xBC8E, 0xBC8E, 0xBC8E, 0xBC8E, 0xBC8E, 0xBC8E, 0xBC8E, 0xBC8E, 0xBC8E, 0xBC8E, 0xBC8E, 0xBC8E,
 0xBC8E, 0xBC8E, 0xBC8E, 0xBC8E, 0xBC8E, 0xBC8E, 0xBC8E, 0xBC8E, 0xBC8E, 0xBC8E, 0xBC8E, 0xBC8E, 0xBC8E, 0xBC8E, 0xBC8E, 0xBC8E,
 0xBC8E, 0xFFFF, 0xBC8E, 0xBC8E, 0xBC8E, 0xBC8E, 0xFFFF, 0xBC8E, 0xBC8E, 0xBC8E, 0xBC8E, 0xBC8E, 0xBC8E, 0xBC8E, 0xBC8E, 0xBC8E,
 0xBC8E, 0xBC8E, 0xBC8E, 0xBC8E, 0xBC8E, 0xBC8E, 0xBC8E, 0xBC8E, 0xBC8E, 0xBC8E, 0xBC8E, 0xBC8E, 0xBC8E, 0xBC8E, 0xBC8E, 0xBC8E,
 0xBC8E, 0xBC8E, 0xBC8E, 0xBC8E, 0xBC8E, 0xBC8E, 0xBC8E, 0xBC8E, 0xBC8E, 0xBC8E, 0xFFFF, 0xBC8E, 0xBC8E, 0xBC8E, 0xBC8E, 0xBC8E,
 0xBC8E, 0xBC8E, 0xBC8E, 0xBC8E, 0xFFFF, 0xBC8E, 0xBC8E, 0xBC8E, 0xBC8E, 0xBC8E, 0xBC8E, 0xBC8E, 0xBC8E, 0xBC8E, 0xBC8E, 0xBC8E,
 0xBC8E, 0xBC8E, 0xBC8E, 0xBC8E, 0xBC8E, 0xBC8E, 0xBC8E, 0xBC8E, 0xBC8E, 0xBC8E, 0xBC8E, 0xBC8E, 0xBC8E, 0xBC8E, 0xBC8E, 0xBC8E,
 0xBC8E, 0xBC8E, 0xBC8E, 0xBC8E, 0xBC8E, 0xBC8E, 0xBC8E, 0xBC8E, 0xFFFF, 0xBC8E, 0xBC8E, 0xBC8E, 0xBC8E, 0xFFFF, 0xBC8E, 0xBC8E,
 0xBC8E, 0xBC8E, 0xBC8E, 0xBC8E, 0xBC8E, 0xBC8E, 0xBC8E, 0xBC8E, 0xBC8E, 0xBC8E, 0xBC8E, 0xBC8E, 0xBC8E, 0xBC8E, 0xBC8E, 0xBC8E,
 0xBC8E, 0xBC8E, 0xBC8E, 0xBC8E, 0xBC8E, 0xBC8E, 0xBC8E, 0xBC8E, 0xBC8E, 0xBC8E, 0xBC8E, 0xBC8E, 0xBC8E, 0xBC8E, 0xBC8E, 0xBC8E,
 0xBC8E, 0xFFFF, 0xBC8E, 0xBC8E, 0xBC8E, 0xBC8E, 0xFFFF, 0xBC8E, 0xBC8E, 0xBC8E, 0xBC8E, 0xBC8E, 0xBC8E, 0xBC8E, 0xBC8E, 0xBC8E,
 0xBC8E, 0xBC8E, 0xBC8E, 0xBC8E, 0xBC8E, 0xBC8E, 0xBC8E, 0xBC8E, 0xBC8E, 0xBC8E, 0xBC8E, 0xBC8E, 0xBC8E, 0xBC8E, 0xBC8E, 0xBC8E,
 0xBC8E, 0xBC8E, 0xBC8E, 0xBC8E, 0xBC8E, 0xBC8E, 0xBC8E, 0xBC8E, 0xBC8E, 0xBC8E, 0xFFFF, 0xBC8E, 0xBC8E, 0xBC8E, 0xBC8E, 0xBC8E,
 0xBC8E, 0xBC8E, 0xBC8E, 0xBC8E, 0xFFFF, 0xBC8E, 0xBC8E, 0xBC8E, 0xBC8E, 0xBC8E, 0xBC8E, 0xBC8E, 0xBC8E, 0xBC8E, 0xBC8E, 0xBC8E,
 0xBC8E, 0xBC8E, 0xBC8E, 0xBC8E, 0xBC8E, 0xBC8E, 0xBC8E, 0xBC8E, 0xBC8E, 0xBC8E, 0xBC8E, 0xBC8E, 0xBC8E, 0xBC8E, 0xBC8E, 0xBC8E,
 0xBC8E, 0xBC8E, 0xBC8E, 0xBC8E, 0xBC8E, 0xBC8E, 0xBC8E, 0xBC8E, 0xFFFF, 0xBC8E, 0xBC8E, 0xBC8E, 0xBC8E, 0xFFFF, 0xBC8E, 0xBC8E,
 0xBC8E, 0xBC8E, 0xBC8E, 0xBC8E, 0xBC8E, 0xBC8E, 0xBC8E, 0xBC8E, 0xBC8E, 0xBC8E, 0xBC8E, 0xBC8E, 0xBC8E, 0xBC8E, 0xBC8E, 0xBC8E,
 0xBC8E, 0xBC8E, 0xBC8E, 0xBC8E, 0xBC8E, 0xBC8E, 0xBC8E, 0xBC8E, 0xBC8E, 0xBC8E, 0xBC8E, 0xBC8E, 0xBC8E, 0xBC8E, 0xBC8E, 0xBC8E,
 0xBC8E, 0xFFFF, 0xBC8E, 0xBC8E, 0xBC8E, 0xBC8E, 0xFFFF, 0xBC8E, 0xBC8E, 0xBC8E, 0xBC8E, 0xBC8E, 0xBC8E, 0xBC8E, 0xBC8E, 0xBC8E,
 0xBC8E, 0xBC8E, 0xBC8E, 0xBC8E, 0xBC8E, 0xBC8E, 0xBC8E, 0xBC8E, 0xBC8E, 0xBC8E, 0xBC8E, 0xBC8E, 0xBC8E, 0xBC8E, 0xBC8E, 0xBC8E,
 0xBC8E, 0xBC8E, 0xBC8E, 0xBC8E, 0xBC8E, 0xBC8E, 0xBC8E, 0xBC8E, 0xBC8E, 0xBC8E, 0xFFFF, 0xBC8E, 0xBC8E, 0xBC8E, 0xBC8E, 0xBC8E,
 0xBC8E, 0xBC8E, 0xBC8E, 0xBC8E, 0xFFFF, 0xBC8E, 0xBC8E, 0xBC8E, 0xBC8E, 0xBC8E, 0xBC8E, 0xBC8E, 0xBC8E, 0xBC8E, 0xBC8E, 0xBC8E,
 0xBC8E, 0xBC8E, 0xBC8E, 0xBC8E, 0xBC8E, 0xBC8E, 0xBC8E, 0xBC8E, 0xBC8E, 0xBC8E, 0xBC8E, 0xBC8E, 0xBC8E, 0xBC8E, 0xBC8E, 0xBC8E,
 0xBC8E, 0xBC8E, 0xBC8E, 0xBC8E, 0xBC8E, 0xBC8E, 0xBC8E, 0xBC8E, 0xFFFF, 0xBC8E, 0xBC8E, 0xBC8E, 0xBC8E, 0xFFFF, 0xBC8E, 0xBC8E,
 0xBC8E, 0xBC8E, 0xBC8E, 0xBC8E, 0xBC8E, 0xBC8E, 0xBC8E, 0xBC8E, 0xBC8E, 0xBC8E, 0xBC8E, 0xBC8E, 0xBC8E, 0xBC8E, 0xBC8E, 0xBC8E,
 0xBC8E, 0xBC8E, 0xBC8E, 0xBC8E, 0xBC8E, 0xBC8E, 0xBC8E, 0xBC8E, 0xBC8E, 0xBC8E, 0xBC8E, 0xBC8E, 0xBC8E, 0xBC8E, 0xBC8E, 0xBC8E,
 0xBC8E, 0xFFFF, 0xBC8E, 0xBC8E, 0xBC8E, 0xBC8E, 0xFFFF, 0xBC8E, 0xBC8E, 0xBC8E, 0xBC8E, 0xBC8E, 0xBC8E, 0xBC8E, 0xBC8E, 0xBC8E,
 0xBC8E, 0xBC8E, 0xBC8E, 0xBC8E, 0xBC8E, 0xBC8E, 0xBC8E, 0xBC8E, 0xBC8E, 0xBC8E, 0xBC8E, 0xBC8E, 0xBC8E, 0xBC8E, 0xBC8E, 0xBC8E,
 0xBC8E, 0xBC8E, 0xBC8E, 0xBC8E, 0xBC8E, 0xBC8E, 0xBC8E, 0xBC8E, 0xBC8E, 0xBC8E, 0xFFFF, 0xBC8E, 0xBC8E, 0xBC8E, 0xBC8E, 0xBC8E,
 0xBC8E, 0xBC8E, 0xBC8E, 0xBC8E, 0xFFFF, 0xBC8E, 0xBC8E, 0xBC8E, 0xBC8E, 0xBC8E, 0xBC8E, 0xBC8E, 0xBC8E, 0xBC8E, 0xBC8E, 0xBC8E,
 0xBC8E, 0xBC8E, 0xBC8E, 0xBC8E, 0xBC8E, 0xBC8E, 0xBC8E, 0xBC8E, 0xBC8E, 0xBC8E, 0xBC8E, 0xBC8E, 0xBC8E, 0xBC8E, 0xBC8E, 0xBC8E,
 0xBC8E, 0xBC8E, 0xBC8E, 0xBC8E, 0xBC8E, 0xBC8E, 0xBC8E, 0xBC8E, 0xFFFF, 0xBC8E, 0xBC8E, 0xBC8E, 0xBC8E, 0xFFFF, 0xBC8E, 0xBC8E,
 0xBC8E, 0xBC8E, 0xBC8E, 0xBC8E, 0xBC8E, 0xBC8E, 0xBC8E, 0xBC8E, 0xBC8E, 0xBC8E, 0xBC8E, 0xBC8E, 0xBC8E, 0xBC8E, 0xBC8E, 0xBC8E,
 0xBC8E, 0xBC8E, 0xBC8E, 0xBC8E, 0xBC8E, 0xBC8E, 0xBC8E, 0xBC8E, 0xBC8E, 0xBC8E, 0xBC8E, 0xBC8E, 0xBC8E, 0xBC8E, 0xBC8E, 0xBC8E,
 0xBC8E, 0xFFFF, 0xBC8E, 0xBC8E, 0xBC8E, 0xBC8E, 0xFFFF, 0xBC8E, 0xBC8E, 0xBC8E, 0xBC8E, 0xBC8E, 0xBC8E, 0xBC8E, 0xBC8E, 0xBC8E,
 0xBC8E, 0xBC8E, 0xBC8E, 0xBC8E, 0xBC8E, 0xBC8E, 0xBC8E, 0xBC8E, 0xBC8E, 0xBC8E, 0xBC8E, 0xBC8E, 0xBC8E, 0xBC8E, 0xBC8E, 0xBC8E,
 0xBC8E, 0xBC8E, 0xBC8E, 0xBC8E, 0xBC8E, 0xBC8E, 0xBC8E, 0xBC8E, 0xBC8E, 0xBC8E, 0xFFFF, 0xBC8E, 0xBC8E, 0xBC8E, 0xBC8E, 0xBC8E,
 0xBC8E, 0xBC8E, 0xBC8E, 0xBC8E, 0xFFFF, 0xBC8E, 0xBC8E, 0xBC8E, 0xBC8E, 0xBC8E, 0xBC8E, 0xBC8E, 0xBC8E, 0xBC8E, 0xBC8E, 0xBC8E,
 0xBC8E, 0xBC8E, 0xBC8E, 0xBC8E, 0xBC8E, 0xBC8E, 0xBC8E, 0xBC8E, 0xBC8E, 0xBC8E, 0xBC8E, 0xBC8E, 0xBC8E, 0xBC8E, 0xBC8E, 0xBC8E,
 0xBC8E, 0xBC8E, 0xBC8E, 0xBC8E, 0xBC8E, 0xBC8E, 0xBC8E, 0xBC8E, 0xFFFF, 0xBC8E, 0xBC8E, 0xBC8E, 0xBC8E, 0xFFFF, 0xBC8E, 0xBC8E,
 0xBC8E, 0xBC8E, 0xBC8E, 0xBC8E, 0xBC8E, 0xBC8E, 0xBC8E, 0xBC8E, 0xBC8E, 0xBC8E, 0xBC8E, 0xBC8E, 0xBC8E, 0xBC8E, 0xBC8E, 0xBC8E,
 0xBC8E, 0xBC8E, 0xBC8E, 0xBC8E, 0xBC8E, 0xBC8E, 0xBC8E, 0xBC8E, 0xBC8E, 0xBC8E, 0xBC8E, 0xBC8E, 0xBC8E, 0xBC8E, 0xBC8E, 0xBC8E,
 0xBC8E, 0xFFFF, 0xBC8E, 0xBC8E, 0xBC8E, 0xBC8E, 0xFFFF, 0xBC8E, 0xBC8E, 0xBC8E, 0xBC8E, 0xBC8E, 0xBC8E, 0xBC8E, 0xBC8E, 0xBC8E,
 0xBC8E, 0xBC8E, 0xBC8E, 0xBC8E, 0xBC8E, 0xBC8E, 0xBC8E, 0xBC8E, 0xBC8E, 0xBC8E, 0xBC8E, 0xBC8E, 0xBC8E, 0xBC8E, 0xBC8E, 0xBC8E,
 0xBC8E, 0xBC8E, 0xBC8E, 0xBC8E, 0xBC8E, 0xBC8E, 0xBC8E, 0xBC8E, 0xBC8E, 0xBC8E, 0xFFFF, 0xBC8E, 0xBC8E, 0xBC8E, 0xBC8E, 0xBC8E,
 0xBC8E, 0xBC8E, 0xBC8E, 0xBC8E, 0xFFFF, 0xBC8E, 0xBC8E, 0xBC8E, 0xBC8E, 0xBC8E, 0xBC8E, 0xBC8E, 0xBC8E, 0xBC8E, 0xBC8E, 0xBC8E,
 0xBC8E, 0xBC8E, 0xBC8E, 0xBC8E, 0xBC8E, 0xBC8E, 0xBC8E, 0xBC8E, 0xBC8E, 0xBC8E, 0xBC8E, 0xBC8E, 0xBC8E, 0xBC8E, 0xBC8E, 0xBC8E,
 0xBC8E, 0xBC8E, 0xBC8E, 0xBC8E, 0xBC8E, 0xBC8E, 0xBC8E, 0xBC8E, 0xFFFF, 0xBC8E, 0xBC8E, 0xBC8E, 0xBC8E, 0xFFFF, 0xBC8E, 0xBC8E,
 0xBC8E, 0xBC8E, 0xBC8E, 0xBC8E, 0xBC8E, 0xBC8E, 0xBC8E, 0xBC8E, 0xBC8E, 0xBC8E, 0xBC8E, 0xBC8E, 0xBC8E, 0xBC8E, 0xBC8E, 0xBC8E,
 0xBC8E, 0xBC8E, 0xBC8E, 0xBC8E, 0xBC8E, 0xBC8E, 0xBC8E, 0xBC8E, 0xBC8E, 0xBC8E, 0xBC8E, 0xBC8E, 0xBC8E, 0xBC8E, 0xBC8E, 0xBC8E,
 0xBC8E, 0xFFFF, 0xBC8E, 0xBC8E, 0xBC8E, 0xBC8E, 0xFFFF, 0xBC8E, 0xBC8E, 0xBC8E, 0xBC8E, 0xBC8E, 0xBC8E, 0xBC8E, 0xBC8E, 0xBC8E,
 0xBC8E, 0xBC8E, 0xBC8E, 0xBC8E, 0xBC8E, 0xBC8E, 0xBC8E, 0xBC8E, 0xBC8E, 0xBC8E, 0xBC8E, 0xBC8E, 0xBC8E, 0xBC8E, 0xBC8E, 0xBC8E,
 0xBC8E, 0xBC8E, 0xBC8E, 0xBC8E, 0xBC8E, 0xBC8E, 0xBC8E, 0xBC8E, 0xBC8E, 0xBC8E, 0xFFFF, 0xBC8E, 0xBC8E, 0xBC8E, 0xBC8E, 0xBC8E,
 0xBC8E, 0xBC8E, 0xBC8E, 0xBC8E, 0xFFFF, 0xBC8E, 0xBC8E, 0xBC8E, 0xBC8E, 0xBC8E, 0xBC8E, 0xBC8E, 0xBC8E, 0xBC8E, 0xBC8E, 0xBC8E,
 0xBC8E, 0xBC8E, 0xBC8E, 0xBC8E, 0xBC8E, 0xBC8E, 0xBC8E, 0xBC8E, 0xBC8E, 0xBC8E, 0xBC8E, 0xBC8E, 0xBC8E, 0xBC8E, 0xBC8E, 0xBC8E,
 0xBC8E, 0xBC8E, 0xBC8E, 0xBC8E, 0xBC8E, 0xBC8E, 0xBC8E, 0xBC8E, 0xFFFF, 0xBC8E, 0xBC8E, 0xBC8E, 0xBC8E, 0xFFFF, 0xBC8E, 0xBC8E,
 0xBC8E, 0xBC8E, 0xBC8E, 0xBC8E, 0xBC8E, 0xBC8E, 0xBC8E, 0xBC8E, 0xBC8E, 0xBC8E, 0xBC8E, 0xBC8E, 0xBC8E, 0xBC8E, 0xBC8E, 0xBC8E,
 0xBC8E, 0xBC8E, 0xBC8E, 0xBC8E, 0xBC8E, 0xBC8E, 0xBC8E, 0xBC8E, 0xBC8E, 0xBC8E, 0xBC8E, 0xBC8E, 0xBC8E, 0xBC8E, 0xBC8E, 0xBC8E,
 0xBC8E, 0xFFFF, 0xBC8E, 0xBC8E, 0xBC8E, 0xBC8E, 0xFFFF, 0xBC8E, 0xBC8E, 0xBC8E, 0xBC8E, 0xBC8E, 0xBC8E, 0xBC8E, 0xBC8E, 0xBC8E,
 0xBC8E, 0xBC8E, 0xBC8E, 0xBC8E, 0xBC8E, 0xBC8E, 0xBC8E, 0xBC8E, 0xBC8E, 0xBC8E, 0xBC8E, 0xBC8E, 0xBC8E, 0xBC8E, 0xBC8E, 0xBC8E,
 0xBC8E, 0xBC8E, 0xBC8E, 0xBC8E, 0xBC8E, 0xBC8E, 0xBC8E, 0xBC8E, 0xBC8E, 0xBC8E, 0xFFFF, 0xBC8E, 0xBC8E, 0xBC8E, 0xBC8E, 0xBC8E,
 0xBC8E, 0xBC8E, 0xBC8E, 0xBC8E, 0xFFFF, 0xBC8E, 0xBC8E, 0xBC8E, 0xBC8E, 0xBC8E, 0xBC8E, 0xBC8E, 0xBC8E, 0xBC8E, 0xBC8E, 0xBC8E,
 0xBC8E, 0xBC8E, 0xBC8E, 0xBC8E, 0xBC8E, 0xBC8E, 0xBC8E, 0xBC8E, 0xBC8E, 0xBC8E, 0xBC8E, 0xBC8E, 0xBC8E, 0xBC8E, 0xBC8E, 0xBC8E,
 0xBC8E, 0xBC8E, 0xBC8E, 0xBC8E, 0xBC8E, 0xBC8E, 0xBC8E, 0xBC8E, 0xFFFF, 0xBC8E, 0xBC8E, 0xBC8E, 0xBC8E, 0xFFFF, 0xBC8E, 0xBC8E,
 0xBC8E, 0xBC8E, 0xBC8E, 0xBC8E, 0xBC8E, 0xBC8E, 0xBC8E, 0xBC8E, 0xBC8E, 0xBC8E, 0xBC8E, 0xBC8E, 0xBC8E, 0xBC8E, 0xBC8E, 0xBC8E,
 0xBC8E, 0xBC8E, 0xBC8E, 0xBC8E, 0xBC8E, 0xBC8E, 0xBC8E, 0xBC8E, 0xBC8E, 0xBC8E, 0xBC8E, 0xBC8E, 0xBC8E, 0xBC8E, 0xBC8E, 0xBC8E,
 0xBC8E, 0xFFFF, 0xBC8E, 0xBC8E, 0xBC8E, 0xBC8E, 0xFFFF, 0xBC8E, 0xBC8E, 0xBC8E, 0xBC8E, 0xBC8E, 0xBC8E, 0xBC8E, 0xBC8E, 0xBC8E,
 0xBC8E, 0xBC8E, 0xBC8E, 0xBC8E, 0xBC8E, 0xBC8E, 0xBC8E, 0xBC8E, 0xBC8E, 0xBC8E, 0xBC8E, 0xBC8E, 0xBC8E, 0xBC8E, 0xBC8E, 0xBC8E,
 0xBC8E, 0xBC8E, 0xBC8E, 0xBC8E, 0xBC8E, 0xBC8E, 0xBC8E, 0xBC8E, 0xBC8E, 0xBC8E, 0xFFFF, 0xBC8E, 0xBC8E, 0xBC8E, 0xBC8E, 0xBC8E,
 0xBC8E, 0xBC8E, 0xBC8E, 0xBC8E, 0xFFFF, 0xBC8E, 0xBC8E, 0xBC8E, 0xBC8E, 0xBC8E, 0xBC8E, 0xBC8E, 0xBC8E, 0xBC8E, 0xBC8E, 0xBC8E,
 0xBC8E, 0xBC8E, 0xBC8E, 0xBC8E, 0xBC8E, 0xBC8E, 0xBC8E, 0xBC8E, 0xBC8E, 0xBC8E, 0xBC8E, 0xBC8E, 0xBC8E, 0xBC8E, 0xBC8E, 0xBC8E,
 0xBC8E, 0xBC8E, 0xBC8E, 0xBC8E, 0xBC8E, 0xBC8E, 0xBC8E, 0xBC8E, 0xFFFF, 0xBC8E, 0xBC8E, 0xBC8E, 0xBC8E, 0xFFFF, 0xBC8E, 0xBC8E,
 0xBC8E, 0xBC8E, 0xBC8E, 0xBC8E, 0xBC8E, 0xBC8E, 0xBC8E, 0xBC8E, 0xBC8E, 0xBC8E, 0xBC8E, 0xBC8E, 0xBC8E, 0xBC8E, 0xBC8E, 0xBC8E,
 0xBC8E, 0xBC8E, 0xBC8E, 0xBC8E, 0xBC8E, 0xBC8E, 0xBC8E, 0xBC8E, 0xBC8E, 0xBC8E, 0xBC8E, 0xBC8E, 0xBC8E, 0xBC8E, 0xBC8E, 0xBC8E,
 0xBC8E, 0xFFFF, 0xBC8E, 0xBC8E, 0xBC8E, 0xBC8E, 0xFFFF, 0xBC8E, 0xBC8E, 0xBC8E, 0xBC8E, 0xBC8E, 0xBC8E, 0xBC8E, 0xBC8E, 0xBC8E,
 0xBC8E, 0xBC8E, 0xBC8E, 0xBC8E, 0xBC8E, 0xBC8E, 0xBC8E, 0xBC8E, 0xBC8E, 0xBC8E, 0xBC8E, 0xBC8E, 0xBC8E, 0xBC8E, 0xBC8E, 0xBC8E,
 0xBC8E, 0xBC8E, 0xBC8E, 0xBC8E, 0xBC8E, 0xBC8E, 0xBC8E, 0xBC8E, 0xBC8E, 0xBC8E, 0xFFFF, 0xBC8E, 0xBC8E, 0xBC8E, 0xBC8E, 0xBC8E,
 0xBC8E, 0xBC8E, 0xBC8E, 0xBC8E, 0xFFFF, 0xBC8E, 0xBC8E, 0xBC8E, 0xBC8E, 0xBC8E, 0xBC8E, 0xBC8E, 0xBC8E, 0xBC8E, 0xBC8E, 0xBC8E,
 0xBC8E, 0xBC8E, 0xBC8E, 0xBC8E, 0xBC8E, 0xBC8E, 0xBC8E, 0xBC8E, 0xBC8E, 0xBC8E, 0xBC8E, 0xBC8E, 0xBC8E, 0xBC8E, 0xBC8E, 0xBC8E,
 0xBC8E, 0xBC8E, 0xBC8E, 0xBC8E, 0xBC8E, 0xBC8E, 0xBC8E, 0xBC8E, 0xFFFF, 0xBC8E, 0xBC8E, 0xBC8E, 0xBC8E, 0xFFFF, 0xBC8E, 0xBC8E,
 0xBC8E, 0xBC8E, 0xBC8E, 0xBC8E, 0xBC8E, 0xBC8E, 0xBC8E, 0xBC8E, 0xBC8E, 0xBC8E, 0xBC8E, 0xBC8E, 0xBC8E, 0xBC8E, 0xBC8E, 0xBC8E,
 0xBC8E, 0xBC8E, 0xBC8E, 0xBC8E, 0xBC8E, 0xBC8E, 0xBC8E, 0xBC8E, 0xBC8E, 0xBC8E, 0xBC8E, 0xBC8E, 0xBC8E, 0xBC8E, 0xBC8E, 0xBC8E,
 0xBC8E, 0xFFFF, 0xBC8E, 0xBC8E, 0xBC8E, 0xBC8E, 0xFFFF, 0xBC8E, 0xBC8E, 0xBC8E, 0xBC8E, 0xBC8E, 0xBC8E, 0xBC8E, 0xBC8E, 0xBC8E,
 0xBC8E, 0xBC8E, 0xBC8E, 0xBC8E, 0xBC8E, 0xBC8E, 0xBC8E, 0xBC8E, 0xBC8E, 0xBC8E, 0xBC8E, 0xBC8E, 0xBC8E, 0xBC8E, 0xBC8E, 0xBC8E,
 0xBC8E, 0xBC8E, 0xBC8E, 0xBC8E, 0xBC8E, 0xBC8E, 0xBC8E, 0xBC8E, 0xBC8E, 0xBC8E, 0xFFFF, 0xBC8E, 0xBC8E, 0xBC8E, 0xBC8E, 0xBC8E,
 0xBC8E, 0xBC8E, 0xBC8E, 0xBC8E, 0xFFFF, 0xBC8E, 0xBC8E, 0xBC8E, 0xBC8E, 0xBC8E, 0xBC8E, 0xBC8E, 0xBC8E, 0xBC8E, 0xBC8E, 0xBC8E,
 0xBC8E, 0xBC8E, 0xBC8E, 0xBC8E, 0xBC8E, 0xBC8E, 0xBC8E, 0xBC8E, 0xBC8E, 0xBC8E, 0xBC8E, 0xBC8E, 0xBC8E, 0xBC8E, 0xBC8E, 0xBC8E,
 0xBC8E, 0xBC8E, 0xBC8E, 0xBC8E, 0xBC8E, 0xBC8E, 0xBC8E, 0xBC8E, 0xFFFF, 0xBC8E, 0xBC8E, 0xBC8E, 0xBC8E, 0xFFFF, 0xBC8E, 0xBC8E,
 0xBC8E, 0xBC8E, 0xBC8E, 0xBC8E, 0xBC8E, 0xBC8E, 0xBC8E, 0xBC8E, 0xBC8E, 0xBC8E, 0xBC8E, 0xBC8E, 0xBC8E, 0xBC8E, 0xBC8E, 0xBC8E,
 0xBC8E, 0xBC8E, 0xBC8E, 0xBC8E, 0xBC8E, 0xBC8E, 0xBC8E, 0xBC8E, 0xBC8E, 0xBC8E, 0xBC8E, 0xBC8E, 0xBC8E, 0xBC8E, 0xBC8E, 0xBC8E,
 0xBC8E, 0xFFFF, 0xBC8E, 0xBC8E, 0xBC8E, 0xBC8E, 0xFFFF, 0xBC8E, 0xBC8E, 0xBC8E, 0xBC8E, 0xBC8E, 0xBC8E, 0xBC8E, 0xBC8E, 0xBC8E,
 0xBC8E, 0xBC8E, 0xBC8E, 0xBC8E, 0xBC8E, 0xBC8E, 0xBC8E, 0xBC8E, 0xBC8E, 0xBC8E, 0xBC8E, 0xBC8E, 0xBC8E, 0xBC8E, 0xBC8E, 0xBC8E,
 0xBC8E, 0xBC8E, 0xBC8E, 0xBC8E, 0xBC8E, 0xBC8E, 0xBC8E, 0xBC8E, 0xBC8E, 0xBC8E, 0xFFFF, 0xBC8E, 0xBC8E, 0xBC8E, 0xBC8E, 0xBC8E,
 0xBC8E, 0xBC8E, 0xBC8E, 0xBC8E, 0xFFFF, 0xBC8E, 0xBC8E, 0xBC8E, 0xBC8E, 0xBC8E, 0xBC8E, 0xBC8E, 0xBC8E, 0xBC8E, 0xBC8E, 0xBC8E,
 0xBC8E, 0xBC8E, 0xBC8E, 0xBC8E, 0xBC8E, 0xBC8E, 0xBC8E, 0xBC8E, 0xBC8E, 0xBC8E, 0xBC8E, 0xBC8E, 0xBC8E, 0xBC8E, 0xBC8E, 0xBC8E,
 0xBC8E, 0xBC8E, 0xBC8E, 0xBC8E, 0xBC8E, 0xBC8E, 0xBC8E, 0xBC8E, 0xFFFF, 0xBC8E, 0xBC8E, 0xBC8E, 0xBC8E, 0xFFFF, 0xBC8E, 0xBC8E,
 0xBC8E, 0xBC8E, 0xBC8E, 0xBC8E, 0xBC8E, 0xBC8E, 0xBC8E, 0xBC8E, 0xBC8E, 0xBC8E, 0xBC8E, 0xBC8E, 0xBC8E, 0xBC8E, 0xBC8E, 0xBC8E,
 0xBC8E, 0xBC8E, 0xBC8E, 0xBC8E, 0xBC8E, 0xBC8E, 0xBC8E, 0xBC8E, 0xBC8E, 0xBC8E, 0xBC8E, 0xBC8E, 0xBC8E, 0xBC8E, 0xBC8E, 0xBC8E,
 0xBC8E, 0xFFFF, 0xBC8E, 0xBC8E, 0xBC8E, 0xBC8E, 0xFFFF, 0xBC8E, 0xBC8E, 0xBC8E, 0xBC8E, 0xBC8E, 0xBC8E, 0xBC8E, 0xBC8E, 0xBC8E,
 0xBC8E, 0xBC8E, 0xBC8E, 0xBC8E, 0xBC8E, 0xBC8E, 0xBC8E, 0xBC8E, 0xBC8E, 0xBC8E, 0xBC8E, 0xBC8E, 0xBC8E, 0xBC8E, 0xBC8E, 0xBC8E,
 0xBC8E, 0xBC8E, 0xBC8E, 0xBC8E, 0xBC8E, 0xBC8E, 0xBC8E, 0xBC8E, 0xBC8E, 0xBC8E, 0xFFFF, 0xBC8E, 0xBC8E, 0xBC8E, 0xBC8E, 0xBC8E,
 0xBC8E, 0xBC8E, 0xBC8E, 0xBC8E, 0xFFFF, 0xBC8E, 0xBC8E, 0xBC8E, 0xBC8E, 0xBC8E, 0xBC8E, 0xBC8E, 0xBC8E, 0xBC8E, 0xBC8E, 0xBC8E,
 0xBC8E, 0xBC8E, 0xBC8E, 0xBC8E, 0xBC8E, 0xBC8E, 0xBC8E, 0xBC8E, 0xBC8E, 0xBC8E, 0xBC8E, 0xBC8E, 0xBC8E, 0xBC8E, 0xBC8E, 0xBC8E,
 0xBC8E, 0xBC8E, 0xBC8E, 0xBC8E, 0xBC8E, 0xBC8E, 0xBC8E, 0xBC8E, 0xFFFF, 0xBC8E, 0xBC8E, 0xBC8E, 0xBC8E, 0xFFFF, 0xBC8E, 0xBC8E,
 0xBC8E, 0xBC8E, 0xBC8E, 0xBC8E, 0xBC8E, 0xBC8E, 0xBC8E, 0xBC8E, 0xBC8E, 0xBC8E, 0xBC8E, 0xBC8E, 0xBC8E, 0xBC8E, 0xBC8E, 0xBC8E,
 0xBC8E, 0xBC8E, 0xBC8E, 0xBC8E, 0xBC8E, 0xBC8E, 0xBC8E, 0xBC8E, 0xBC8E, 0xBC8E, 0xBC8E, 0xBC8E, 0xBC8E, 0xBC8E, 0xBC8E, 0xBC8E,
 0xBC8E, 0xFFFF, 0xBC8E, 0xBC8E, 0xBC8E, 0xBC8E, 0xFFFF, 0xBC8E, 0xBC8E, 0xBC8E, 0xBC8E, 0xBC8E, 0xBC8E, 0xBC8E, 0xBC8E, 0xBC8E,
 0xBC8E, 0xBC8E, 0xBC8E, 0xBC8E, 0xBC8E, 0xBC8E, 0xBC8E, 0xBC8E, 0xBC8E, 0xBC8E, 0xBC8E, 0xBC8E, 0xBC8E, 0xBC8E, 0xBC8E, 0xBC8E,
 0xBC8E, 0xBC8E, 0xBC8E, 0xBC8E, 0xBC8E, 0xBC8E, 0xBC8E, 0xBC8E, 0xBC8E, 0xBC8E, 0xFFFF, 0xBC8E, 0xBC8E, 0xBC8E, 0xBC8E, 0xBC8E,
 0xBC8E, 0xBC8E, 0xBC8E, 0xBC8E, 0xFFFF, 0xBC8E, 0xBC8E, 0xBC8E, 0xBC8E, 0xBC8E, 0xBC8E, 0xBC8E, 0xBC8E, 0xBC8E, 0xBC8E, 0xBC8E,
 0xBC8E, 0xBC8E, 0xBC8E, 0xBC8E, 0xBC8E, 0xBC8E, 0xBC8E, 0xBC8E, 0xBC8E, 0xBC8E, 0xBC8E, 0xBC8E, 0xBC8E, 0xBC8E, 0xBC8E, 0xBC8E,
 0xBC8E, 0xBC8E, 0xBC8E, 0xBC8E, 0xBC8E, 0xBC8E, 0xBC8E, 0xBC8E, 0xFFFF, 0xBC8E, 0xBC8E, 0xBC8E, 0xBC8E, 0xFFFF, 0xBC8E, 0xBC8E,
 0xBC8E, 0xBC8E, 0xBC8E, 0xBC8E, 0xBC8E, 0xBC8E, 0xBC8E, 0xBC8E, 0xBC8E, 0xBC8E, 0xBC8E, 0xBC8E, 0xBC8E, 0xBC8E, 0xBC8E, 0xBC8E,
 0xBC8E, 0xBC8E, 0xBC8E, 0xBC8E, 0xBC8E, 0xBC8E, 0xBC8E, 0xBC8E, 0xBC8E, 0xBC8E, 0xBC8E, 0xBC8E, 0xBC8E, 0xBC8E, 0xBC8E, 0xBC8E,
 0xBC8E, 0xFFFF, 0xBC8E, 0xBC8E, 0xBC8E, 0xBC8E, 0xFFFF, 0xBC8E, 0xBC8E, 0xBC8E, 0xBC8E, 0xBC8E, 0xBC8E, 0xBC8E, 0xBC8E, 0xBC8E,
 0xBC8E, 0xBC8E, 0xBC8E, 0xBC8E, 0xBC8E, 0xBC8E, 0xBC8E, 0xBC8E, 0xBC8E, 0xBC8E, 0xBC8E, 0xBC8E, 0xBC8E, 0xBC8E, 0xBC8E, 0xBC8E,
 0xBC8E, 0xBC8E, 0xBC8E, 0xBC8E, 0xBC8E, 0xBC8E, 0xBC8E, 0xBC8E, 0xBC8E, 0xBC8E, 0xFFFF, 0xBC8E, 0xBC8E, 0xBC8E, 0xBC8E, 0xBC8E,
 0xBC8E, 0xBC8E, 0xBC8E, 0xBC8E, 0xFFFF, 0xBC8E, 0xBC8E, 0xBC8E, 0xBC8E, 0xBC8E, 0xBC8E, 0xBC8E, 0xBC8E, 0xBC8E, 0xBC8E, 0xBC8E,
 0xBC8E, 0xBC8E, 0xBC8E, 0xBC8E, 0xBC8E, 0xBC8E, 0xBC8E, 0xBC8E, 0xBC8E, 0xBC8E, 0xBC8E, 0xBC8E, 0xBC8E, 0xBC8E, 0xBC8E, 0xBC8E,
 0xBC8E, 0xBC8E, 0xBC8E, 0xBC8E, 0xBC8E, 0xBC8E, 0xBC8E, 0xBC8E, 0xFFFF, 0xBC8E, 0xBC8E, 0xBC8E, 0xBC8E, 0xFFFF, 0xBC8E, 0xBC8E,
 0xBC8E, 0xBC8E, 0xBC8E, 0xBC8E, 0xBC8E, 0xBC8E, 0xBC8E, 0xBC8E, 0xBC8E, 0xBC8E, 0xBC8E, 0xBC8E, 0xBC8E, 0xBC8E, 0xBC8E, 0xBC8E,
 0xBC8E, 0xBC8E, 0xBC8E, 0xBC8E, 0xBC8E, 0xBC8E, 0xBC8E, 0xBC8E, 0xBC8E, 0xBC8E, 0xBC8E, 0xBC8E, 0xBC8E, 0xBC8E, 0xBC8E, 0xBC8E,
 0xBC8E, 0xFFFF, 0xBC8E, 0xBC8E, 0xBC8E, 0xBC8E, 0xFFFF, 0xBC8E, 0xBC8E, 0xBC8E, 0xBC8E, 0xBC8E, 0xBC8E, 0xBC8E, 0xBC8E, 0xBC8E,
 0xBC8E, 0xBC8E, 0xBC8E, 0xBC8E, 0xBC8E, 0xBC8E, 0xBC8E, 0xBC8E, 0xBC8E, 0xBC8E, 0xBC8E, 0xBC8E, 0xBC8E, 0xBC8E, 0xBC8E, 0xBC8E,
 0xBC8E, 0xBC8E, 0xBC8E, 0xBC8E, 0xBC8E, 0xBC8E, 0xBC8E, 0xBC8E, 0xBC8E, 0xBC8E, 0xFFFF, 0xBC8E, 0xBC8E, 0xBC8E, 0xBC8E, 0xBC8E,
 0xBC8E, 0xBC8E, 0xBC8E, 0xBC8E, 0xFFFF, 0xBC8E, 0xBC8E, 0xBC8E, 0xBC8E, 0xBC8E, 0xBC8E, 0xBC8E, 0xBC8E, 0xBC8E, 0xBC8E, 0xBC8E,
 0xBC8E, 0xBC8E, 0xBC8E, 0xBC8E, 0xBC8E, 0xBC8E, 0xBC8E, 0xBC8E, 0xBC8E, 0xBC8E, 0xBC8E, 0xBC8E, 0xBC8E, 0xBC8E, 0xBC8E, 0xBC8E,
 0xBC8E, 0xBC8E, 0xBC8E, 0xBC8E, 0xBC8E, 0xBC8E, 0xBC8E, 0xBC8E, 0xFFFF, 0xBC8E, 0xBC8E, 0xBC8E, 0xBC8E, 0xFFFF, 0xBC8E, 0xBC8E,
 0xBC8E, 0xBC8E, 0xBC8E, 0xBC8E, 0xBC8E, 0xBC8E, 0xBC8E, 0xBC8E, 0xBC8E, 0xBC8E, 0xBC8E, 0xBC8E, 0xBC8E, 0xBC8E, 0xBC8E, 0xBC8E,
 0xBC8E, 0xBC8E, 0xBC8E, 0xBC8E, 0xBC8E, 0xBC8E, 0xBC8E, 0xBC8E, 0xBC8E, 0xBC8E, 0xBC8E, 0xBC8E, 0xBC8E, 0xBC8E, 0xBC8E, 0xBC8E,
 0xBC8E, 0xFFFF, 0xBC8E, 0xBC8E, 0xBC8E, 0xBC8E, 0xFFFF, 0xBC8E, 0xBC8E, 0xBC8E, 0xBC8E, 0xBC8E, 0xBC8E, 0xBC8E, 0xBC8E, 0xBC8E,
 0xBC8E, 0xBC8E, 0xBC8E, 0xBC8E, 0xBC8E, 0xBC8E, 0xBC8E, 0xBC8E, 0xBC8E, 0xBC8E, 0xBC8E, 0xBC8E, 0xBC8E, 0xBC8E, 0xBC8E, 0xBC8E,
 0xBC8E, 0xBC8E, 0xBC8E, 0xBC8E, 0xBC8E, 0xBC8E, 0xBC8E, 0xBC8E, 0xBC8E, 0xBC8E, 0xFFFF, 0xBC8E, 0xBC8E, 0xBC8E, 0xBC8E, 0xBC8E,
 0xBC8E, 0xBC8E, 0xBC8E, 0xBC8E, 0xFFFF, 0xBC8E, 0xBC8E, 0xBC8E, 0xBC8E, 0xBC8E, 0xBC8E, 0xBC8E, 0xBC8E, 0xBC8E, 0xBC8E, 0xBC8E,
 0xBC8E, 0xBC8E, 0xBC8E, 0xBC8E, 0xBC8E, 0xBC8E, 0xBC8E, 0xBC8E, 0xBC8E, 0xBC8E, 0xBC8E, 0xBC8E, 0xBC8E, 0xBC8E, 0xBC8E, 0xBC8E,
 0xBC8E, 0xBC8E, 0xBC8E, 0xBC8E, 0xBC8E, 0xBC8E, 0xBC8E, 0xBC8E, 0xFFFF, 0xBC8E, 0xBC8E, 0xBC8E, 0xBC8E, 0xFFFF, 0xBC8E, 0xBC8E,
 0xBC8E, 0xBC8E, 0xBC8E, 0xBC8E, 0xBC8E, 0xBC8E, 0xBC8E, 0xBC8E, 0xBC8E, 0xBC8E, 0xBC8E, 0xBC8E, 0xBC8E, 0xBC8E, 0xBC8E, 0xBC8E,
 0xBC8E, 0xBC8E, 0xBC8E, 0xBC8E, 0xBC8E, 0xBC8E, 0xBC8E, 0xBC8E, 0xBC8E, 0xBC8E, 0xBC8E, 0xBC8E, 0xBC8E, 0xBC8E, 0xBC8E, 0xBC8E,
 0xBC8E, 0xFFFF, 0xBC8E, 0xBC8E, 0xBC8E, 0xBC8E, 0xFFFF, 0xBC8E, 0xBC8E, 0xBC8E, 0xBC8E, 0xBC8E, 0xBC8E, 0xBC8E, 0xBC8E, 0xBC8E,
 0xBC8E, 0xBC8E, 0xBC8E, 0xBC8E, 0xBC8E, 0xBC8E, 0xBC8E, 0xBC8E, 0xBC8E, 0xBC8E, 0xBC8E, 0xBC8E, 0xBC8E, 0xBC8E, 0xBC8E, 0xBC8E,
 0xBC8E, 0xBC8E, 0xBC8E, 0xBC8E, 0xBC8E, 0xBC8E, 0xBC8E, 0xBC8E, 0xBC8E, 0xBC8E, 0xFFFF, 0xBC8E, 0xBC8E, 0xBC8E, 0xBC8E, 0xBC8E,
 0xBC8E, 0xBC8E, 0xBC8E, 0xBC8E, 0xFFFF, 0xBC8E, 0xBC8E, 0xBC8E, 0xBC8E, 0xBC8E, 0xBC8E, 0xBC8E, 0xBC8E, 0xBC8E, 0xBC8E, 0xBC8E,
 0xBC8E, 0xBC8E, 0xBC8E, 0xBC8E, 0xBC8E, 0xBC8E, 0xBC8E, 0xBC8E, 0xBC8E, 0xBC8E, 0xBC8E, 0xBC8E, 0xBC8E, 0xBC8E, 0xBC8E, 0xBC8E,
 0xBC8E, 0xBC8E, 0xBC8E, 0xBC8E, 0xBC8E, 0xBC8E, 0xBC8E, 0xBC8E, 0xFFFF, 0xBC8E, 0xBC8E, 0xBC8E, 0xBC8E, 0xFFFF, 0xBC8E, 0xBC8E,
 0xBC8E, 0xBC8E, 0xBC8E, 0xBC8E, 0xBC8E, 0xBC8E, 0xBC8E, 0xBC8E, 0xBC8E, 0xBC8E, 0xBC8E, 0xBC8E, 0xBC8E, 0xBC8E, 0xBC8E, 0xBC8E,
 0xBC8E, 0xBC8E, 0xBC8E, 0xBC8E, 0xBC8E, 0xBC8E, 0xBC8E, 0xBC8E, 0xBC8E, 0xBC8E, 0xBC8E, 0xBC8E, 0xBC8E, 0xBC8E, 0xBC8E, 0xBC8E,
 0xBC8E, 0xFFFF, 0xBC8E, 0xBC8E, 0xBC8E, 0xBC8E, 0xFFFF, 0xBC8E, 0xBC8E, 0xBC8E, 0xBC8E, 0xBC8E, 0xBC8E, 0xBC8E, 0xBC8E, 0xBC8E,
 0xBC8E, 0xBC8E, 0xBC8E, 0xBC8E, 0xBC8E, 0xBC8E, 0xBC8E, 0xBC8E, 0xBC8E, 0xBC8E, 0xBC8E, 0xBC8E, 0xBC8E, 0xBC8E, 0xBC8E, 0xBC8E,
 0xBC8E, 0xBC8E, 0xBC8E, 0xBC8E, 0xBC8E, 0xBC8E, 0xBC8E, 0xBC8E, 0xBC8E, 0xBC8E, 0xFFFF, 0xBC8E, 0xBC8E, 0xBC8E, 0xBC8E, 0xBC8E,
 0xBC8E, 0xBC8E, 0xBC8E, 0xBC8E, 0xFFFF, 0xBC8E, 0xBC8E, 0xBC8E, 0xBC8E, 0xBC8E, 0xBC8E, 0xBC8E, 0xBC8E, 0xBC8E, 0xBC8E, 0xBC8E,
 0xBC8E, 0xBC8E, 0xBC8E, 0xBC8E, 0xBC8E, 0xBC8E, 0xBC8E, 0xBC8E, 0xBC8E, 0xBC8E, 0xBC8E, 0xBC8E, 0xBC8E, 0xBC8E, 0xBC8E, 0xBC8E,
 0xBC8E, 0xBC8E, 0xBC8E, 0xBC8E, 0xBC8E, 0xBC8E, 0xBC8E, 0xBC8E, 0xFFFF, 0xBC8E, 0xBC8E, 0xBC8E, 0xBC8E, 0xFFFF, 0xBC8E, 0xBC8E,
 0xBC8E, 0xBC8E, 0xBC8E, 0xBC8E, 0xBC8E, 0xBC8E, 0xBC8E, 0xBC8E, 0xBC8E, 0xBC8E, 0xBC8E, 0xBC8E, 0xBC8E, 0xBC8E, 0xBC8E, 0xBC8E,
 0xBC8E, 0xBC8E, 0xBC8E, 0xBC8E, 0xBC8E, 0xBC8E, 0xBC8E, 0xBC8E, 0xBC8E, 0xBC8E, 0xBC8E, 0xBC8E, 0xBC8E, 0xBC8E, 0xBC8E, 0xBC8E,
 0xBC8E, 0xFFFF, 0xBC8E, 0xBC8E, 0xBC8E, 0xBC8E, 0xFFFF, 0xBC8E, 0xBC8E, 0xBC8E, 0xBC8E, 0xBC8E, 0xBC8E, 0xBC8E, 0xBC8E, 0xBC8E,
 0xBC8E, 0xBC8E, 0xBC8E, 0xBC8E, 0xBC8E, 0xBC8E, 0xBC8E, 0xBC8E, 0xBC8E, 0xBC8E, 0xBC8E, 0xBC8E, 0xBC8E, 0xBC8E, 0xBC8E, 0xBC8E,
 0xBC8E, 0xBC8E, 0xBC8E, 0xBC8E, 0xBC8E, 0xBC8E, 0xBC8E, 0xBC8E, 0xBC8E, 0xBC8E, 0xFFFF, 0xBC8E, 0xBC8E, 0xBC8E, 0xBC8E, 0xBC8E,
 0xBC8E, 0xBC8E, 0xBC8E, 0xBC8E, 0xFFFF, 0xBC8E, 0xBC8E, 0xBC8E, 0xBC8E, 0xBC8E, 0xBC8E, 0xBC8E, 0xBC8E, 0xBC8E, 0xBC8E, 0xBC8E,
 0xBC8E, 0xBC8E, 0xBC8E, 0xBC8E, 0xBC8E, 0xBC8E, 0xBC8E, 0xBC8E, 0xBC8E, 0xBC8E, 0xBC8E, 0xBC8E, 0xBC8E, 0xBC8E, 0xBC8E, 0xBC8E,
 0xBC8E, 0xBC8E, 0xBC8E, 0xBC8E, 0xBC8E, 0xBC8E, 0xBC8E, 0xBC8E, 0xFFFF, 0xBC8E, 0xBC8E, 0xBC8E, 0xBC8E, 0xFFFF, 0xBC8E, 0xBC8E,
 0xBC8E, 0xBC8E, 0xBC8E, 0xBC8E, 0xBC8E, 0xBC8E, 0xBC8E, 0xBC8E, 0xBC8E, 0xBC8E, 0xBC8E, 0xBC8E, 0xBC8E, 0xBC8E, 0xBC8E, 0xBC8E,
 0xBC8E, 0xBC8E, 0xBC8E, 0xBC8E, 0xBC8E, 0xBC8E, 0xBC8E, 0xBC8E, 0xBC8E, 0xBC8E, 0xBC8E, 0xBC8E, 0xBC8E, 0xBC8E, 0xBC8E, 0xBC8E,
 0xBC8E, 0xFFFF, 0xBC8E, 0xBC8E, 0xBC8E, 0xBC8E, 0xFFFF, 0xBC8E, 0xBC8E, 0xBC8E, 0xBC8E, 0xBC8E, 0xBC8E, 0xBC8E, 0xBC8E, 0xBC8E,
 0xBC8E, 0xBC8E, 0xBC8E, 0xBC8E, 0xBC8E, 0xBC8E, 0xBC8E, 0xBC8E, 0xBC8E, 0xBC8E, 0xBC8E, 0xBC8E, 0xBC8E, 0xBC8E, 0xBC8E, 0xBC8E,
 0xBC8E, 0xBC8E, 0xBC8E, 0xBC8E, 0xBC8E, 0xBC8E, 0xBC8E, 0xBC8E, 0xBC8E, 0xBC8E, 0xFFFF, 0xBC8E, 0xBC8E, 0xBC8E, 0xBC8E, 0xBC8E,
 0xBC8E, 0xBC8E, 0xBC8E, 0xBC8E, 0xFFFF, 0xBC8E, 0xBC8E, 0xBC8E, 0xBC8E, 0xBC8E, 0xBC8E, 0xBC8E, 0xBC8E, 0xBC8E, 0xBC8E, 0xBC8E,
 0xBC8E, 0xBC8E, 0xBC8E, 0xBC8E, 0xBC8E, 0xBC8E, 0xBC8E, 0xBC8E, 0xBC8E, 0xBC8E, 0xBC8E, 0xBC8E, 0xBC8E, 0xBC8E, 0xBC8E, 0xBC8E,
 0xBC8E, 0xBC8E, 0xBC8E, 0xBC8E, 0xBC8E, 0xBC8E, 0xBC8E, 0xBC8E, 0xFFFF, 0xBC8E, 0xBC8E, 0xBC8E, 0xBC8E, 0xFFFF, 0xBC8E, 0xBC8E,
 0xBC8E, 0xBC8E, 0xBC8E, 0xBC8E, 0xBC8E, 0xBC8E, 0xBC8E, 0xBC8E, 0xBC8E, 0xBC8E, 0xBC8E, 0xBC8E, 0xBC8E, 0xBC8E, 0xBC8E, 0xBC8E,
 0xBC8E, 0xBC8E, 0xBC8E, 0xBC8E, 0xBC8E, 0xBC8E, 0xBC8E, 0xBC8E, 0xBC8E, 0xBC8E, 0xBC8E, 0xBC8E, 0xBC8E, 0xBC8E, 0xBC8E, 0xBC8E,
 0xBC8E, 0xFFFF, 0xBC8E, 0xBC8E, 0xBC8E, 0xBC8E, 0xFFFF, 0xBC8E, 0xBC8E, 0xBC8E, 0xBC8E, 0xBC8E, 0xBC8E, 0xBC8E, 0xBC8E, 0xBC8E,
 0xBC8E, 0xBC8E, 0xBC8E, 0xBC8E, 0xBC8E, 0xBC8E, 0xBC8E, 0xBC8E, 0xBC8E, 0xBC8E, 0xBC8E, 0xBC8E, 0xBC8E, 0xBC8E, 0xBC8E, 0xBC8E,
 0xBC8E, 0xBC8E, 0xBC8E, 0xBC8E, 0xBC8E, 0xBC8E, 0xBC8E, 0xBC8E, 0xBC8E, 0xBC8E, 0xFFFF, 0xBC8E, 0xBC8E, 0xBC8E, 0xBC8E, 0xBC8E,
 0xBC8E, 0xBC8E, 0xBC8E, 0xBC8E, 0xFFFF, 0xBC8E, 0xBC8E, 0xBC8E, 0xBC8E, 0xBC8E, 0xBC8E, 0xBC8E, 0xBC8E, 0xBC8E, 0xBC8E, 0xBC8E,
 0xBC8E, 0xBC8E, 0xBC8E, 0xBC8E, 0xBC8E, 0xBC8E, 0xBC8E, 0xBC8E, 0xBC8E, 0xBC8E, 0xBC8E, 0xBC8E, 0xBC8E, 0xBC8E, 0xBC8E, 0xBC8E,
 0xBC8E, 0xBC8E, 0xBC8E, 0xBC8E, 0xBC8E, 0xBC8E, 0xBC8E, 0xBC8E, 0xFFFF, 0xBC8E, 0xBC8E, 0xBC8E, 0xBC8E, 0xFFFF, 0xBC8E, 0xBC8E,
 0xBC8E, 0xBC8E, 0xBC8E, 0xBC8E, 0xBC8E, 0xBC8E, 0xBC8E, 0xBC8E, 0xBC8E, 0xBC8E, 0xBC8E, 0xBC8E, 0xBC8E, 0xBC8E, 0xBC8E, 0xBC8E,
 0xBC8E, 0xBC8E, 0xBC8E, 0xBC8E, 0xBC8E, 0xBC8E, 0xBC8E, 0xBC8E, 0xBC8E, 0xBC8E, 0xBC8E, 0xBC8E, 0xBC8E, 0xBC8E, 0xBC8E, 0xBC8E,
 0xBC8E, 0xFFFF, 0xBC8E, 0xBC8E, 0xBC8E, 0xBC8E, 0xFFFF, 0xBC8E, 0xBC8E, 0xBC8E, 0xBC8E, 0xBC8E, 0xBC8E, 0xBC8E, 0xBC8E, 0xBC8E,
 0xBC8E, 0xBC8E, 0xBC8E, 0xBC8E, 0xBC8E, 0xBC8E, 0xBC8E, 0xBC8E, 0xBC8E, 0xBC8E, 0xBC8E, 0xBC8E, 0xBC8E, 0xBC8E, 0xBC8E, 0xBC8E,
 0xBC8E, 0xBC8E, 0xBC8E, 0xBC8E, 0xBC8E, 0xBC8E, 0xBC8E, 0xBC8E, 0xBC8E, 0xBC8E, 0xFFFF, 0xBC8E, 0xBC8E, 0xBC8E, 0xBC8E, 0xBC8E,
 0xBC8E, 0xBC8E, 0xBC8E, 0xBC8E, 0xFFFF, 0xBC8E, 0xBC8E, 0xBC8E, 0xBC8E, 0xBC8E, 0xBC8E, 0xBC8E, 0xBC8E, 0xBC8E, 0xBC8E, 0xBC8E,
 0xBC8E, 0xBC8E, 0xBC8E, 0xBC8E, 0xBC8E, 0xBC8E, 0xBC8E, 0xBC8E, 0xBC8E, 0xBC8E, 0xBC8E, 0xBC8E, 0xBC8E, 0xBC8E, 0xBC8E, 0xBC8E,
 0xBC8E, 0xBC8E, 0xBC8E, 0xBC8E, 0xBC8E, 0xBC8E, 0xBC8E, 0xBC8E, 0xFFFF, 0xBC8E, 0xBC8E, 0xBC8E, 0xBC8E, 0xFFFF, 0xBC8E, 0xBC8E,
 0xBC8E, 0xBC8E, 0xBC8E, 0xBC8E, 0xBC8E, 0xBC8E, 0xBC8E, 0xBC8E, 0xBC8E, 0xBC8E, 0xBC8E, 0xBC8E, 0xBC8E, 0xBC8E, 0xBC8E, 0xBC8E,
 0xBC8E, 0xBC8E, 0xBC8E, 0xBC8E, 0xBC8E, 0xBC8E, 0xBC8E, 0xBC8E, 0xBC8E, 0xBC8E, 0xBC8E, 0xBC8E, 0xBC8E, 0xBC8E, 0xBC8E, 0xBC8E,
 0xBC8E, 0xFFFF, 0xBC8E, 0xBC8E, 0xBC8E, 0xBC8E, 0xFFFF, 0xBC8E, 0xBC8E, 0xBC8E, 0xBC8E, 0xBC8E, 0xBC8E, 0xBC8E, 0xBC8E, 0xBC8E,
 0xBC8E, 0xBC8E, 0xBC8E, 0xBC8E, 0xBC8E, 0xBC8E, 0xBC8E, 0xBC8E, 0xBC8E, 0xBC8E, 0xBC8E, 0xBC8E, 0xBC8E, 0xBC8E, 0xBC8E, 0xBC8E,
 0xBC8E, 0xBC8E, 0xBC8E, 0xBC8E, 0xBC8E, 0xBC8E, 0xBC8E, 0xBC8E, 0xBC8E, 0xBC8E, 0xFFFF, 0xBC8E, 0xBC8E, 0xBC8E, 0xBC8E, 0xBC8E,
 0xBC8E, 0xBC8E, 0xBC8E, 0xBC8E, 0xFFFF, 0xBC8E, 0xBC8E, 0xBC8E, 0xBC8E, 0xBC8E, 0xBC8E, 0xBC8E, 0xBC8E, 0xBC8E, 0xBC8E, 0xBC8E,
 0xBC8E, 0xBC8E, 0xBC8E, 0xBC8E, 0xBC8E, 0xBC8E, 0xBC8E, 0xBC8E, 0xBC8E, 0xBC8E, 0xBC8E, 0xBC8E, 0xBC8E, 0xBC8E, 0xBC8E, 0xBC8E,
 0xBC8E, 0xBC8E, 0xBC8E, 0xBC8E, 0xBC8E, 0xBC8E, 0xBC8E, 0xBC8E, 0xFFFF, 0xBC8E, 0xBC8E, 0xBC8E, 0xBC8E, 0xFFFF, 0xBC8E, 0xBC8E,
 0xBC8E, 0xBC8E, 0xBC8E, 0xBC8E, 0xBC8E, 0xBC8E, 0xBC8E, 0xBC8E, 0xBC8E, 0xBC8E, 0xBC8E, 0xBC8E, 0xBC8E, 0xBC8E, 0xBC8E, 0xBC8E,
 0xBC8E, 0xBC8E, 0xBC8E, 0xBC8E, 0xBC8E, 0xBC8E, 0xBC8E, 0xBC8E, 0xBC8E, 0xBC8E, 0xBC8E, 0xBC8E, 0xBC8E, 0xBC8E, 0xBC8E, 0xBC8E,
 0xBC8E, 0xFFFF, 0xBC8E, 0xBC8E, 0xBC8E, 0xBC8E, 0xFFFF, 0xBC8E, 0xBC8E, 0xBC8E, 0xBC8E, 0xBC8E, 0xBC8E, 0xBC8E, 0xBC8E, 0xBC8E,
 0xBC8E, 0xBC8E, 0xBC8E, 0xBC8E, 0xBC8E, 0xBC8E, 0xBC8E, 0xBC8E, 0xBC8E, 0xBC8E, 0xBC8E, 0xBC8E, 0xBC8E, 0xBC8E, 0xBC8E, 0xBC8E,
 0xBC8E, 0xBC8E, 0xBC8E, 0xBC8E, 0xBC8E, 0xBC8E, 0xBC8E, 0xBC8E, 0xBC8E, 0xBC8E, 0xFFFF, 0xBC8E, 0xBC8E, 0xBC8E, 0xBC8E, 0xBC8E,
 0xBC8E, 0xBC8E, 0xBC8E, 0xBC8E, 0xFFFF, 0xBC8E, 0xBC8E, 0xBC8E, 0xBC8E, 0xBC8E, 0xBC8E, 0xBC8E, 0xBC8E, 0xBC8E, 0xBC8E, 0xBC8E,
 0xBC8E, 0xBC8E, 0xBC8E, 0xBC8E, 0xBC8E, 0xBC8E, 0xBC8E, 0xBC8E, 0xBC8E, 0xBC8E, 0xBC8E, 0xBC8E, 0xBC8E, 0xBC8E, 0xBC8E, 0xBC8E,
 0xBC8E, 0xBC8E, 0xBC8E, 0xBC8E, 0xBC8E, 0xBC8E, 0xBC8E, 0xBC8E, 0xFFFF, 0xBC8E, 0xBC8E, 0xBC8E, 0xBC8E, 0xFFFF, 0xBC8E, 0xBC8E,
 0xBC8E, 0xBC8E, 0xBC8E, 0xBC8E, 0xBC8E, 0xBC8E, 0xBC8E, 0xBC8E, 0xBC8E, 0xBC8E, 0xBC8E, 0xBC8E, 0xBC8E, 0xBC8E, 0xBC8E, 0xBC8E,
 0xBC8E, 0xBC8E, 0xBC8E, 0xBC8E, 0xBC8E, 0xBC8E, 0xBC8E, 0xBC8E, 0xBC8E, 0xBC8E, 0xBC8E, 0xBC8E, 0xBC8E, 0xBC8E, 0xBC8E, 0xBC8E,
 0xBC8E, 0xFFFF, 0xBC8E, 0xBC8E, 0xBC8E, 0xBC8E, 0xFFFF, 0xBC8E, 0xBC8E, 0xBC8E, 0xBC8E, 0xBC8E, 0xBC8E, 0xBC8E, 0xBC8E, 0xBC8E,
 0xBC8E, 0xBC8E, 0xBC8E, 0xBC8E, 0xBC8E, 0xBC8E, 0xBC8E, 0xBC8E, 0xBC8E, 0xBC8E, 0xBC8E, 0xBC8E, 0xBC8E, 0xBC8E, 0xBC8E, 0xBC8E,
 0xBC8E, 0xBC8E, 0xBC8E, 0xBC8E, 0xBC8E, 0xBC8E, 0xBC8E, 0xBC8E, 0xBC8E, 0xBC8E, 0xFFFF, 0xBC8E, 0xBC8E, 0xBC8E, 0xBC8E, 0xBC8E,
 0xBC8E, 0xBC8E, 0xBC8E, 0xBC8E, 0xFFFF, 0xBC8E, 0xBC8E, 0xBC8E, 0xBC8E, 0xBC8E, 0xBC8E, 0xBC8E, 0xBC8E, 0xBC8E, 0xBC8E, 0xBC8E,
 0xBC8E, 0xBC8E, 0xBC8E, 0xBC8E, 0xBC8E, 0xBC8E, 0xBC8E, 0xBC8E, 0xBC8E, 0xBC8E, 0xBC8E, 0xBC8E, 0xBC8E, 0xBC8E, 0xBC8E, 0xBC8E,
 0xBC8E, 0xBC8E, 0xBC8E, 0xBC8E, 0xBC8E, 0xBC8E, 0xBC8E, 0xBC8E, 0xFFFF, 0xBC8E, 0xBC8E, 0xBC8E, 0xBC8E, 0xFFFF, 0xBC8E, 0xBC8E,
 0xBC8E, 0xBC8E, 0xBC8E, 0xBC8E, 0xBC8E, 0xBC8E, 0xBC8E, 0xBC8E, 0xBC8E, 0xBC8E, 0xBC8E, 0xBC8E, 0xBC8E, 0xBC8E, 0xBC8E, 0xBC8E,
 0xBC8E, 0xBC8E, 0xBC8E, 0xBC8E, 0xBC8E, 0xBC8E, 0xBC8E, 0xBC8E, 0xBC8E, 0xBC8E, 0xBC8E, 0xBC8E, 0xBC8E, 0xBC8E, 0xBC8E, 0xBC8E,
 0xBC8E, 0xFFFF, 0xBC8E, 0xBC8E, 0xBC8E, 0xBC8E, 0xFFFF, 0xBC8E, 0xBC8E, 0xBC8E, 0xBC8E, 0xBC8E, 0xBC8E, 0xBC8E, 0xBC8E, 0xBC8E,
 0xBC8E, 0xBC8E, 0xBC8E, 0xBC8E, 0xBC8E, 0xBC8E, 0xBC8E, 0xBC8E, 0xBC8E, 0xBC8E, 0xBC8E, 0xBC8E, 0xBC8E, 0xBC8E, 0xBC8E, 0xBC8E,
 0xBC8E, 0xBC8E, 0xBC8E, 0xBC8E, 0xBC8E, 0xBC8E, 0xBC8E, 0xBC8E, 0xBC8E, 0xBC8E, 0xFFFF, 0xBC8E, 0xBC8E, 0xBC8E, 0xBC8E, 0xBC8E,
 0xBC8E, 0xBC8E, 0xBC8E, 0xBC8E, 0xFFFF, 0xBC8E, 0xBC8E, 0xBC8E, 0xBC8E, 0xBC8E, 0xBC8E, 0xBC8E, 0xBC8E, 0xBC8E, 0xBC8E, 0xBC8E,
 0xBC8E, 0xBC8E, 0xBC8E, 0xBC8E, 0xBC8E, 0xBC8E, 0xBC8E, 0xBC8E, 0xBC8E, 0xBC8E, 0xBC8E, 0xBC8E, 0xBC8E, 0xBC8E, 0xBC8E, 0xBC8E,
 0xBC8E, 0xBC8E, 0xBC8E, 0xBC8E, 0xBC8E, 0xBC8E, 0xBC8E, 0xBC8E, 0xFFFF, 0xBC8E, 0xBC8E, 0xBC8E, 0xBC8E, 0xFFFF, 0xBC8E, 0xBC8E,
 0xBC8E, 0xBC8E, 0xBC8E, 0xBC8E, 0xBC8E, 0xBC8E, 0xBC8E, 0xBC8E, 0xBC8E, 0xBC8E, 0xBC8E, 0xBC8E, 0xBC8E, 0xBC8E, 0xBC8E, 0xBC8E,
 0xBC8E, 0xBC8E, 0xBC8E, 0xBC8E, 0xBC8E, 0xBC8E, 0xBC8E, 0xBC8E, 0xBC8E, 0xBC8E, 0xBC8E, 0xBC8E, 0xBC8E, 0xBC8E, 0xBC8E, 0xBC8E,
 0xBC8E, 0xFFFF, 0xBC8E, 0xBC8E, 0xBC8E, 0xBC8E, 0xFFFF, 0xBC8E, 0xBC8E, 0xBC8E, 0xBC8E, 0xBC8E, 0xBC8E, 0xBC8E, 0xBC8E, 0xBC8E,
 0xBC8E, 0xBC8E, 0xBC8E, 0xBC8E, 0xBC8E, 0xBC8E, 0xBC8E, 0xBC8E, 0xBC8E, 0xBC8E, 0xBC8E, 0xBC8E, 0xBC8E, 0xBC8E, 0xBC8E, 0xBC8E,
 0xBC8E, 0xBC8E, 0xBC8E, 0xBC8E, 0xBC8E, 0xBC8E, 0xBC8E, 0xBC8E, 0xBC8E, 0xBC8E, 0xFFFF, 0xBC8E, 0xBC8E, 0xBC8E, 0xBC8E, 0xBC8E,
 0xBC8E, 0xBC8E, 0xBC8E, 0xBC8E, 0xFFFF, 0xBC8E, 0xBC8E, 0xBC8E, 0xBC8E, 0xBC8E, 0xBC8E, 0xBC8E, 0xBC8E, 0xBC8E, 0xBC8E, 0xBC8E,
 0xBC8E, 0xBC8E, 0xBC8E, 0xBC8E, 0xBC8E, 0xBC8E, 0xBC8E, 0xBC8E, 0xBC8E, 0xBC8E, 0xBC8E, 0xBC8E, 0xBC8E, 0xBC8E, 0xBC8E, 0xBC8E,
 0xBC8E, 0xBC8E, 0xBC8E, 0xBC8E, 0xBC8E, 0xBC8E, 0xBC8E, 0xBC8E, 0xFFFF, 0xBC8E, 0xBC8E, 0xBC8E, 0xBC8E, 0xFFFF, 0xBC8E, 0xBC8E,
 0xBC8E, 0xBC8E, 0xBC8E, 0xBC8E, 0xBC8E, 0xBC8E, 0xBC8E, 0xBC8E, 0xBC8E, 0xBC8E, 0xBC8E, 0xBC8E, 0xBC8E, 0xBC8E, 0xBC8E, 0xBC8E,
 0xBC8E, 0xBC8E, 0xBC8E, 0xBC8E, 0xBC8E, 0xBC8E, 0xBC8E, 0xBC8E, 0xBC8E, 0xBC8E, 0xBC8E, 0xBC8E, 0xBC8E, 0xBC8E, 0xBC8E, 0xBC8E,
 0xBC8E, 0xFFFF, 0xBC8E, 0xBC8E, 0xBC8E, 0xBC8E, 0xFFFF, 0xBC8E, 0xBC8E, 0xBC8E, 0xBC8E, 0xBC8E, 0xBC8E, 0xBC8E, 0xBC8E, 0xBC8E,
 0xBC8E, 0xBC8E, 0xBC8E, 0xBC8E, 0xBC8E, 0xBC8E, 0xBC8E, 0xBC8E, 0xBC8E, 0xBC8E, 0xBC8E, 0xBC8E, 0xBC8E, 0xBC8E, 0xBC8E, 0xBC8E,
 0xBC8E, 0xBC8E, 0xBC8E, 0xBC8E, 0xBC8E, 0xBC8E, 0xBC8E, 0xBC8E, 0xBC8E, 0xBC8E, 0xFFFF, 0xBC8E, 0xBC8E, 0xBC8E, 0xBC8E, 0xBC8E,
 0xBC8E, 0xBC8E, 0xBC8E, 0xBC8E, 0xFFFF, 0xBC8E, 0xBC8E, 0xBC8E, 0xBC8E, 0xBC8E, 0xBC8E, 0xBC8E, 0xBC8E, 0xBC8E, 0xBC8E, 0xBC8E,
 0xBC8E, 0xBC8E, 0xBC8E, 0xBC8E, 0xBC8E, 0xBC8E, 0xBC8E, 0xBC8E, 0xBC8E, 0xBC8E, 0xBC8E, 0xBC8E, 0xBC8E, 0xBC8E, 0xBC8E, 0xBC8E,
 0xBC8E, 0xBC8E, 0xBC8E, 0xBC8E, 0xBC8E, 0xBC8E, 0xBC8E, 0xBC8E, 0xFFFF, 0xBC8E, 0xBC8E, 0xBC8E, 0xBC8E, 0xFFFF, 0xBC8E, 0xBC8E,
 0xBC8E, 0xBC8E, 0xBC8E, 0xBC8E, 0xBC8E, 0xBC8E, 0xBC8E, 0xBC8E, 0xBC8E, 0xBC8E, 0xBC8E, 0xBC8E, 0xBC8E, 0xBC8E, 0xBC8E, 0xBC8E,
 0xBC8E, 0xBC8E, 0xBC8E, 0xBC8E, 0xBC8E, 0xBC8E, 0xBC8E, 0xBC8E, 0xBC8E, 0xBC8E, 0xBC8E, 0xBC8E, 0xBC8E, 0xBC8E, 0xBC8E, 0xBC8E,
 0xBC8E, 0xFFFF, 0xBC8E, 0xBC8E, 0xBC8E, 0xBC8E, 0xFFFF, 0xBC8E, 0xBC8E, 0xBC8E, 0xBC8E, 0xBC8E, 0xBC8E, 0xBC8E, 0xBC8E, 0xBC8E,
 0xBC8E, 0xBC8E, 0xBC8E, 0xBC8E, 0xBC8E, 0xBC8E, 0xBC8E, 0xBC8E, 0xBC8E, 0xBC8E, 0xBC8E, 0xBC8E, 0xBC8E, 0xBC8E, 0xBC8E, 0xBC8E,
 0xBC8E, 0xBC8E, 0xBC8E, 0xBC8E, 0xBC8E, 0xBC8E, 0xBC8E, 0xBC8E, 0xBC8E, 0xBC8E, 0xFFFF, 0xBC8E, 0xBC8E, 0xBC8E, 0xBC8E, 0xBC8E,
 0xBC8E, 0xBC8E, 0xBC8E, 0xBC8E, 0xFFFF, 0xBC8E, 0xBC8E, 0xBC8E, 0xBC8E, 0xBC8E, 0xBC8E, 0xBC8E, 0xBC8E, 0xBC8E, 0xBC8E, 0xBC8E,
 0xBC8E, 0xBC8E, 0xBC8E, 0xBC8E, 0xBC8E, 0xBC8E, 0xBC8E, 0xBC8E, 0xBC8E, 0xBC8E, 0xBC8E, 0xBC8E, 0xBC8E, 0xBC8E, 0xBC8E, 0xBC8E,
 0xBC8E, 0xBC8E, 0xBC8E, 0xBC8E, 0xBC8E, 0xBC8E, 0xBC8E, 0xBC8E, 0xFFFF, 0xBC8E, 0xBC8E, 0xBC8E, 0xBC8E, 0xFFFF, 0xBC8E, 0xBC8E,
 0xBC8E, 0xBC8E, 0xBC8E, 0xBC8E, 0xBC8E, 0xBC8E, 0xBC8E, 0xBC8E, 0xBC8E, 0xBC8E, 0xBC8E, 0xBC8E, 0xBC8E, 0xBC8E, 0xBC8E, 0xBC8E,
 0xBC8E, 0xBC8E, 0xBC8E, 0xBC8E, 0xBC8E, 0xBC8E, 0xBC8E, 0xBC8E, 0xBC8E, 0xBC8E, 0xBC8E, 0xBC8E, 0xBC8E, 0xBC8E, 0xBC8E, 0xBC8E,
 0xBC8E, 0xFFFF, 0xBC8E, 0xBC8E, 0xBC8E, 0xBC8E, 0xFFFF, 0xBC8E, 0xBC8E, 0xBC8E, 0xBC8E, 0xBC8E, 0xBC8E, 0xBC8E, 0xBC8E, 0xBC8E,
 0xBC8E, 0xBC8E, 0xBC8E, 0xBC8E, 0xBC8E, 0xBC8E, 0xBC8E, 0xBC8E, 0xBC8E, 0xBC8E, 0xBC8E, 0xBC8E, 0xBC8E, 0xBC8E, 0xBC8E, 0xBC8E,
 0xBC8E, 0xBC8E, 0xBC8E, 0xBC8E, 0xBC8E, 0xBC8E, 0xBC8E, 0xBC8E, 0xBC8E, 0xBC8E, 0xFFFF, 0xBC8E, 0xBC8E, 0xBC8E, 0xBC8E, 0xBC8E,
 0xBC8E, 0xBC8E, 0xBC8E, 0xBC8E, 0xFFFF, 0xBC8E, 0xBC8E, 0xBC8E, 0xBC8E, 0xBC8E, 0xBC8E, 0xBC8E, 0xBC8E, 0xBC8E, 0xBC8E, 0xBC8E,
 0xBC8E, 0xBC8E, 0xBC8E, 0xBC8E, 0xBC8E, 0xBC8E, 0xBC8E, 0xBC8E, 0xBC8E, 0xBC8E, 0xBC8E, 0xBC8E, 0xBC8E, 0xBC8E, 0xBC8E, 0xBC8E,
 0xBC8E, 0xBC8E, 0xBC8E, 0xBC8E, 0xBC8E, 0xBC8E, 0xBC8E, 0xBC8E, 0xFFFF, 0xBC8E, 0xBC8E, 0xBC8E, 0xBC8E, 0xFFFF, 0xBC8E, 0xBC8E,
 0xBC8E, 0xBC8E, 0xBC8E, 0xBC8E, 0xBC8E, 0xBC8E, 0xBC8E, 0xBC8E, 0xBC8E, 0xBC8E, 0xBC8E, 0xBC8E, 0xBC8E, 0xBC8E, 0xBC8E, 0xBC8E,
 0xBC8E, 0xBC8E, 0xBC8E, 0xBC8E, 0xBC8E, 0xBC8E, 0xBC8E, 0xBC8E, 0xBC8E, 0xBC8E, 0xBC8E, 0xBC8E, 0xBC8E, 0xBC8E, 0xBC8E, 0xBC8E,
 0xBC8E, 0xFFFF, 0xBC8E, 0xBC8E, 0xBC8E, 0xBC8E, 0xFFFF, 0xBC8E, 0xBC8E, 0xBC8E, 0xBC8E, 0xBC8E, 0xBC8E, 0xBC8E, 0xBC8E, 0xBC8E,
 0xBC8E, 0xBC8E, 0xBC8E, 0xBC8E, 0xBC8E, 0xBC8E, 0xBC8E, 0xBC8E, 0xBC8E, 0xBC8E, 0xBC8E, 0xBC8E, 0xBC8E, 0xBC8E, 0xBC8E, 0xBC8E,
 0xBC8E, 0xBC8E, 0xBC8E, 0xBC8E, 0xBC8E, 0xBC8E, 0xBC8E, 0xBC8E, 0xBC8E, 0xBC8E, 0xFFFF, 0xBC8E, 0xBC8E, 0xBC8E, 0xBC8E, 0xBC8E,
 0xBC8E, 0xBC8E, 0xBC8E, 0xBC8E, 0xFFFF, 0xBC8E, 0xBC8E, 0xBC8E, 0xBC8E, 0xBC8E, 0xBC8E, 0xBC8E, 0xBC8E, 0xBC8E, 0xBC8E, 0xBC8E,
 0xBC8E, 0xBC8E, 0xBC8E, 0xBC8E, 0xBC8E, 0xBC8E, 0xBC8E, 0xBC8E, 0xBC8E, 0xBC8E, 0xBC8E, 0xBC8E, 0xBC8E, 0xBC8E, 0xBC8E, 0xBC8E,
 0xBC8E, 0xBC8E, 0xBC8E, 0xBC8E, 0xBC8E, 0xBC8E, 0xBC8E, 0xBC8E, 0xFFFF, 0xBC8E, 0xBC8E, 0xBC8E, 0xBC8E, 0xFFFF, 0xBC8E, 0xBC8E,
 0xBC8E, 0xBC8E, 0xBC8E, 0xBC8E, 0xBC8E, 0xBC8E, 0xBC8E, 0xBC8E, 0xBC8E, 0xBC8E, 0xBC8E, 0xBC8E, 0xBC8E, 0xBC8E, 0xBC8E, 0xBC8E,
 0xBC8E, 0xBC8E, 0xBC8E, 0xBC8E, 0xBC8E, 0xBC8E, 0xBC8E, 0xBC8E, 0xBC8E, 0xBC8E, 0xBC8E, 0xBC8E, 0xBC8E, 0xBC8E, 0xBC8E, 0xBC8E,
 0xBC8E, 0xFFFF, 0xBC8E, 0xBC8E, 0xBC8E, 0xBC8E, 0xFFFF, 0xBC8E, 0xBC8E, 0xBC8E, 0xBC8E, 0xBC8E, 0xBC8E, 0xBC8E, 0xBC8E, 0xBC8E,
 0xBC8E, 0xBC8E, 0xBC8E, 0xBC8E, 0xBC8E, 0xBC8E, 0xBC8E, 0xBC8E, 0xBC8E, 0xBC8E, 0xBC8E, 0xBC8E, 0xBC8E, 0xBC8E, 0xBC8E, 0xBC8E,
 0xBC8E, 0xBC8E, 0xBC8E, 0xBC8E, 0xBC8E, 0xBC8E, 0xBC8E, 0xBC8E, 0xBC8E, 0xBC8E, 0xFFFF, 0xBC8E, 0xBC8E, 0xBC8E, 0xBC8E, 0xBC8E,
 0xBC8E, 0xBC8E, 0xBC8E, 0xBC8E, 0xFFFF, 0xFFFF, 0xFFFF, 0xFFFF, 0xFFFF, 0xFFFF, 0xFFFF, 0xFFFF, 0xFFFF, 0xFFFF, 0xFFFF, 0xFFFF,
 0xFFFF, 0xFFFF, 0xFFFF, 0xFFFF, 0xFFFF, 0xFFFF, 0xFFFF, 0xFFFF, 0xFFFF, 0xFFFF, 0xFFFF, 0xFFFF, 0xFFFF, 0xFFFF, 0xFFFF, 0xFFFF,
 0xFFFF, 0xFFFF, 0xFFFF, 0xFFFF, 0xFFFF, 0xFFFF, 0xFFFF, 0xFFFF, 0xFFFF, 0xBC8E, 0xBC8E, 0xBC8E, 0xBC8E, 0xFFFF, 0xFFFF, 0xFFFF,
 0xFFFF, 0xFFFF, 0xFFFF, 0xFFFF, 0xFFFF, 0xFFFF, 0xFFFF, 0xFFFF, 0xFFFF, 0xFFFF, 0xFFFF, 0xFFFF, 0xFFFF, 0xFFFF, 0xFFFF, 0xFFFF,
 0xFFFF, 0xFFFF, 0xFFFF, 0xFFFF, 0xFFFF, 0xFFFF, 0xFFFF, 0xFFFF, 0xFFFF, 0xFFFF, 0xFFFF, 0xFFFF, 0xFFFF, 0xFFFF, 0xFFFF, 0xFFFF,
 0xFFFF, 0xFFFF, 0xBC8E, 0xBC8E, 0xBC8E, 0xBC8E, 0xFFFF, 0xFFFF, 0xFFFF, 0xFFFF, 0xFFFF, 0xFFFF, 0xFFFF, 0xFFFF, 0xFFFF, 0xFFFF,
 0xFFFF, 0xFFFF, 0xFFFF, 0xFFFF, 0xFFFF, 0xFFFF, 0xFFFF, 0xFFFF, 0xFFFF, 0xFFFF, 0xFFFF, 0xFFFF, 0xFFFF, 0xFFFF, 0xFFFF, 0xFFFF,
 0xFFFF, 0xFFFF, 0xFFFF, 0xFFFF, 0xFFFF, 0xFFFF, 0xFFFF, 0xFFFF, 0xFFFF, 0xFFFF, 0xFFFF, 0xBC8E, 0xBC8E, 0xBC8E, 0xBC8E, 0xBC8E,
 0xBC8E, 0xBC8E, 0xBC8E, 0xBC8E, 0xBC8E, 0xBC8E, 0xBC8E, 0xBC8E, 0xBC8E, 0xBC8E, 0xBC8E, 0xBC8E, 0xBC8E, 0xBC8E, 0xBC8E, 0xBC8E,
 0xBC8E, 0xBC8E, 0xBC8E, 0xBC8E, 0xBC8E, 0xBC8E, 0xBC8E, 0xBC8E, 0xBC8E, 0xBC8E, 0xBC8E, 0xBC8E, 0xBC8E, 0xBC8E, 0xBC8E, 0xBC8E,
 0xBC8E, 0xBC8E, 0xBC8E, 0xBC8E, 0xBC8E, 0xBC8E, 0xBC8E, 0xBC8E, 0xBC8E, 0xBC8E, 0xBC8E, 0xBC8E, 0xBC8E, 0xBC8E, 0xBC8E, 0xBC8E,
 0xBC8E, 0xBC8E, 0xBC8E, 0xBC8E, 0xBC8E, 0xBC8E, 0xBC8E, 0xBC8E, 0xBC8E, 0xBC8E, 0xBC8E, 0xBC8E, 0xBC8E, 0xBC8E, 0xBC8E, 0xBC8E,
 0xBC8E, 0xBC8E, 0xBC8E, 0xBC8E, 0xBC8E, 0xBC8E, 0xBC8E, 0xBC8E, 0xBC8E, 0xBC8E, 0xBC8E, 0xBC8E, 0xBC8E, 0xBC8E, 0xBC8E, 0xBC8E,
 0xBC8E, 0xBC8E, 0xBC8E, 0xBC8E, 0xBC8E, 0xBC8E, 0xBC8E, 0xBC8E, 0xBC8E, 0xBC8E, 0xBC8E, 0xBC8E, 0xBC8E, 0xBC8E, 0xBC8E, 0xBC8E,
 0xBC8E, 0xBC8E, 0xBC8E, 0xBC8E, 0xBC8E, 0xBC8E, 0xBC8E, 0xBC8E, 0xBC8E, 0xBC8E, 0xBC8E, 0xBC8E, 0xBC8E, 0xBC8E, 0xBC8E, 0xBC8E,
 0xBC8E, 0xBC8E, 0xBC8E, 0xBC8E, 0xBC8E, 0xBC8E, 0xBC8E, 0xBC8E, 0xBC8E, 0xBC8E, 0xBC8E, 0xBC8E, 0xBC8E, 0xBC8E, 0xBC8E, 0xBC8E,
 0xBC8E, 0xBC8E, 0xBC8E, 0xBC8E, 0xBC8E, 0xBC8E, 0xBC8E, 0xBC8E, 0xBC8E, 0xBC8E, 0xBC8E, 0xBC8E, 0xBC8E, 0xBC8E, 0xBC8E, 0xBC8E,
 0xBC8E, 0xBC8E, 0xBC8E, 0xBC8E, 0xBC8E, 0xBC8E, 0xBC8E, 0xBC8E, 0xBC8E, 0xBC8E, 0xBC8E, 0xBC8E, 0xBC8E, 0xBC8E, 0xBC8E, 0xBC8E,
 0xBC8E, 0xBC8E, 0xBC8E, 0xBC8E, 0xBC8E, 0xBC8E, 0xBC8E, 0xBC8E, 0xBC8E, 0xBC8E, 0xBC8E, 0xBC8E, 0xBC8E, 0xBC8E, 0xBC8E, 0xBC8E,
 0xBC8E, 0xBC8E, 0xBC8E, 0xBC8E, 0xBC8E, 0xBC8E, 0xBC8E, 0xBC8E, 0xBC8E, 0xBC8E, 0xBC8E, 0xBC8E, 0xBC8E, 0xBC8E, 0xBC8E, 0xBC8E,
 0xBC8E, 0xBC8E, 0xBC8E, 0xBC8E, 0xBC8E, 0xBC8E, 0xBC8E, 0xBC8E, 0xBC8E, 0xBC8E, 0xBC8E, 0xBC8E, 0xBC8E, 0xBC8E, 0xBC8E, 0xBC8E,
 0xBC8E, 0xBC8E, 0xBC8E, 0xBC8E, 0xBC8E, 0xBC8E, 0xBC8E, 0xBC8E, 0xBC8E, 0xBC8E, 0xBC8E, 0xBC8E, 0xBC8E, 0xBC8E, 0xBC8E, 0xBC8E,
 0xBC8E, 0xBC8E, 0xBC8E, 0xBC8E, 0xBC8E, 0xBC8E, 0xBC8E, 0xBC8E, 0xBC8E, 0xBC8E, 0xBC8E, 0xBC8E, 0xBC8E, 0xBC8E, 0xBC8E, 0xBC8E,
 0xBC8E, 0xBC8E, 0xBC8E, 0xBC8E, 0xBC8E, 0xBC8E, 0xBC8E, 0xBC8E, 0xBC8E, 0xBC8E, 0xBC8E, 0xBC8E, 0xBC8E, 0xBC8E, 0xBC8E, 0xBC8E,
 0xBC8E, 0xBC8E, 0xBC8E, 0xBC8E, 0xBC8E, 0xBC8E, 0xBC8E, 0xBC8E, 0xBC8E, 0xBC8E, 0xBC8E, 0xBC8E, 0xBC8E, 0xBC8E, 0xBC8E, 0xBC8E,
 0xBC8E, 0xBC8E, 0xBC8E, 0xBC8E, 0xBC8E, 0xBC8E, 0xBC8E, 0xBC8E, 0xBC8E, 0xBC8E, 0xBC8E, 0xBC8E, 0xBC8E, 0xBC8E, 0xBC8E, 0xBC8E,
 0xBC8E, 0xBC8E, 0xBC8E, 0xBC8E, 0xBC8E, 0xBC8E, 0xBC8E, 0xBC8E, 0xBC8E, 0xBC8E, 0xBC8E, 0xBC8E, 0xBC8E, 0xBC8E, 0xBC8E, 0xBC8E,
 0xBC8E, 0xBC8E, 0xBC8E, 0xBC8E, 0xBC8E, 0xBC8E, 0xBC8E, 0xBC8E, 0xBC8E, 0xBC8E, 0xBC8E, 0xBC8E, 0xBC8E, 0xBC8E, 0xBC8E, 0xBC8E,
 0xBC8E, 0xBC8E, 0xBC8E, 0xBC8E, 0xBC8E, 0xBC8E, 0xBC8E, 0xBC8E, 0xBC8E, 0xBC8E, 0xBC8E, 0xBC8E, 0xBC8E, 0xBC8E, 0xBC8E, 0xBC8E,
 0xBC8E, 0xBC8E, 0xBC8E, 0xBC8E, 0xBC8E, 0xBC8E, 0xBC8E, 0xBC8E, 0xBC8E, 0xBC8E, 0xBC8E, 0xBC8E, 0xBC8E, 0xBC8E, 0xBC8E, 0xBC8E,
 0xBC8E, 0xBC8E, 0xBC8E, 0xBC8E, 0xBC8E, 0xBC8E, 0xBC8E, 0xBC8E, 0xBC8E, 0xBC8E, 0xBC8E, 0xBC8E, 0xBC8E, 0xBC8E, 0xBC8E, 0xBC8E,
 0xBC8E, 0xBC8E, 0xBC8E, 0xBC8E, 0xBC8E, 0xBC8E, 0xBC8E, 0xBC8E, 0xBC8E, 0xBC8E, 0xBC8E, 0xBC8E, 0xBC8E, 0xBC8E, 0xBC8E, 0xBC8E,
 0xBC8E, 0xBC8E, 0xBC8E, 0xBC8E, 0xBC8E, 0xBC8E, 0xBC8E, 0xBC8E, 0xBC8E, 0xBC8E, 0xBC8E, 0xBC8E, 0xBC8E, 0xBC8E, 0xBC8E, 0xBC8E,
 0xBC8E, 0xBC8E, 0xBC8E, 0xBC8E, 0xBC8E, 0xBC8E, 0xBC8E, 0xBC8E, 0xBC8E, 0xBC8E, 0xBC8E, 0xBC8E, 0xBC8E, 0xBC8E, 0xBC8E, 0xBC8E,
 0xBC8E, 0xBC8E, 0xBC8E, 0xBC8E, 0xBC8E, 0xBC8E, 0xBC8E, 0xBC8E, 0xBC8E, 0xBC8E, 0xBC8E, 0xBC8E, 0xBC8E, 0xBC8E, 0xBC8E, 0xBC8E,
 0xBC8E, 0xBC8E, 0xBC8E, 0xBC8E, 0xBC8E, 0xBC8E, 0xBC8E, 0xBC8E, 0xBC8E, 0xBC8E, 0xBC8E, 0xBC8E, 0xBC8E, 0xBC8E, 0xBC8E, 0xBC8E,
 0xBC8E, 0xBC8E, 0xBC8E, 0xBC8E, 0xBC8E, 0xBC8E, 0xBC8E, 0xBC8E, 0xBC8E, 0xBC8E, 0xBC8E, 0xBC8E, 0xBC8E, 0xBC8E, 0xBC8E, 0xBC8E,
 0xBC8E, 0xBC8E, 0xBC8E, 0xBC8E, 0xBC8E, 0xBC8E, 0xBC8E, 0xBC8E, 0xBC8E, 0xBC8E, 0xBC8E, 0xBC8E, 0xBC8E, 0xBC8E, 0xBC8E, 0xBC8E,
 0xBC8E, 0xBC8E, 0xBC8E, 0xBC8E, 0xBC8E, 0xBC8E, 0xBC8E, 0xBC8E, 0xBC8E, 0xBC8E, 0xBC8E, 0xBC8E, 0xBC8E, 0xBC8E, 0xBC8E, 0xBC8E,
 0xBC8E, 0xBC8E, 0xBC8E, 0xBC8E, 0xBC8E, 0xBC8E, 0xBC8E, 0xBC8E, 0xBC8E, 0xBC8E, 0xBC8E, 0xBC8E, 0xBC8E, 0xBC8E, 0xBC8E, 0xBC8E,
 0xBC8E, 0xBC8E, 0xBC8E, 0xBC8E, 0xBC8E, 0xBC8E, 0xBC8E, 0xBC8E, 0xBC8E, 0xBC8E, 0xBC8E, 0xBC8E, 0xBC8E, 0xBC8E, 0xBC8E, 0xBC8E,
 0xBC8E, 0xBC8E, 0xBC8E, 0xBC8E, 0xBC8E, 0xBC8E, 0xBC8E, 0xBC8E, 0xBC8E, 0xBC8E, 0xBC8E, 0xBC8E, 0xBC8E, 0xBC8E, 0xBC8E, 0xBC8E,
 0xBC8E, 0xBC8E, 0xBC8E, 0xBC8E, 0xBC8E, 0xBC8E, 0xBC8E, 0xBC8E, 0xBC8E, 0xBC8E, 0xBC8E, 0xBC8E, 0xBC8E, 0xBC8E, 0xBC8E, 0xBC8E,
 0xBC8E, 0xBC8E, 0xBC8E, 0xBC8E, 0xBC8E, 0xBC8E, 0xBC8E, 0xBC8E, 0xBC8E, 0xBC8E, 0xBC8E, 0xBC8E, 0xBC8E, 0xBC8E, 0xBC8E, 0xBC8E,
 0xBC8E, 0xBC8E, 0xBC8E, 0xBC8E, 0xBC8E, 0xBC8E, 0xBC8E, 0xBC8E, 0xBC8E, 0xBC8E, 0xBC8E, 0xBC8E, 0xBC8E, 0xBC8E, 0xBC8E, 0xBC8E,
 0xBC8E, 0xBC8E, 0xBC8E, 0xBC8E, 0xBC8E, 0xBC8E, 0xBC8E, 0xBC8E, 0xBC8E, 0xBC8E, 0xBC8E, 0xBC8E, 0xBC8E, 0xBC8E, 0xBC8E, 0xBC8E,
 0xBC8E, 0xBC8E, 0xBC8E, 0xBC8E, 0xBC8E, 0xBC8E, 0xBC8E, 0xBC8E, 0xBC8E, 0xBC8E, 0xBC8E, 0xBC8E, 0xBC8E, 0xBC8E, 0xBC8E, 0xBC8E,
 0xBC8E, 0xBC8E, 0xBC8E, 0xBC8E, 0xBC8E, 0xBC8E, 0xBC8E, 0xBC8E, 0xBC8E, 0xBC8E, 0xBC8E, 0xBC8E, 0xBC8E, 0xBC8E, 0xBC8E, 0xBC8E,
 0xBC8E, 0xBC8E, 0xBC8E, 0xBC8E, 0xBC8E, 0xBC8E, 0xBC8E, 0xBC8E, 0xBC8E, 0xBC8E, 0xBC8E, 0xBC8E, 0xBC8E, 0xBC8E, 0xBC8E, 0xBC8E,
 0xBC8E, 0xBC8E, 0xBC8E, 0xBC8E, 0xBC8E, 0xBC8E, 0xBC8E, 0xBC8E, 0xBC8E, 0xBC8E, 0xBC8E, 0xBC8E, 0xBC8E, 0xBC8E, 0xBC8E, 0xBC8E,
 0xBC8E, 0xBC8E, 0xBC8E, 0xBC8E, 0xBC8E, 0xBC8E, 0xBC8E, 0xBC8E, 0xBC8E, 0xBC8E, 0xBC8E, 0xBC8E, 0xBC8E, 0xBC8E, 0xBC8E, 0xBC8E,
 0xBC8E, 0xBC8E, 0xBC8E, 0xBC8E, 0xBC8E, 0xBC8E, 0xBC8E, 0xBC8E, 0xBC8E, 0xBC8E, 0xBC8E, 0xBC8E, 0xBC8E, 0xBC8E, 0xBC8E, 0xBC8E,
 0xBC8E, 0xBC8E, 0xBC8E, 0xBC8E, 0xBC8E, 0xBC8E, 0xBC8E, 0xBC8E, 0xBC8E, 0xBC8E, 0xBC8E, 0xBC8E, 0xBC8E, 0xBC8E, 0xBC8E, 0xBC8E,
 0xBC8E, 0xBC8E, 0xBC8E, 0xBC8E, 0xBC8E, 0xBC8E, 0xBC8E, 0xBC8E, 0xBC8E, 0xBC8E, 0xBC8E, 0xBC8E, 0xBC8E, 0xBC8E, 0xBC8E, 0xBC8E,
 0xBC8E, 0xBC8E, 0xBC8E, 0xBC8E, 0xBC8E, 0xBC8E, 0xBC8E, 0xBC8E, 0xBC8E, 0xBC8E, 0xBC8E, 0xBC8E, 0xBC8E, 0xBC8E, 0xBC8E, 0xBC8E,
 0xBC8E, 0xBC8E, 0xBC8E, 0xBC8E, 0xBC8E, 0xBC8E, 0xBC8E, 0xBC8E, 0xBC8E, 0xBC8E, 0xBC8E, 0xBC8E, 0xBC8E, 0xBC8E, 0xBC8E, 0xBC8E,
 0xBC8E, 0xBC8E, 0xBC8E, 0xBC8E, 0xBC8E, 0xBC8E, 0xBC8E, 0xBC8E, 0xBC8E, 0xBC8E, 0xBC8E, 0xBC8E, 0xBC8E, 0xBC8E, 0xBC8E, 0xBC8E,
 0xFFFF, 0xFFFF, 0xFFFF, 0xFFFF, 0xFFFF, 0xFFFF, 0xFFFF, 0xFFFF, 0xFFFF, 0xFFFF, 0xFFFF, 0xFFFF, 0xFFFF, 0xFFFF, 0xFFFF, 0xFFFF,
 0xFFFF, 0xFFFF, 0xFFFF, 0xFFFF, 0xFFFF, 0xFFFF, 0xFFFF, 0xFFFF, 0xFFFF, 0xFFFF, 0xFFFF, 0xFFFF, 0xFFFF, 0xFFFF, 0xFFFF, 0xFFFF,
 0xFFFF, 0xFFFF, 0xFFFF, 0xFFFF, 0xFFFF, 0xFFFF, 0xFFFF, 0xFFFF, 0xFFFF, 0xFFFF, 0xFFFF, 0xFFFF, 0xFFFF, 0xFFFF, 0xFFFF, 0xFFFF,
 0xFFFF, 0xFFFF, 0xFFFF, 0xFFFF, 0xFFFF, 0xFFFF, 0xFFFF, 0xFFFF, 0xFFFF, 0xFFFF, 0xFFFF, 0xFFFF, 0xFFFF, 0xFFFF, 0xFFFF, 0xFFFF,
 0xFFFF, 0xFFFF, 0xFFFF, 0xFFFF, 0xFFFF, 0xFFFF, 0xFFFF, 0xFFFF, 0xFFFF, 0xFFFF, 0xFFFF, 0xFFFF, 0xFFFF, 0xFFFF, 0xFFFF, 0xFFFF,
 0xFFFF, 0xFFFF, 0xFFFF, 0xFFFF, 0xFFFF, 0xFFFF, 0xFFFF, 0xFFFF, 0xFFFF, 0xFFFF, 0xFFFF, 0xFFFF, 0xFFFF, 0xFFFF, 0xFFFF, 0xFFFF,
 0xBC8E, 0xBC8E, 0xBC8E, 0xBC8E, 0xBC8E, 0xBC8E, 0xBC8E, 0xBC8E, 0xBC8E, 0xBC8E, 0xBC8E, 0xBC8E, 0xBC8E, 0xBC8E, 0xBC8E, 0xBC8E,
 0xBC8E, 0xBC8E, 0xBC8E, 0xBC8E, 0xBC8E, 0xBC8E, 0xBC8E, 0xBC8E, 0xBC8E, 0xBC8E, 0xBC8E, 0xBC8E, 0xBC8E, 0xBC8E, 0xBC8E, 0xBC8E,
 0xFFFF, 0xBC8E, 0xBC8E, 0xBC8E, 0xBC8E, 0xBC8E, 0xBC8E, 0xBC8E, 0xBC8E, 0xBC8E, 0xBC8E, 0xBC8E, 0xFFFF, 0xBC8E, 0xBC8E, 0xBC8E,
 0xBC8E, 0xBC8E, 0xBC8E, 0xBC8E, 0xBC8E, 0xBC8E, 0xBC8E, 0xBC8E, 0xFFFF, 0xBC8E, 0xBC8E, 0xBC8E, 0xBC8E, 0xBC8E, 0xBC8E, 0xBC8E,
 0xBC8E, 0xBC8E, 0xBC8E, 0xFFFF, 0xBC8E, 0xBC8E, 0xBC8E, 0xBC8E, 0xBC8E, 0xBC8E, 0xBC8E, 0xBC8E, 0xBC8E, 0xBC8E, 0xBC8E, 0xFFFF,
 0xBC8E, 0xBC8E, 0xBC8E, 0xBC8E, 0xBC8E, 0xBC8E, 0xBC8E, 0xBC8E, 0xBC8E, 0xBC8E, 0xBC8E, 0xFFFF, 0xBC8E, 0xBC8E, 0xBC8E, 0xBC8E,
 0xBC8E, 0xBC8E, 0xBC8E, 0xBC8E, 0xBC8E, 0xBC8E, 0xBC8E, 0xFFFF, 0xBC8E, 0xBC8E, 0xBC8E, 0xBC8E, 0xBC8E, 0xBC8E, 0xBC8E, 0xBC8E,
 0xBC8E, 0xBC8E, 0xBC8E, 0xFFFF, 0xBC8E, 0xBC8E, 0xBC8E, 0xBC8E, 0xBC8E, 0xBC8E, 0xBC8E, 0xBC8E, 0xBC8E, 0xBC8E, 0xBC8E, 0xFFFF,
 0xBC8E, 0xBC8E, 0xBC8E, 0xBC8E, 0xBC8E, 0xBC8E, 0xBC8E, 0xBC8E, 0xBC8E, 0xBC8E, 0xBC8E, 0xBC8E, 0xBC8E, 0xBC8E, 0xBC8E, 0xBC8E,
 0xBC8E, 0xBC8E, 0xBC8E, 0xBC8E, 0xBC8E, 0xBC8E, 0xBC8E, 0xBC8E, 0xBC8E, 0xBC8E, 0xBC8E, 0xBC8E, 0xBC8E, 0xBC8E, 0xBC8E, 0xBC8E,
 0xFFFF, 0xBC8E, 0xBC8E, 0xBC8E, 0xBC8E, 0xBC8E, 0xBC8E, 0xBC8E, 0xBC8E, 0xBC8E, 0xBC8E, 0xBC8E, 0xFFFF, 0xBC8E, 0xBC8E, 0xBC8E,
 0xBC8E, 0xBC8E, 0xBC8E, 0xBC8E, 0xBC8E, 0xBC8E, 0xBC8E, 0xBC8E, 0xFFFF, 0xBC8E, 0xBC8E, 0xBC8E, 0xBC8E, 0xBC8E, 0xBC8E, 0xBC8E,
 0xBC8E, 0xBC8E, 0xBC8E, 0xFFFF, 0xBC8E, 0xBC8E, 0xBC8E, 0xBC8E, 0xBC8E, 0xBC8E, 0xBC8E, 0xBC8E, 0xBC8E, 0xBC8E, 0xBC8E, 0xFFFF,
 0xBC8E, 0xBC8E, 0xBC8E, 0xBC8E, 0xBC8E, 0xBC8E, 0xBC8E, 0xBC8E, 0xBC8E, 0xBC8E, 0xBC8E, 0xFFFF, 0xBC8E, 0xBC8E, 0xBC8E, 0xBC8E,
 0xBC8E, 0xBC8E, 0xBC8E, 0xBC8E, 0xBC8E, 0xBC8E, 0xBC8E, 0xFFFF, 0xBC8E, 0xBC8E, 0xBC8E, 0xBC8E, 0xBC8E, 0xBC8E, 0xBC8E, 0xBC8E,
 0xBC8E, 0xBC8E, 0xBC8E, 0xFFFF, 0xBC8E, 0xBC8E, 0xBC8E, 0xBC8E, 0xBC8E, 0xBC8E, 0xBC8E, 0xBC8E, 0xBC8E, 0xBC8E, 0xBC8E, 0xFFFF,
 0xBC8E, 0xBC8E, 0xBC8E, 0xBC8E, 0xBC8E, 0xBC8E, 0xBC8E, 0xBC8E, 0xBC8E, 0xBC8E, 0xBC8E, 0xBC8E, 0xBC8E, 0xBC8E, 0xBC8E, 0xBC8E,
 0xBC8E, 0xBC8E, 0xBC8E, 0xBC8E, 0xBC8E, 0xBC8E, 0xBC8E, 0xBC8E, 0xBC8E, 0xBC8E, 0xBC8E, 0xBC8E, 0xBC8E, 0xBC8E, 0xBC8E, 0xBC8E,
 0xFFFF, 0xBC8E, 0xBC8E, 0xBC8E, 0xBC8E, 0xBC8E, 0xBC8E, 0xBC8E, 0xBC8E, 0xBC8E, 0xBC8E, 0xBC8E, 0xFFFF, 0xBC8E, 0xBC8E, 0xBC8E,
 0xBC8E, 0xBC8E, 0xBC8E, 0xBC8E, 0xBC8E, 0xBC8E, 0xBC8E, 0xBC8E, 0xFFFF, 0xBC8E, 0xBC8E, 0xBC8E, 0xBC8E, 0xBC8E, 0xBC8E, 0xBC8E,
 0xBC8E, 0xBC8E, 0xBC8E, 0xFFFF, 0xBC8E, 0xBC8E, 0xBC8E, 0xBC8E, 0xBC8E, 0xBC8E, 0xBC8E, 0xBC8E, 0xBC8E, 0xBC8E, 0xBC8E, 0xFFFF,
 0xBC8E, 0xBC8E, 0xBC8E, 0xBC8E, 0xBC8E, 0xBC8E, 0xBC8E, 0xBC8E, 0xBC8E, 0xBC8E, 0xBC8E, 0xFFFF, 0xBC8E, 0xBC8E, 0xBC8E, 0xBC8E,
 0xBC8E, 0xBC8E, 0xBC8E, 0xBC8E, 0xBC8E, 0xBC8E, 0xBC8E, 0xFFFF, 0xBC8E, 0xBC8E, 0xBC8E, 0xBC8E, 0xBC8E, 0xBC8E, 0xBC8E, 0xBC8E,
 0xBC8E, 0xBC8E, 0xBC8E, 0xFFFF, 0xBC8E, 0xBC8E, 0xBC8E, 0xBC8E, 0xBC8E, 0xBC8E, 0xBC8E, 0xBC8E, 0xBC8E, 0xBC8E, 0xBC8E, 0xFFFF,
 0xBC8E, 0xBC8E, 0xBC8E, 0xBC8E, 0xBC8E, 0xBC8E, 0xBC8E, 0xBC8E, 0xBC8E, 0xBC8E, 0xBC8E, 0xBC8E, 0xBC8E, 0xBC8E, 0xBC8E, 0xBC8E,
 0xBC8E, 0xBC8E, 0xBC8E, 0xBC8E, 0xBC8E, 0xBC8E, 0xBC8E, 0xBC8E, 0xBC8E, 0xBC8E, 0xBC8E, 0xBC8E, 0xBC8E, 0xBC8E, 0xBC8E, 0xBC8E,
 0xFFFF, 0xBC8E, 0xBC8E, 0xBC8E, 0xBC8E, 0xBC8E, 0xBC8E, 0xBC8E, 0xBC8E, 0xBC8E, 0xBC8E, 0xBC8E, 0xFFFF, 0xBC8E, 0xBC8E, 0xBC8E,
 0xBC8E, 0xBC8E, 0xBC8E, 0xBC8E, 0xBC8E, 0xBC8E, 0xBC8E, 0xBC8E, 0xFFFF, 0xBC8E, 0xBC8E, 0xBC8E, 0xBC8E, 0xBC8E, 0xBC8E, 0xBC8E,
 0xBC8E, 0xBC8E, 0xBC8E, 0xFFFF, 0xBC8E, 0xBC8E, 0xBC8E, 0xBC8E, 0xBC8E, 0xBC8E, 0xBC8E, 0xBC8E, 0xBC8E, 0xBC8E, 0xBC8E, 0xFFFF,
 0xBC8E, 0xBC8E, 0xBC8E, 0xBC8E, 0xBC8E, 0xBC8E, 0xBC8E, 0xBC8E, 0xBC8E, 0xBC8E, 0xBC8E, 0xFFFF, 0xBC8E, 0xBC8E, 0xBC8E, 0xBC8E,
 0xBC8E, 0xBC8E, 0xBC8E, 0xBC8E, 0xBC8E, 0xBC8E, 0xBC8E, 0xFFFF, 0xBC8E, 0xBC8E, 0xBC8E, 0xBC8E, 0xBC8E, 0xBC8E, 0xBC8E, 0xBC8E,
 0xBC8E, 0xBC8E, 0xBC8E, 0xFFFF, 0xBC8E, 0xBC8E, 0xBC8E, 0xBC8E, 0xBC8E, 0xBC8E, 0xBC8E, 0xBC8E, 0xBC8E, 0xBC8E, 0xBC8E, 0xFFFF,
 0xBC8E, 0xBC8E, 0xBC8E, 0xBC8E, 0xBC8E, 0xBC8E, 0xBC8E, 0xBC8E, 0xBC8E, 0xBC8E, 0xBC8E, 0xBC8E, 0xBC8E, 0xBC8E, 0xBC8E, 0xBC8E,
 0xBC8E, 0xBC8E, 0xBC8E, 0xBC8E, 0xBC8E, 0xBC8E, 0xBC8E, 0xBC8E, 0xBC8E, 0xBC8E, 0xBC8E, 0xBC8E, 0xBC8E, 0xBC8E, 0xBC8E, 0xBC8E,
 0xFFFF, 0xBC8E, 0xBC8E, 0xBC8E, 0xBC8E, 0xBC8E, 0xBC8E, 0xBC8E, 0xBC8E, 0xBC8E, 0xBC8E, 0xBC8E, 0xFFFF, 0xBC8E, 0xBC8E, 0xBC8E,
 0xBC8E, 0xBC8E, 0xBC8E, 0xBC8E, 0xBC8E, 0xBC8E, 0xBC8E, 0xBC8E, 0xFFFF, 0xBC8E, 0xBC8E, 0xBC8E, 0xBC8E, 0xBC8E, 0xBC8E, 0xBC8E,
 0xBC8E, 0xBC8E, 0xBC8E, 0xFFFF, 0xBC8E, 0xBC8E, 0xBC8E, 0xBC8E, 0xBC8E, 0xBC8E, 0xBC8E, 0xBC8E, 0xBC8E, 0xBC8E, 0xBC8E, 0xFFFF,
 0xBC8E, 0xBC8E, 0xBC8E, 0xBC8E, 0xBC8E, 0xBC8E, 0xBC8E, 0xBC8E, 0xBC8E, 0xBC8E, 0xBC8E, 0xFFFF, 0xBC8E, 0xBC8E, 0xBC8E, 0xBC8E,
 0xBC8E, 0xBC8E, 0xBC8E, 0xBC8E, 0xBC8E, 0xBC8E, 0xBC8E, 0xFFFF, 0xBC8E, 0xBC8E, 0xBC8E, 0xBC8E, 0xBC8E, 0xBC8E, 0xBC8E, 0xBC8E,
 0xBC8E, 0xBC8E, 0xBC8E, 0xFFFF, 0xBC8E, 0xBC8E, 0xBC8E, 0xBC8E, 0xBC8E, 0xBC8E, 0xBC8E, 0xBC8E, 0xBC8E, 0xBC8E, 0xBC8E, 0xFFFF,
 0xBC8E, 0xBC8E, 0xBC8E, 0xBC8E, 0xBC8E, 0xBC8E, 0xBC8E, 0xBC8E, 0xBC8E, 0xBC8E, 0xBC8E, 0xBC8E, 0xBC8E, 0xBC8E, 0xBC8E, 0xBC8E,
 0xBC8E, 0xBC8E, 0xBC8E, 0xBC8E, 0xBC8E, 0xBC8E, 0xBC8E, 0xBC8E, 0xBC8E, 0xBC8E, 0xBC8E, 0xBC8E, 0xBC8E, 0xBC8E, 0xBC8E, 0xBC8E,
 0xFFFF, 0xBC8E, 0xBC8E, 0xBC8E, 0xBC8E, 0xBC8E, 0xBC8E, 0xBC8E, 0xBC8E, 0xBC8E, 0xBC8E, 0xBC8E, 0xFFFF, 0xBC8E, 0xBC8E, 0xBC8E,
 0xBC8E, 0xBC8E, 0xBC8E, 0xBC8E, 0xBC8E, 0xBC8E, 0xBC8E, 0xBC8E, 0xFFFF, 0xBC8E, 0xBC8E, 0xBC8E, 0xBC8E, 0xBC8E, 0xBC8E, 0xBC8E,
 0xBC8E, 0xBC8E, 0xBC8E, 0xFFFF, 0xBC8E, 0xBC8E, 0xBC8E, 0xBC8E, 0xBC8E, 0xBC8E, 0xBC8E, 0xBC8E, 0xBC8E, 0xBC8E, 0xBC8E, 0xFFFF,
 0xBC8E, 0xBC8E, 0xBC8E, 0xBC8E, 0xBC8E, 0xBC8E, 0xBC8E, 0xBC8E, 0xBC8E, 0xBC8E, 0xBC8E, 0xFFFF, 0xBC8E, 0xBC8E, 0xBC8E, 0xBC8E,
 0xBC8E, 0xBC8E, 0xBC8E, 0xBC8E, 0xBC8E, 0xBC8E, 0xBC8E, 0xFFFF, 0xBC8E, 0xBC8E, 0xBC8E, 0xBC8E, 0xBC8E, 0xBC8E, 0xBC8E, 0xBC8E,
 0xBC8E, 0xBC8E, 0xBC8E, 0xFFFF, 0xBC8E, 0xBC8E, 0xBC8E, 0xBC8E, 0xBC8E, 0xBC8E, 0xBC8E, 0xBC8E, 0xBC8E, 0xBC8E, 0xBC8E, 0xFFFF,
 0xBC8E, 0xBC8E, 0xBC8E, 0xBC8E, 0xBC8E, 0xBC8E, 0xBC8E, 0xBC8E, 0xBC8E, 0xBC8E, 0xBC8E, 0xBC8E, 0xBC8E, 0xBC8E, 0xBC8E, 0xBC8E,
 0xBC8E, 0xBC8E, 0xBC8E, 0xBC8E, 0xBC8E, 0xBC8E, 0xBC8E, 0xBC8E, 0xBC8E, 0xBC8E, 0xBC8E, 0xBC8E, 0xBC8E, 0xBC8E, 0xBC8E, 0xBC8E,
 0xFFFF, 0xBC8E, 0xBC8E, 0xBC8E, 0xBC8E, 0xBC8E, 0xBC8E, 0xBC8E, 0xBC8E, 0xBC8E, 0xBC8E, 0xBC8E, 0xFFFF, 0xBC8E, 0xBC8E, 0xBC8E,
 0xBC8E, 0xBC8E, 0xBC8E, 0xBC8E, 0xBC8E, 0xBC8E, 0xBC8E, 0xBC8E, 0xFFFF, 0xBC8E, 0xBC8E, 0xBC8E, 0xBC8E, 0xBC8E, 0xBC8E, 0xBC8E,
 0xBC8E, 0xBC8E, 0xBC8E, 0xFFFF, 0xBC8E, 0xBC8E, 0xBC8E, 0xBC8E, 0xBC8E, 0xBC8E, 0xBC8E, 0xBC8E, 0xBC8E, 0xBC8E, 0xBC8E, 0xFFFF,
 0xBC8E, 0xBC8E, 0xBC8E, 0xBC8E, 0xBC8E, 0xBC8E, 0xBC8E, 0xBC8E, 0xBC8E, 0xBC8E, 0xBC8E, 0xFFFF, 0xBC8E, 0xBC8E, 0xBC8E, 0xBC8E,
 0xBC8E, 0xBC8E, 0xBC8E, 0xBC8E, 0xBC8E, 0xBC8E, 0xBC8E, 0xFFFF, 0xBC8E, 0xBC8E, 0xBC8E, 0xBC8E, 0xBC8E, 0xBC8E, 0xBC8E, 0xBC8E,
 0xBC8E, 0xBC8E, 0xBC8E, 0xFFFF, 0xBC8E, 0xBC8E, 0xBC8E, 0xBC8E, 0xBC8E, 0xBC8E, 0xBC8E, 0xBC8E, 0xBC8E, 0xBC8E, 0xBC8E, 0xFFFF,
 0xBC8E, 0xBC8E, 0xBC8E, 0xBC8E, 0xBC8E, 0xBC8E, 0xBC8E, 0xBC8E, 0xBC8E, 0xBC8E, 0xBC8E, 0xBC8E, 0xBC8E, 0xBC8E, 0xBC8E, 0xBC8E,
 0xBC8E, 0xBC8E, 0xBC8E, 0xBC8E, 0xBC8E, 0xBC8E, 0xBC8E, 0xBC8E, 0xBC8E, 0xBC8E, 0xBC8E, 0xBC8E, 0xBC8E, 0xBC8E, 0xBC8E, 0xBC8E,
 0xFFFF, 0xBC8E, 0xBC8E, 0xBC8E, 0xBC8E, 0xBC8E, 0xBC8E, 0xBC8E, 0xBC8E, 0xBC8E, 0xBC8E, 0xBC8E, 0xFFFF, 0xBC8E, 0xBC8E, 0xBC8E,
 0xBC8E, 0xBC8E, 0xBC8E, 0xBC8E, 0xBC8E, 0xBC8E, 0xBC8E, 0xBC8E, 0xFFFF, 0xBC8E, 0xBC8E, 0xBC8E, 0xBC8E, 0xBC8E, 0xBC8E, 0xBC8E,
 0xBC8E, 0xBC8E, 0xBC8E, 0xFFFF, 0xBC8E, 0xBC8E, 0xBC8E, 0xBC8E, 0xBC8E, 0xBC8E, 0xBC8E, 0xBC8E, 0xBC8E, 0xBC8E, 0xBC8E, 0xFFFF,
 0xBC8E, 0xBC8E, 0xBC8E, 0xBC8E, 0xBC8E, 0xBC8E, 0xBC8E, 0xBC8E, 0xBC8E, 0xBC8E, 0xBC8E, 0xFFFF, 0xBC8E, 0xBC8E, 0xBC8E, 0xBC8E,
 0xBC8E, 0xBC8E, 0xBC8E, 0xBC8E, 0xBC8E, 0xBC8E, 0xBC8E, 0xFFFF, 0xBC8E, 0xBC8E, 0xBC8E, 0xBC8E, 0xBC8E, 0xBC8E, 0xBC8E, 0xBC8E,
 0xBC8E, 0xBC8E, 0xBC8E, 0xFFFF, 0xBC8E, 0xBC8E, 0xBC8E, 0xBC8E, 0xBC8E, 0xBC8E, 0xBC8E, 0xBC8E, 0xBC8E, 0xBC8E, 0xBC8E, 0xFFFF,
 0xBC8E, 0xBC8E, 0xBC8E, 0xBC8E, 0xBC8E, 0xBC8E, 0xBC8E, 0xBC8E, 0xBC8E, 0xBC8E, 0xBC8E, 0xBC8E, 0xBC8E, 0xBC8E, 0xBC8E, 0xBC8E,
 0xBC8E, 0xBC8E, 0xBC8E, 0xBC8E, 0xBC8E, 0xBC8E, 0xBC8E, 0xBC8E, 0xBC8E, 0xBC8E, 0xBC8E, 0xBC8E, 0xBC8E, 0xBC8E, 0xBC8E, 0xBC8E,
 0xFFFF, 0xBC8E, 0xBC8E, 0xBC8E, 0xBC8E, 0xBC8E, 0xBC8E, 0xBC8E, 0xBC8E, 0xBC8E, 0xBC8E, 0xBC8E, 0xFFFF, 0xBC8E, 0xBC8E, 0xBC8E,
 0xBC8E, 0xBC8E, 0xBC8E, 0xBC8E, 0xBC8E, 0xBC8E, 0xBC8E, 0xBC8E, 0xFFFF, 0xBC8E, 0xBC8E, 0xBC8E, 0xBC8E, 0xBC8E, 0xBC8E, 0xBC8E,
 0xBC8E, 0xBC8E, 0xBC8E, 0xFFFF, 0xBC8E, 0xBC8E, 0xBC8E, 0xBC8E, 0xBC8E, 0xBC8E, 0xBC8E, 0xBC8E, 0xBC8E, 0xBC8E, 0xBC8E, 0xFFFF,
 0xBC8E, 0xBC8E, 0xBC8E, 0xBC8E, 0xBC8E, 0xBC8E, 0xBC8E, 0xBC8E, 0xBC8E, 0xBC8E, 0xBC8E, 0xFFFF, 0xBC8E, 0xBC8E, 0xBC8E, 0xBC8E,
 0xBC8E, 0xBC8E, 0xBC8E, 0xBC8E, 0xBC8E, 0xBC8E, 0xBC8E, 0xFFFF, 0xBC8E, 0xBC8E, 0xBC8E, 0xBC8E, 0xBC8E, 0xBC8E, 0xBC8E, 0xBC8E,
 0xBC8E, 0xBC8E, 0xBC8E, 0xFFFF, 0xBC8E, 0xBC8E, 0xBC8E, 0xBC8E, 0xBC8E, 0xBC8E, 0xBC8E, 0xBC8E, 0xBC8E, 0xBC8E, 0xBC8E, 0xFFFF,
 0xBC8E, 0xBC8E, 0xBC8E, 0xBC8E, 0xBC8E, 0xBC8E, 0xBC8E, 0xBC8E, 0xBC8E, 0xBC8E, 0xBC8E, 0xBC8E, 0xBC8E, 0xBC8E, 0xBC8E, 0xBC8E,
 0xBC8E, 0xBC8E, 0xBC8E, 0xBC8E, 0xBC8E, 0xBC8E, 0xBC8E, 0xBC8E, 0xBC8E, 0xBC8E, 0xBC8E, 0xBC8E, 0xBC8E, 0xBC8E, 0xBC8E, 0xBC8E,
 0xFFFF, 0xBC8E, 0xBC8E, 0xBC8E, 0xBC8E, 0xBC8E, 0xBC8E, 0xBC8E, 0xBC8E, 0xBC8E, 0xBC8E, 0xBC8E, 0xFFFF, 0xBC8E, 0xBC8E, 0xBC8E,
 0xBC8E, 0xBC8E, 0xBC8E, 0xBC8E, 0xBC8E, 0xBC8E, 0xBC8E, 0xBC8E, 0xFFFF, 0xBC8E, 0xBC8E, 0xBC8E, 0xBC8E, 0xBC8E, 0xBC8E, 0xBC8E,
 0xBC8E, 0xBC8E, 0xBC8E, 0xFFFF, 0xBC8E, 0xBC8E, 0xBC8E, 0xBC8E, 0xBC8E, 0xBC8E, 0xBC8E, 0xBC8E, 0xBC8E, 0xBC8E, 0xBC8E, 0xFFFF,
 0xBC8E, 0xBC8E, 0xBC8E, 0xBC8E, 0xBC8E, 0xBC8E, 0xBC8E, 0xBC8E, 0xBC8E, 0xBC8E, 0xBC8E, 0xFFFF, 0xBC8E, 0xBC8E, 0xBC8E, 0xBC8E,
 0xBC8E, 0xBC8E, 0xBC8E, 0xBC8E, 0xBC8E, 0xBC8E, 0xBC8E, 0xFFFF, 0xBC8E, 0xBC8E, 0xBC8E, 0xBC8E, 0xBC8E, 0xBC8E, 0xBC8E, 0xBC8E,
 0xBC8E, 0xBC8E, 0xBC8E, 0xFFFF, 0xBC8E, 0xBC8E, 0xBC8E, 0xBC8E, 0xBC8E, 0xBC8E, 0xBC8E, 0xBC8E, 0xBC8E, 0xBC8E, 0xBC8E, 0xFFFF,
 0xBC8E, 0xBC8E, 0xBC8E, 0xBC8E, 0xBC8E, 0xBC8E, 0xBC8E, 0xBC8E, 0xBC8E, 0xBC8E, 0xBC8E, 0xBC8E, 0xBC8E, 0xBC8E, 0xBC8E, 0xBC8E,
 0xBC8E, 0xBC8E, 0xBC8E, 0xBC8E, 0xBC8E, 0xBC8E, 0xBC8E, 0xBC8E, 0xBC8E, 0xBC8E, 0xBC8E, 0xBC8E, 0xBC8E, 0xBC8E, 0xBC8E, 0xBC8E,
 0xFFFF, 0xFFFF, 0xFFFF, 0xFFFF, 0xFFFF, 0xFFFF, 0xFFFF, 0xFFFF, 0xFFFF, 0xFFFF, 0xFFFF, 0xFFFF, 0xFFFF, 0xFFFF, 0xFFFF, 0xFFFF,
 0xFFFF, 0xFFFF, 0xFFFF, 0xFFFF, 0xFFFF, 0xFFFF, 0xFFFF, 0xFFFF, 0xFFFF, 0xFFFF, 0xFFFF, 0xFFFF, 0xFFFF, 0xFFFF, 0xFFFF, 0xFFFF,
 0xFFFF, 0xFFFF, 0xFFFF, 0xFFFF, 0xFFFF, 0xFFFF, 0xFFFF, 0xFFFF, 0xFFFF, 0xFFFF, 0xFFFF, 0xFFFF, 0xFFFF, 0xFFFF, 0xFFFF, 0xFFFF,
 0xFFFF, 0xFFFF, 0xFFFF, 0xFFFF, 0xFFFF, 0xFFFF, 0xFFFF, 0xFFFF, 0xFFFF, 0xFFFF, 0xFFFF, 0xFFFF, 0xFFFF, 0xFFFF, 0xFFFF, 0xFFFF,
 0xFFFF, 0xFFFF, 0xFFFF, 0xFFFF, 0xFFFF, 0xFFFF, 0xFFFF, 0xFFFF, 0xFFFF, 0xFFFF, 0xFFFF, 0xFFFF, 0xFFFF, 0xFFFF, 0xFFFF, 0xFFFF,
 0xFFFF, 0xFFFF, 0xFFFF, 0xFFFF, 0xFFFF, 0xFFFF, 0xFFFF, 0xFFFF, 0xFFFF, 0xFFFF, 0xFFFF, 0xFFFF, 0xFFFF, 0xFFFF, 0xFFFF, 0xFFFF,
 0xBC8E, 0xBC8E, 0xBC8E, 0xBC8E, 0xBC8E, 0xBC8E, 0xBC8E, 0xBC8E, 0xBC8E, 0xBC8E, 0xBC8E, 0xBC8E, 0xBC8E, 0xBC8E, 0xBC8E, 0xBC8E,
 0xBC8E, 0xBC8E, 0xBC8E, 0xBC8E, 0xBC8E, 0xBC8E, 0xBC8E, 0xBC8E, 0xBC8E, 0xBC8E, 0xBC8E, 0xBC8E, 0xBC8E, 0xBC8E, 0xBC8E, 0xBC8E,
 0xFFFF, 0xBC8E, 0xBC8E, 0xBC8E, 0xBC8E, 0xBC8E, 0xBC8E, 0xBC8E, 0xBC8E, 0xBC8E, 0xBC8E, 0xBC8E, 0xFFFF, 0xBC8E, 0xBC8E, 0xBC8E,
 0xBC8E, 0xBC8E, 0xBC8E, 0xBC8E, 0xBC8E, 0xBC8E, 0xBC8E, 0xBC8E, 0xFFFF, 0xBC8E, 0xBC8E, 0xBC8E, 0xBC8E, 0xBC8E, 0xBC8E, 0xBC8E,
 0xBC8E, 0xBC8E, 0xBC8E, 0xFFFF, 0xBC8E, 0xBC8E, 0xBC8E, 0xBC8E, 0xBC8E, 0xBC8E, 0xBC8E, 0xBC8E, 0xBC8E, 0xBC8E, 0xBC8E, 0xFFFF,
 0xBC8E, 0xBC8E, 0xBC8E, 0xBC8E, 0xBC8E, 0xBC8E, 0xBC8E, 0xBC8E, 0xBC8E, 0xBC8E, 0xBC8E, 0xFFFF, 0xBC8E, 0xBC8E, 0xBC8E, 0xBC8E,
 0xBC8E, 0xBC8E, 0xBC8E, 0xBC8E, 0xBC8E, 0xBC8E, 0xBC8E, 0xFFFF, 0xBC8E, 0xBC8E, 0xBC8E, 0xBC8E, 0xBC8E, 0xBC8E, 0xBC8E, 0xBC8E,
 0xBC8E, 0xBC8E, 0xBC8E, 0xFFFF, 0xBC8E, 0xBC8E, 0xBC8E, 0xBC8E, 0xBC8E, 0xBC8E, 0xBC8E, 0xBC8E, 0xBC8E, 0xBC8E, 0xBC8E, 0xFFFF,
 0xBC8E, 0xBC8E, 0xBC8E, 0xBC8E, 0xBC8E, 0xBC8E, 0xBC8E, 0xBC8E, 0xBC8E, 0xBC8E, 0xBC8E, 0xBC8E, 0xBC8E, 0xBC8E, 0xBC8E, 0xBC8E,
 0xBC8E, 0xBC8E, 0xBC8E, 0xBC8E, 0xBC8E, 0xBC8E, 0xBC8E, 0xBC8E, 0xBC8E, 0xBC8E, 0xBC8E, 0xBC8E, 0xBC8E, 0xBC8E, 0xBC8E, 0xBC8E,
 0xFFFF, 0xBC8E, 0xBC8E, 0xBC8E, 0xBC8E, 0xBC8E, 0xBC8E, 0xBC8E, 0xBC8E, 0xBC8E, 0xBC8E, 0xBC8E, 0xFFFF, 0xBC8E, 0xBC8E, 0xBC8E,
 0xBC8E, 0xBC8E, 0xBC8E, 0xBC8E, 0xBC8E, 0xBC8E, 0xBC8E, 0xBC8E, 0xFFFF, 0xBC8E, 0xBC8E, 0xBC8E, 0xBC8E, 0xBC8E, 0xBC8E, 0xBC8E,
 0xBC8E, 0xBC8E, 0xBC8E, 0xFFFF, 0xBC8E, 0xBC8E, 0xBC8E, 0xBC8E, 0xBC8E, 0xBC8E, 0xBC8E, 0xBC8E, 0xBC8E, 0xBC8E, 0xBC8E, 0xFFFF,
 0xBC8E, 0xBC8E, 0xBC8E, 0xBC8E, 0xBC8E, 0xBC8E, 0xBC8E, 0xBC8E, 0xBC8E, 0xBC8E, 0xBC8E, 0xFFFF, 0xBC8E, 0xBC8E, 0xBC8E, 0xBC8E,
 0xBC8E, 0xBC8E, 0xBC8E, 0xBC8E, 0xBC8E, 0xBC8E, 0xBC8E, 0xFFFF, 0xBC8E, 0xBC8E, 0xBC8E, 0xBC8E, 0xBC8E, 0xBC8E, 0xBC8E, 0xBC8E,
 0xBC8E, 0xBC8E, 0xBC8E, 0xFFFF, 0xBC8E, 0xBC8E, 0xBC8E, 0xBC8E, 0xBC8E, 0xBC8E, 0xBC8E, 0xBC8E, 0xBC8E, 0xBC8E, 0xBC8E, 0xFFFF,
 0xBC8E, 0xBC8E, 0xBC8E, 0xBC8E, 0xBC8E, 0xBC8E, 0xBC8E, 0xBC8E, 0xBC8E, 0xBC8E, 0xBC8E, 0xBC8E, 0xBC8E, 0xBC8E, 0xBC8E, 0xBC8E,
 0xBC8E, 0xBC8E, 0xBC8E, 0xBC8E, 0xBC8E, 0xBC8E, 0xBC8E, 0xBC8E, 0xBC8E, 0xBC8E, 0xBC8E, 0xBC8E, 0xBC8E, 0xBC8E, 0xBC8E, 0xBC8E,
 0xFFFF, 0xBC8E, 0xBC8E, 0xBC8E, 0xBC8E, 0xBC8E, 0xBC8E, 0xBC8E, 0xBC8E, 0xBC8E, 0xBC8E, 0xBC8E, 0xFFFF, 0xBC8E, 0xBC8E, 0xBC8E,
 0xBC8E, 0xBC8E, 0xBC8E, 0xBC8E, 0xBC8E, 0xBC8E, 0xBC8E, 0xBC8E, 0xFFFF, 0xBC8E, 0xBC8E, 0xBC8E, 0xBC8E, 0xBC8E, 0xBC8E, 0xBC8E,
 0xBC8E, 0xBC8E, 0xBC8E, 0xFFFF, 0xBC8E, 0xBC8E, 0xBC8E, 0xBC8E, 0xBC8E, 0xBC8E, 0xBC8E, 0xBC8E, 0xBC8E, 0xBC8E, 0xBC8E, 0xFFFF,
 0xBC8E, 0xBC8E, 0xBC8E, 0xBC8E, 0xBC8E, 0xBC8E, 0xBC8E, 0xBC8E, 0xBC8E, 0xBC8E, 0xBC8E, 0xFFFF, 0xBC8E, 0xBC8E, 0xBC8E, 0xBC8E,
 0xBC8E, 0xBC8E, 0xBC8E, 0xBC8E, 0xBC8E, 0xBC8E, 0xBC8E, 0xFFFF, 0xBC8E, 0xBC8E, 0xBC8E, 0xBC8E, 0xBC8E, 0xBC8E, 0xBC8E, 0xBC8E,
 0xBC8E, 0xBC8E, 0xBC8E, 0xFFFF, 0xBC8E, 0xBC8E, 0xBC8E, 0xBC8E, 0xBC8E, 0xBC8E, 0xBC8E, 0xBC8E, 0xBC8E, 0xBC8E, 0xBC8E, 0xFFFF,
 0xBC8E, 0xBC8E, 0xBC8E, 0xBC8E, 0xBC8E, 0xBC8E, 0xBC8E, 0xBC8E, 0xBC8E, 0xBC8E, 0xBC8E, 0xBC8E, 0xBC8E, 0xBC8E, 0xBC8E, 0xBC8E,
 0xBC8E, 0xBC8E, 0xBC8E, 0xBC8E, 0xBC8E, 0xBC8E, 0xBC8E, 0xBC8E, 0xBC8E, 0xBC8E, 0xBC8E, 0xBC8E, 0xBC8E, 0xBC8E, 0xBC8E, 0xBC8E,
 0xFFFF, 0xBC8E, 0xBC8E, 0xBC8E, 0xBC8E, 0xBC8E, 0xBC8E, 0xBC8E, 0xBC8E, 0xBC8E, 0xBC8E, 0xBC8E, 0xFFFF, 0xBC8E, 0xBC8E, 0xBC8E,
 0xBC8E, 0xBC8E, 0xBC8E, 0xBC8E, 0xBC8E, 0xBC8E, 0xBC8E, 0xBC8E, 0xFFFF, 0xBC8E, 0xBC8E, 0xBC8E, 0xBC8E, 0xBC8E, 0xBC8E, 0xBC8E,
 0xBC8E, 0xBC8E, 0xBC8E, 0xFFFF, 0xBC8E, 0xBC8E, 0xBC8E, 0xBC8E, 0xBC8E, 0xBC8E, 0xBC8E, 0xBC8E, 0xBC8E, 0xBC8E, 0xBC8E, 0xFFFF,
 0xBC8E, 0xBC8E, 0xBC8E, 0xBC8E, 0xBC8E, 0xBC8E, 0xBC8E, 0xBC8E, 0xBC8E, 0xBC8E, 0xBC8E, 0xFFFF, 0xBC8E, 0xBC8E, 0xBC8E, 0xBC8E,
 0xBC8E, 0xBC8E, 0xBC8E, 0xBC8E, 0xBC8E, 0xBC8E, 0xBC8E, 0xFFFF, 0xBC8E, 0xBC8E, 0xBC8E, 0xBC8E, 0xBC8E, 0xBC8E, 0xBC8E, 0xBC8E,
 0xBC8E, 0xBC8E, 0xBC8E, 0xFFFF, 0xBC8E, 0xBC8E, 0xBC8E, 0xBC8E, 0xBC8E, 0xBC8E, 0xBC8E, 0xBC8E, 0xBC8E, 0xBC8E, 0xBC8E, 0xFFFF,
 0xBC8E, 0xBC8E, 0xBC8E, 0xBC8E, 0xBC8E, 0xBC8E, 0xBC8E, 0xBC8E, 0xBC8E, 0xBC8E, 0xBC8E, 0xBC8E, 0xBC8E, 0xBC8E, 0xBC8E, 0xBC8E,
 0xBC8E, 0xBC8E, 0xBC8E, 0xBC8E, 0xBC8E, 0xBC8E, 0xBC8E, 0xBC8E, 0xBC8E, 0xBC8E, 0xBC8E, 0xBC8E, 0xBC8E, 0xBC8E, 0xBC8E, 0xBC8E,
 0xFFFF, 0xBC8E, 0xBC8E, 0xBC8E, 0xBC8E, 0xBC8E, 0xBC8E, 0xBC8E, 0xBC8E, 0xBC8E, 0xBC8E, 0xBC8E, 0xFFFF, 0xBC8E, 0xBC8E, 0xBC8E,
 0xBC8E, 0xBC8E, 0xBC8E, 0xBC8E, 0xBC8E, 0xBC8E, 0xBC8E, 0xBC8E, 0xFFFF, 0xBC8E, 0xBC8E, 0xBC8E, 0xBC8E, 0xBC8E, 0xBC8E, 0xBC8E,
 0xBC8E, 0xBC8E, 0xBC8E, 0xFFFF, 0xBC8E, 0xBC8E, 0xBC8E, 0xBC8E, 0xBC8E, 0xBC8E, 0xBC8E, 0xBC8E, 0xBC8E, 0xBC8E, 0xBC8E, 0xFFFF,
 0xBC8E, 0xBC8E, 0xBC8E, 0xBC8E, 0xBC8E, 0xBC8E, 0xBC8E, 0xBC8E, 0xBC8E, 0xBC8E, 0xBC8E, 0xFFFF, 0xBC8E, 0xBC8E, 0xBC8E, 0xBC8E,
 0xBC8E, 0xBC8E, 0xBC8E, 0xBC8E, 0xBC8E, 0xBC8E, 0xBC8E, 0xFFFF, 0xBC8E, 0xBC8E, 0xBC8E, 0xBC8E, 0xBC8E, 0xBC8E, 0xBC8E, 0xBC8E,
 0xBC8E, 0xBC8E, 0xBC8E, 0xFFFF, 0xBC8E, 0xBC8E, 0xBC8E, 0xBC8E, 0xBC8E, 0xBC8E, 0xBC8E, 0xBC8E, 0xBC8E, 0xBC8E, 0xBC8E, 0xFFFF,
 0xBC8E, 0xBC8E, 0xBC8E, 0xBC8E, 0xBC8E, 0xBC8E, 0xBC8E, 0xBC8E, 0xBC8E, 0xBC8E, 0xBC8E, 0xBC8E, 0xBC8E, 0xBC8E, 0xBC8E, 0xBC8E,
 0xBC8E, 0xBC8E, 0xBC8E, 0xBC8E, 0xBC8E, 0xBC8E, 0xBC8E, 0xBC8E, 0xBC8E, 0xBC8E, 0xBC8E, 0xBC8E, 0xBC8E, 0xBC8E, 0xBC8E, 0xBC8E,
 0xFFFF, 0xBC8E, 0xBC8E, 0xBC8E, 0xBC8E, 0xBC8E, 0xBC8E, 0xBC8E, 0xBC8E, 0xBC8E, 0xBC8E, 0xBC8E, 0xFFFF, 0xBC8E, 0xBC8E, 0xBC8E,
 0xBC8E, 0xBC8E, 0xBC8E, 0xBC8E, 0xBC8E, 0xBC8E, 0xBC8E, 0xBC8E, 0xFFFF, 0xBC8E, 0xBC8E, 0xBC8E, 0xBC8E, 0xBC8E, 0xBC8E, 0xBC8E,
 0xBC8E, 0xBC8E, 0xBC8E, 0xFFFF, 0xBC8E, 0xBC8E, 0xBC8E, 0xBC8E, 0xBC8E, 0xBC8E, 0xBC8E, 0xBC8E, 0xBC8E, 0xBC8E, 0xBC8E, 0xFFFF,
 0xBC8E, 0xBC8E, 0xBC8E, 0xBC8E, 0xBC8E, 0xBC8E, 0xBC8E, 0xBC8E, 0xBC8E, 0xBC8E, 0xBC8E, 0xFFFF, 0xBC8E, 0xBC8E, 0xBC8E, 0xBC8E,
 0xBC8E, 0xBC8E, 0xBC8E, 0xBC8E, 0xBC8E, 0xBC8E, 0xBC8E, 0xFFFF, 0xBC8E, 0xBC8E, 0xBC8E, 0xBC8E, 0xBC8E, 0xBC8E, 0xBC8E, 0xBC8E,
 0xBC8E, 0xBC8E, 0xBC8E, 0xFFFF, 0xBC8E, 0xBC8E, 0xBC8E, 0xBC8E, 0xBC8E, 0xBC8E, 0xBC8E, 0xBC8E, 0xBC8E, 0xBC8E, 0xBC8E, 0xFFFF,
 0xBC8E, 0xBC8E, 0xBC8E, 0xBC8E, 0xBC8E, 0xBC8E, 0xBC8E, 0xBC8E, 0xBC8E, 0xBC8E, 0xBC8E, 0xBC8E, 0xBC8E, 0xBC8E, 0xBC8E, 0xBC8E,
 0xBC8E, 0xBC8E, 0xBC8E, 0xBC8E, 0xBC8E, 0xBC8E, 0xBC8E, 0xBC8E, 0xBC8E, 0xBC8E, 0xBC8E, 0xBC8E, 0xBC8E, 0xBC8E, 0xBC8E, 0xBC8E,
 0xFFFF, 0xBC8E, 0xBC8E, 0xBC8E, 0xBC8E, 0xBC8E, 0xBC8E, 0xBC8E, 0xBC8E, 0xBC8E, 0xBC8E, 0xBC8E, 0xFFFF, 0xBC8E, 0xBC8E, 0xBC8E,
 0xBC8E, 0xBC8E, 0xBC8E, 0xBC8E, 0xBC8E, 0xBC8E, 0xBC8E, 0xBC8E, 0xFFFF, 0xBC8E, 0xBC8E, 0xBC8E, 0xBC8E, 0xBC8E, 0xBC8E, 0xBC8E,
 0xBC8E, 0xBC8E, 0xBC8E, 0xFFFF, 0xBC8E, 0xBC8E, 0xBC8E, 0xBC8E, 0xBC8E, 0xBC8E, 0xBC8E, 0xBC8E, 0xBC8E, 0xBC8E, 0xBC8E, 0xFFFF,
 0xBC8E, 0xBC8E, 0xBC8E, 0xBC8E, 0xBC8E, 0xBC8E, 0xBC8E, 0xBC8E, 0xBC8E, 0xBC8E, 0xBC8E, 0xFFFF, 0xBC8E, 0xBC8E, 0xBC8E, 0xBC8E,
 0xBC8E, 0xBC8E, 0xBC8E, 0xBC8E, 0xBC8E, 0xBC8E, 0xBC8E, 0xFFFF, 0xBC8E, 0xBC8E, 0xBC8E, 0xBC8E, 0xBC8E, 0xBC8E, 0xBC8E, 0xBC8E,
 0xBC8E, 0xBC8E, 0xBC8E, 0xFFFF, 0xBC8E, 0xBC8E, 0xBC8E, 0xBC8E, 0xBC8E, 0xBC8E, 0xBC8E, 0xBC8E, 0xBC8E, 0xBC8E, 0xBC8E, 0xFFFF,
 0xBC8E, 0xBC8E, 0xBC8E, 0xBC8E, 0xBC8E, 0xBC8E, 0xBC8E, 0xBC8E, 0xBC8E, 0xBC8E, 0xBC8E, 0xBC8E, 0xBC8E, 0xBC8E, 0xBC8E, 0xBC8E,
 0xBC8E, 0xBC8E, 0xBC8E, 0xBC8E, 0xBC8E, 0xBC8E, 0xBC8E, 0xBC8E, 0xBC8E, 0xBC8E, 0xBC8E, 0xBC8E, 0xBC8E, 0xBC8E, 0xBC8E, 0xBC8E,
 0xFFFF, 0xBC8E, 0xBC8E, 0xBC8E, 0xBC8E, 0xBC8E, 0xBC8E, 0xBC8E, 0xBC8E, 0xBC8E, 0xBC8E, 0xBC8E, 0xFFFF, 0xBC8E, 0xBC8E, 0xBC8E,
 0xBC8E, 0xBC8E, 0xBC8E, 0xBC8E, 0xBC8E, 0xBC8E, 0xBC8E, 0xBC8E, 0xFFFF, 0xBC8E, 0xBC8E, 0xBC8E, 0xBC8E, 0xBC8E, 0xBC8E, 0xBC8E,
 0xBC8E, 0xBC8E, 0xBC8E, 0xFFFF, 0xBC8E, 0xBC8E, 0xBC8E, 0xBC8E, 0xBC8E, 0xBC8E, 0xBC8E, 0xBC8E, 0xBC8E, 0xBC8E, 0xBC8E, 0xFFFF,
 0xBC8E, 0xBC8E, 0xBC8E, 0xBC8E, 0xBC8E, 0xBC8E, 0xBC8E, 0xBC8E, 0xBC8E, 0xBC8E, 0xBC8E, 0xFFFF, 0xBC8E, 0xBC8E, 0xBC8E, 0xBC8E,
 0xBC8E, 0xBC8E, 0xBC8E, 0xBC8E, 0xBC8E, 0xBC8E, 0xBC8E, 0xFFFF, 0xBC8E, 0xBC8E, 0xBC8E, 0xBC8E, 0xBC8E, 0xBC8E, 0xBC8E, 0xBC8E,
 0xBC8E, 0xBC8E, 0xBC8E, 0xFFFF, 0xBC8E, 0xBC8E, 0xBC8E, 0xBC8E, 0xBC8E, 0xBC8E, 0xBC8E, 0xBC8E, 0xBC8E, 0xBC8E, 0xBC8E, 0xFFFF,
 0xBC8E, 0xBC8E, 0xBC8E, 0xBC8E, 0xBC8E, 0xBC8E, 0xBC8E, 0xBC8E, 0xBC8E, 0xBC8E, 0xBC8E, 0xBC8E, 0xBC8E, 0xBC8E, 0xBC8E, 0xBC8E,
 0xBC8E, 0xBC8E, 0xBC8E, 0xBC8E, 0xBC8E, 0xBC8E, 0xBC8E, 0xBC8E, 0xBC8E, 0xBC8E, 0xBC8E, 0xBC8E, 0xBC8E, 0xBC8E, 0xBC8E, 0xBC8E,
 0xFFFF, 0xBC8E, 0xBC8E, 0xBC8E, 0xBC8E, 0xBC8E, 0xBC8E, 0xBC8E, 0xBC8E, 0xBC8E, 0xBC8E, 0xBC8E, 0xFFFF, 0xBC8E, 0xBC8E, 0xBC8E,
 0xBC8E, 0xBC8E, 0xBC8E, 0xBC8E, 0xBC8E, 0xBC8E, 0xBC8E, 0xBC8E, 0xFFFF, 0xBC8E, 0xBC8E, 0xBC8E, 0xBC8E, 0xBC8E, 0xBC8E, 0xBC8E,
 0xBC8E, 0xBC8E, 0xBC8E, 0xFFFF, 0xBC8E, 0xBC8E, 0xBC8E, 0xBC8E, 0xBC8E, 0xBC8E, 0xBC8E, 0xBC8E, 0xBC8E, 0xBC8E, 0xBC8E, 0xFFFF,
 0xBC8E, 0xBC8E, 0xBC8E, 0xBC8E, 0xBC8E, 0xBC8E, 0xBC8E, 0xBC8E, 0xBC8E, 0xBC8E, 0xBC8E, 0xFFFF, 0xBC8E, 0xBC8E, 0xBC8E, 0xBC8E,
 0xBC8E, 0xBC8E, 0xBC8E, 0xBC8E, 0xBC8E, 0xBC8E, 0xBC8E, 0xFFFF, 0xBC8E, 0xBC8E, 0xBC8E, 0xBC8E, 0xBC8E, 0xBC8E, 0xBC8E, 0xBC8E,
 0xBC8E, 0xBC8E, 0xBC8E, 0xFFFF, 0xBC8E, 0xBC8E, 0xBC8E, 0xBC8E, 0xBC8E, 0xBC8E, 0xBC8E, 0xBC8E, 0xBC8E, 0xBC8E, 0xBC8E, 0xFFFF,
 0xBC8E, 0xBC8E, 0xBC8E, 0xBC8E, 0xBC8E, 0xBC8E, 0xBC8E, 0xBC8E, 0xBC8E, 0xBC8E, 0xBC8E, 0xBC8E, 0xBC8E, 0xBC8E, 0xBC8E, 0xBC8E,
 0xBC8E, 0xBC8E, 0xBC8E, 0xBC8E, 0xBC8E, 0xBC8E, 0xBC8E, 0xBC8E, 0xBC8E, 0xBC8E, 0xBC8E, 0xBC8E, 0xBC8E, 0xBC8E, 0xBC8E, 0xBC8E,
 0xFFFF, 0xBC8E, 0xBC8E, 0xBC8E, 0xBC8E, 0xBC8E, 0xBC8E, 0xBC8E, 0xBC8E, 0xBC8E, 0xBC8E, 0xBC8E, 0xFFFF, 0xBC8E, 0xBC8E, 0xBC8E,
 0xBC8E, 0xBC8E, 0xBC8E, 0xBC8E, 0xBC8E, 0xBC8E, 0xBC8E, 0xBC8E, 0xFFFF, 0xBC8E, 0xBC8E, 0xBC8E, 0xBC8E, 0xBC8E, 0xBC8E, 0xBC8E,
 0xBC8E, 0xBC8E, 0xBC8E, 0xFFFF, 0xBC8E, 0xBC8E, 0xBC8E, 0xBC8E, 0xBC8E, 0xBC8E, 0xBC8E, 0xBC8E, 0xBC8E, 0xBC8E, 0xBC8E, 0xFFFF,
 0xBC8E, 0xBC8E, 0xBC8E, 0xBC8E, 0xBC8E, 0xBC8E, 0xBC8E, 0xBC8E, 0xBC8E, 0xBC8E, 0xBC8E, 0xFFFF, 0xBC8E, 0xBC8E, 0xBC8E, 0xBC8E,
 0xBC8E, 0xBC8E, 0xBC8E, 0xBC8E, 0xBC8E, 0xBC8E, 0xBC8E, 0xFFFF, 0xBC8E, 0xBC8E, 0xBC8E, 0xBC8E, 0xBC8E, 0xBC8E, 0xBC8E, 0xBC8E,
 0xBC8E, 0xBC8E, 0xBC8E, 0xFFFF, 0xBC8E, 0xBC8E, 0xBC8E, 0xBC8E, 0xBC8E, 0xBC8E, 0xBC8E, 0xBC8E, 0xBC8E, 0xBC8E, 0xBC8E, 0xFFFF,
 0xBC8E, 0xBC8E, 0xBC8E, 0xBC8E, 0xBC8E, 0xBC8E, 0xBC8E, 0xBC8E, 0xBC8E, 0xBC8E, 0xBC8E, 0xBC8E, 0xBC8E, 0xBC8E, 0xBC8E, 0xBC8E,
 0xBC8E, 0xBC8E, 0xBC8E, 0xBC8E, 0xBC8E, 0xBC8E, 0xBC8E, 0xBC8E, 0xBC8E, 0xBC8E, 0xBC8E, 0xBC8E, 0xBC8E, 0xBC8E, 0xBC8E, 0xBC8E,
 0xFFFF, 0xBC8E, 0xBC8E, 0xBC8E, 0xBC8E, 0xBC8E, 0xBC8E, 0xBC8E, 0xBC8E, 0xBC8E, 0xBC8E, 0xBC8E, 0xFFFF, 0xBC8E, 0xBC8E, 0xBC8E,
 0xBC8E, 0xBC8E, 0xBC8E, 0xBC8E, 0xBC8E, 0xBC8E, 0xBC8E, 0xBC8E, 0xFFFF, 0xBC8E, 0xBC8E, 0xBC8E, 0xBC8E, 0xBC8E, 0xBC8E, 0xBC8E,
 0xBC8E, 0xBC8E, 0xBC8E, 0xFFFF, 0xBC8E, 0xBC8E, 0xBC8E, 0xBC8E, 0xBC8E, 0xBC8E, 0xBC8E, 0xBC8E, 0xBC8E, 0xBC8E, 0xBC8E, 0xFFFF,
 0xBC8E, 0xBC8E, 0xBC8E, 0xBC8E, 0xBC8E, 0xBC8E, 0xBC8E, 0xBC8E, 0xBC8E, 0xBC8E, 0xBC8E, 0xFFFF, 0xBC8E, 0xBC8E, 0xBC8E, 0xBC8E,
 0xBC8E, 0xBC8E, 0xBC8E, 0xBC8E, 0xBC8E, 0xBC8E, 0xBC8E, 0xFFFF, 0xBC8E, 0xBC8E, 0xBC8E, 0xBC8E, 0xBC8E, 0xBC8E, 0xBC8E, 0xBC8E,
 0xBC8E, 0xBC8E, 0xBC8E, 0xFFFF, 0xBC8E, 0xBC8E, 0xBC8E, 0xBC8E, 0xBC8E, 0xBC8E, 0xBC8E, 0xBC8E, 0xBC8E, 0xBC8E, 0xBC8E, 0xFFFF,
 0xBC8E, 0xBC8E, 0xBC8E, 0xBC8E, 0xBC8E, 0xBC8E, 0xBC8E, 0xBC8E, 0xBC8E, 0xBC8E, 0xBC8E, 0xBC8E, 0xBC8E, 0xBC8E, 0xBC8E, 0xBC8E,
 0xBC8E, 0xBC8E, 0xBC8E, 0xBC8E, 0xBC8E, 0xBC8E, 0xBC8E, 0xBC8E, 0xBC8E, 0xBC8E, 0xBC8E, 0xBC8E, 0xBC8E, 0xBC8E, 0xBC8E, 0xBC8E,
 0xFFFF, 0xFFFF, 0xFFFF, 0xFFFF, 0xFFFF, 0xFFFF, 0xFFFF, 0xFFFF, 0xFFFF, 0xFFFF, 0xFFFF, 0xFFFF, 0xFFFF, 0xFFFF, 0xFFFF, 0xFFFF,
 0xFFFF, 0xFFFF, 0xFFFF, 0xFFFF, 0xFFFF, 0xFFFF, 0xFFFF, 0xFFFF, 0xFFFF, 0xFFFF, 0xFFFF, 0xFFFF, 0xFFFF, 0xFFFF, 0xFFFF, 0xFFFF,
 0xFFFF, 0xFFFF, 0xFFFF, 0xFFFF, 0xFFFF, 0xFFFF, 0xFFFF, 0xFFFF, 0xFFFF, 0xFFFF, 0xFFFF, 0xFFFF, 0xFFFF, 0xFFFF, 0xFFFF, 0xFFFF,
 0xFFFF, 0xFFFF, 0xFFFF, 0xFFFF, 0xFFFF, 0xFFFF, 0xFFFF, 0xFFFF, 0xFFFF, 0xFFFF, 0xFFFF, 0xFFFF, 0xFFFF, 0xFFFF, 0xFFFF, 0xFFFF,
 0xFFFF, 0xFFFF, 0xFFFF, 0xFFFF, 0xFFFF, 0xFFFF, 0xFFFF, 0xFFFF, 0xFFFF, 0xFFFF, 0xFFFF, 0xFFFF, 0xFFFF, 0xFFFF, 0xFFFF, 0xFFFF,
 0xFFFF, 0xFFFF, 0xFFFF, 0xFFFF, 0xFFFF, 0xFFFF, 0xFFFF, 0xFFFF, 0xFFFF, 0xFFFF, 0xFFFF, 0xFFFF, 0xFFFF, 0xFFFF, 0xFFFF, 0xFFFF,
 0xBC8E, 0xBC8E, 0xBC8E, 0xBC8E, 0xBC8E, 0xBC8E, 0xBC8E, 0xBC8E, 0xBC8E, 0xBC8E, 0xBC8E, 0xBC8E, 0xBC8E, 0xBC8E, 0xBC8E, 0xBC8E,
 0xBC8E, 0xBC8E, 0xBC8E, 0xBC8E, 0xBC8E, 0xBC8E, 0xBC8E, 0xBC8E, 0xBC8E, 0xBC8E, 0xBC8E, 0xBC8E, 0xBC8E, 0xBC8E, 0xBC8E, 0xBC8E,
 0xFFFF, 0xBC8E, 0xBC8E, 0xBC8E, 0xBC8E, 0xBC8E, 0xBC8E, 0xBC8E, 0xBC8E, 0xBC8E, 0xBC8E, 0xBC8E, 0xFFFF, 0xBC8E, 0xBC8E, 0xBC8E,
 0xBC8E, 0xBC8E, 0xBC8E, 0xBC8E, 0xBC8E, 0xBC8E, 0xBC8E, 0xBC8E, 0xFFFF, 0xBC8E, 0xBC8E, 0xBC8E, 0xBC8E, 0xBC8E, 0xBC8E, 0xBC8E,
 0xBC8E, 0xBC8E, 0xBC8E, 0xFFFF, 0xBC8E, 0xBC8E, 0xBC8E, 0xBC8E, 0xBC8E, 0xBC8E, 0xBC8E, 0xBC8E, 0xBC8E, 0xBC8E, 0xBC8E, 0xFFFF,
 0xBC8E, 0xBC8E, 0xBC8E, 0xBC8E, 0xBC8E, 0xBC8E, 0xBC8E, 0xBC8E, 0xBC8E, 0xBC8E, 0xBC8E, 0xFFFF, 0xBC8E, 0xBC8E, 0xBC8E, 0xBC8E,
 0xBC8E, 0xBC8E, 0xBC8E, 0xBC8E, 0xBC8E, 0xBC8E, 0xBC8E, 0xFFFF, 0xBC8E, 0xBC8E, 0xBC8E, 0xBC8E, 0xBC8E, 0xBC8E, 0xBC8E, 0xBC8E,
 0xBC8E, 0xBC8E, 0xBC8E, 0xFFFF, 0xBC8E, 0xBC8E, 0xBC8E, 0xBC8E, 0xBC8E, 0xBC8E, 0xBC8E, 0xBC8E, 0xBC8E, 0xBC8E, 0xBC8E, 0xFFFF,
 0xBC8E, 0xBC8E, 0xBC8E, 0xBC8E, 0xBC8E, 0xBC8E, 0xBC8E, 0xBC8E, 0xBC8E, 0xBC8E, 0xBC8E, 0xBC8E, 0xBC8E, 0xBC8E, 0xBC8E, 0xBC8E,
 0xBC8E, 0xBC8E, 0xBC8E, 0xBC8E, 0xBC8E, 0xBC8E, 0xBC8E, 0xBC8E, 0xBC8E, 0xBC8E, 0xBC8E, 0xBC8E, 0xBC8E, 0xBC8E, 0xBC8E, 0xBC8E,
 0xFFFF, 0xBC8E, 0xBC8E, 0xBC8E, 0xBC8E, 0xBC8E, 0xBC8E, 0xBC8E, 0xBC8E, 0xBC8E, 0xBC8E, 0xBC8E, 0xFFFF, 0xBC8E, 0xBC8E, 0xBC8E,
 0xBC8E, 0xBC8E, 0xBC8E, 0xBC8E, 0xBC8E, 0xBC8E, 0xBC8E, 0xBC8E, 0xFFFF, 0xBC8E, 0xBC8E, 0xBC8E, 0xBC8E, 0xBC8E, 0xBC8E, 0xBC8E,
 0xBC8E, 0xBC8E, 0xBC8E, 0xFFFF, 0xBC8E, 0xBC8E, 0xBC8E, 0xBC8E, 0xBC8E, 0xBC8E, 0xBC8E, 0xBC8E, 0xBC8E, 0xBC8E, 0xBC8E, 0xFFFF,
 0xBC8E, 0xBC8E, 0xBC8E, 0xBC8E, 0xBC8E, 0xBC8E, 0xBC8E, 0xBC8E, 0xBC8E, 0xBC8E, 0xBC8E, 0xFFFF, 0xBC8E, 0xBC8E, 0xBC8E, 0xBC8E,
 0xBC8E, 0xBC8E, 0xBC8E, 0xBC8E, 0xBC8E, 0xBC8E, 0xBC8E, 0xFFFF, 0xBC8E, 0xBC8E, 0xBC8E, 0xBC8E, 0xBC8E, 0xBC8E, 0xBC8E, 0xBC8E,
 0xBC8E, 0xBC8E, 0xBC8E, 0xFFFF, 0xBC8E, 0xBC8E, 0xBC8E, 0xBC8E, 0xBC8E, 0xBC8E, 0xBC8E, 0xBC8E, 0xBC8E, 0xBC8E, 0xBC8E, 0xFFFF,
 0xBC8E, 0xBC8E, 0xBC8E, 0xBC8E, 0xBC8E, 0xBC8E, 0xBC8E, 0xBC8E, 0xBC8E, 0xBC8E, 0xBC8E, 0xBC8E, 0xBC8E, 0xBC8E, 0xBC8E, 0xBC8E,
 0xBC8E, 0xBC8E, 0xBC8E, 0xBC8E, 0xBC8E, 0xBC8E, 0xBC8E, 0xBC8E, 0xBC8E, 0xBC8E, 0xBC8E, 0xBC8E, 0xBC8E, 0xBC8E, 0xBC8E, 0xBC8E,
 0xFFFF, 0xBC8E, 0xBC8E, 0xBC8E, 0xBC8E, 0xBC8E, 0xBC8E, 0xBC8E, 0xBC8E, 0xBC8E, 0xBC8E, 0xBC8E, 0xFFFF, 0xBC8E, 0xBC8E, 0xBC8E,
 0xBC8E, 0xBC8E, 0xBC8E, 0xBC8E, 0xBC8E, 0xBC8E, 0xBC8E, 0xBC8E, 0xFFFF, 0xBC8E, 0xBC8E, 0xBC8E, 0xBC8E, 0xBC8E, 0xBC8E, 0xBC8E,
 0xBC8E, 0xBC8E, 0xBC8E, 0xFFFF, 0xBC8E, 0xBC8E, 0xBC8E, 0xBC8E, 0xBC8E, 0xBC8E, 0xBC8E, 0xBC8E, 0xBC8E, 0xBC8E, 0xBC8E, 0xFFFF,
 0xBC8E, 0xBC8E, 0xBC8E, 0xBC8E, 0xBC8E, 0xBC8E, 0xBC8E, 0xBC8E, 0xBC8E, 0xBC8E, 0xBC8E, 0xFFFF, 0xBC8E, 0xBC8E, 0xBC8E, 0xBC8E,
 0xBC8E, 0xBC8E, 0xBC8E, 0xBC8E, 0xBC8E, 0xBC8E, 0xBC8E, 0xFFFF, 0xBC8E, 0xBC8E, 0xBC8E, 0xBC8E, 0xBC8E, 0xBC8E, 0xBC8E, 0xBC8E,
 0xBC8E, 0xBC8E, 0xBC8E, 0xFFFF, 0xBC8E, 0xBC8E, 0xBC8E, 0xBC8E, 0xBC8E, 0xBC8E, 0xBC8E, 0xBC8E, 0xBC8E, 0xBC8E, 0xBC8E, 0xFFFF,
 0xBC8E, 0xBC8E, 0xBC8E, 0xBC8E, 0xBC8E, 0xBC8E, 0xBC8E, 0xBC8E, 0xBC8E, 0xBC8E, 0xBC8E, 0xBC8E, 0xBC8E, 0xBC8E, 0xBC8E, 0xBC8E,
 0xBC8E, 0xBC8E, 0xBC8E, 0xBC8E, 0xBC8E, 0xBC8E, 0xBC8E, 0xBC8E, 0xBC8E, 0xBC8E, 0xBC8E, 0xBC8E, 0xBC8E, 0xBC8E, 0xBC8E, 0xBC8E,
 0xFFFF, 0xBC8E, 0xBC8E, 0xBC8E, 0xBC8E, 0xBC8E, 0xBC8E, 0xBC8E, 0xBC8E, 0xBC8E, 0xBC8E, 0xBC8E, 0xFFFF, 0xBC8E, 0xBC8E, 0xBC8E,
 0xBC8E, 0xBC8E, 0xBC8E, 0xBC8E, 0xBC8E, 0xBC8E, 0xBC8E, 0xBC8E, 0xFFFF, 0xBC8E, 0xBC8E, 0xBC8E, 0xBC8E, 0xBC8E, 0xBC8E, 0xBC8E,
 0xBC8E, 0xBC8E, 0xBC8E, 0xFFFF, 0xBC8E, 0xBC8E, 0xBC8E, 0xBC8E, 0xBC8E, 0xBC8E, 0xBC8E, 0xBC8E, 0xBC8E, 0xBC8E, 0xBC8E, 0xFFFF,
 0xBC8E, 0xBC8E, 0xBC8E, 0xBC8E, 0xBC8E, 0xBC8E, 0xBC8E, 0xBC8E, 0xBC8E, 0xBC8E, 0xBC8E, 0xFFFF, 0xBC8E, 0xBC8E, 0xBC8E, 0xBC8E,
 0xBC8E, 0xBC8E, 0xBC8E, 0xBC8E, 0xBC8E, 0xBC8E, 0xBC8E, 0xFFFF, 0xBC8E, 0xBC8E, 0xBC8E, 0xBC8E, 0xBC8E, 0xBC8E, 0xBC8E, 0xBC8E,
 0xBC8E, 0xBC8E, 0xBC8E, 0xFFFF, 0xBC8E, 0xBC8E, 0xBC8E, 0xBC8E, 0xBC8E, 0xBC8E, 0xBC8E, 0xBC8E, 0xBC8E, 0xBC8E, 0xBC8E, 0xFFFF,
 0xBC8E, 0xBC8E, 0xBC8E, 0xBC8E, 0xBC8E, 0xBC8E, 0xBC8E, 0xBC8E, 0xBC8E, 0xBC8E, 0xBC8E, 0xBC8E, 0xBC8E, 0xBC8E, 0xBC8E, 0xBC8E,
 0xBC8E, 0xBC8E, 0xBC8E, 0xBC8E, 0xBC8E, 0xBC8E, 0xBC8E, 0xBC8E, 0xBC8E, 0xBC8E, 0xBC8E, 0xBC8E, 0xBC8E, 0xBC8E, 0xBC8E, 0xBC8E,
 0xFFFF, 0xBC8E, 0xBC8E, 0xBC8E, 0xBC8E, 0xBC8E, 0xBC8E, 0xBC8E, 0xBC8E, 0xBC8E, 0xBC8E, 0xBC8E, 0xFFFF, 0xBC8E, 0xBC8E, 0xBC8E,
 0xBC8E, 0xBC8E, 0xBC8E, 0xBC8E, 0xBC8E, 0xBC8E, 0xBC8E, 0xBC8E, 0xFFFF, 0xBC8E, 0xBC8E, 0xBC8E, 0xBC8E, 0xBC8E, 0xBC8E, 0xBC8E,
 0xBC8E, 0xBC8E, 0xBC8E, 0xFFFF, 0xBC8E, 0xBC8E, 0xBC8E, 0xBC8E, 0xBC8E, 0xBC8E, 0xBC8E, 0xBC8E, 0xBC8E, 0xBC8E, 0xBC8E, 0xFFFF,
 0xBC8E, 0xBC8E, 0xBC8E, 0xBC8E, 0xBC8E, 0xBC8E, 0xBC8E, 0xBC8E, 0xBC8E, 0xBC8E, 0xBC8E, 0xFFFF, 0xBC8E, 0xBC8E, 0xBC8E, 0xBC8E,
 0xBC8E, 0xBC8E, 0xBC8E, 0xBC8E, 0xBC8E, 0xBC8E, 0xBC8E, 0xFFFF, 0xBC8E, 0xBC8E, 0xBC8E, 0xBC8E, 0xBC8E, 0xBC8E, 0xBC8E, 0xBC8E,
 0xBC8E, 0xBC8E, 0xBC8E, 0xFFFF, 0xBC8E, 0xBC8E, 0xBC8E, 0xBC8E, 0xBC8E, 0xBC8E, 0xBC8E, 0xBC8E, 0xBC8E, 0xBC8E, 0xBC8E, 0xFFFF,
 0xBC8E, 0xBC8E, 0xBC8E, 0xBC8E, 0xBC8E, 0xBC8E, 0xBC8E, 0xBC8E, 0xBC8E, 0xBC8E, 0xBC8E, 0xBC8E, 0xBC8E, 0xBC8E, 0xBC8E, 0xBC8E,
 0xBC8E, 0xBC8E, 0xBC8E, 0xBC8E, 0xBC8E, 0xBC8E, 0xBC8E, 0xBC8E, 0xBC8E, 0xBC8E, 0xBC8E, 0xBC8E, 0xBC8E, 0xBC8E, 0xBC8E, 0xBC8E,
 0xFFFF, 0xBC8E, 0xBC8E, 0xBC8E, 0xBC8E, 0xBC8E, 0xBC8E, 0xBC8E, 0xBC8E, 0xBC8E, 0xBC8E, 0xBC8E, 0xFFFF, 0xBC8E, 0xBC8E, 0xBC8E,
 0xBC8E, 0xBC8E, 0xBC8E, 0xBC8E, 0xBC8E, 0xBC8E, 0xBC8E, 0xBC8E, 0xFFFF, 0xBC8E, 0xBC8E, 0xBC8E, 0xBC8E, 0xBC8E, 0xBC8E, 0xBC8E,
 0xBC8E, 0xBC8E, 0xBC8E, 0xFFFF, 0xBC8E, 0xBC8E, 0xBC8E, 0xBC8E, 0xBC8E, 0xBC8E, 0xBC8E, 0xBC8E, 0xBC8E, 0xBC8E, 0xBC8E, 0xFFFF,
 0xBC8E, 0xBC8E, 0xBC8E, 0xBC8E, 0xBC8E, 0xBC8E, 0xBC8E, 0xBC8E, 0xBC8E, 0xBC8E, 0xBC8E, 0xFFFF, 0xBC8E, 0xBC8E, 0xBC8E, 0xBC8E,
 0xBC8E, 0xBC8E, 0xBC8E, 0xBC8E, 0xBC8E, 0xBC8E, 0xBC8E, 0xFFFF, 0xBC8E, 0xBC8E, 0xBC8E, 0xBC8E, 0xBC8E, 0xBC8E, 0xBC8E, 0xBC8E,
 0xBC8E, 0xBC8E, 0xBC8E, 0xFFFF, 0xBC8E, 0xBC8E, 0xBC8E, 0xBC8E, 0xBC8E, 0xBC8E, 0xBC8E, 0xBC8E, 0xBC8E, 0xBC8E, 0xBC8E, 0xFFFF,
 0xBC8E, 0xBC8E, 0xBC8E, 0xBC8E, 0xBC8E, 0xBC8E, 0xBC8E, 0xBC8E, 0xBC8E, 0xBC8E, 0xBC8E, 0xBC8E, 0xBC8E, 0xBC8E, 0xBC8E, 0xBC8E,
 0xBC8E, 0xBC8E, 0xBC8E, 0xBC8E, 0xBC8E, 0xBC8E, 0xBC8E, 0xBC8E, 0xBC8E, 0xBC8E, 0xBC8E, 0xBC8E, 0xBC8E, 0xBC8E, 0xBC8E, 0xBC8E,
 0xFFFF, 0xBC8E, 0xBC8E, 0xBC8E, 0xBC8E, 0xBC8E, 0xBC8E, 0xBC8E, 0xBC8E, 0xBC8E, 0xBC8E, 0xBC8E, 0xFFFF, 0xBC8E, 0xBC8E, 0xBC8E,
 0xBC8E, 0xBC8E, 0xBC8E, 0xBC8E, 0xBC8E, 0xBC8E, 0xBC8E, 0xBC8E, 0xFFFF, 0xBC8E, 0xBC8E, 0xBC8E, 0xBC8E, 0xBC8E, 0xBC8E, 0xBC8E,
 0xBC8E, 0xBC8E, 0xBC8E, 0xFFFF, 0xBC8E, 0xBC8E, 0xBC8E, 0xBC8E, 0xBC8E, 0xBC8E, 0xBC8E, 0xBC8E, 0xBC8E, 0xBC8E, 0xBC8E, 0xFFFF,
 0xBC8E, 0xBC8E, 0xBC8E, 0xBC8E, 0xBC8E, 0xBC8E, 0xBC8E, 0xBC8E, 0xBC8E, 0xBC8E, 0xBC8E, 0xFFFF, 0xBC8E, 0xBC8E, 0xBC8E, 0xBC8E,
 0xBC8E, 0xBC8E, 0xBC8E, 0xBC8E, 0xBC8E, 0xBC8E, 0xBC8E, 0xFFFF, 0xBC8E, 0xBC8E, 0xBC8E, 0xBC8E, 0xBC8E, 0xBC8E, 0xBC8E, 0xBC8E,
 0xBC8E, 0xBC8E, 0xBC8E, 0xFFFF, 0xBC8E, 0xBC8E, 0xBC8E, 0xBC8E, 0xBC8E, 0xBC8E, 0xBC8E, 0xBC8E, 0xBC8E, 0xBC8E, 0xBC8E, 0xFFFF,
 0xBC8E, 0xBC8E, 0xBC8E, 0xBC8E, 0xBC8E, 0xBC8E, 0xBC8E, 0xBC8E, 0xBC8E, 0xBC8E, 0xBC8E, 0xBC8E, 0xBC8E, 0xBC8E, 0xBC8E, 0xBC8E,
 0xBC8E, 0xBC8E, 0xBC8E, 0xBC8E, 0xBC8E, 0xBC8E, 0xBC8E, 0xBC8E, 0xBC8E, 0xBC8E, 0xBC8E, 0xBC8E, 0xBC8E, 0xBC8E, 0xBC8E, 0xBC8E,
 0xFFFF, 0xBC8E, 0xBC8E, 0xBC8E, 0xBC8E, 0xBC8E, 0xBC8E, 0xBC8E, 0xBC8E, 0xBC8E, 0xBC8E, 0xBC8E, 0xFFFF, 0xBC8E, 0xBC8E, 0xBC8E,
 0xBC8E, 0xBC8E, 0xBC8E, 0xBC8E, 0xBC8E, 0xBC8E, 0xBC8E, 0xBC8E, 0xFFFF, 0xBC8E, 0xBC8E, 0xBC8E, 0xBC8E, 0xBC8E, 0xBC8E, 0xBC8E,
 0xBC8E, 0xBC8E, 0xBC8E, 0xFFFF, 0xBC8E, 0xBC8E, 0xBC8E, 0xBC8E, 0xBC8E, 0xBC8E, 0xBC8E, 0xBC8E, 0xBC8E, 0xBC8E, 0xBC8E, 0xFFFF,
 0xBC8E, 0xBC8E, 0xBC8E, 0xBC8E, 0xBC8E, 0xBC8E, 0xBC8E, 0xBC8E, 0xBC8E, 0xBC8E, 0xBC8E, 0xFFFF, 0xBC8E, 0xBC8E, 0xBC8E, 0xBC8E,
 0xBC8E, 0xBC8E, 0xBC8E, 0xBC8E, 0xBC8E, 0xBC8E, 0xBC8E, 0xFFFF, 0xBC8E, 0xBC8E, 0xBC8E, 0xBC8E, 0xBC8E, 0xBC8E, 0xBC8E, 0xBC8E,
 0xBC8E, 0xBC8E, 0xBC8E, 0xFFFF, 0xBC8E, 0xBC8E, 0xBC8E, 0xBC8E, 0xBC8E, 0xBC8E, 0xBC8E, 0xBC8E, 0xBC8E, 0xBC8E, 0xBC8E, 0xFFFF,
 0xBC8E, 0xBC8E, 0xBC8E, 0xBC8E, 0xBC8E, 0xBC8E, 0xBC8E, 0xBC8E, 0xBC8E, 0xBC8E, 0xBC8E, 0xBC8E, 0xBC8E, 0xBC8E, 0xBC8E, 0xBC8E,
 0xBC8E, 0xBC8E, 0xBC8E, 0xBC8E, 0xBC8E, 0xBC8E, 0xBC8E, 0xBC8E, 0xBC8E, 0xBC8E, 0xBC8E, 0xBC8E, 0xBC8E, 0xBC8E, 0xBC8E, 0xBC8E,
 0xFFFF, 0xBC8E, 0xBC8E, 0xBC8E, 0xBC8E, 0xBC8E, 0xBC8E, 0xBC8E, 0xBC8E, 0xBC8E, 0xBC8E, 0xBC8E, 0xFFFF, 0xBC8E, 0xBC8E, 0xBC8E,
 0xBC8E, 0xBC8E, 0xBC8E, 0xBC8E, 0xBC8E, 0xBC8E, 0xBC8E, 0xBC8E, 0xFFFF, 0xBC8E, 0xBC8E, 0xBC8E, 0xBC8E, 0xBC8E, 0xBC8E, 0xBC8E,
 0xBC8E, 0xBC8E, 0xBC8E, 0xFFFF, 0xBC8E, 0xBC8E, 0xBC8E, 0xBC8E, 0xBC8E, 0xBC8E, 0xBC8E, 0xBC8E, 0xBC8E, 0xBC8E, 0xBC8E, 0xFFFF,
 0xBC8E, 0xBC8E, 0xBC8E, 0xBC8E, 0xBC8E, 0xBC8E, 0xBC8E, 0xBC8E, 0xBC8E, 0xBC8E, 0xBC8E, 0xFFFF, 0xBC8E, 0xBC8E, 0xBC8E, 0xBC8E,
 0xBC8E, 0xBC8E, 0xBC8E, 0xBC8E, 0xBC8E, 0xBC8E, 0xBC8E, 0xFFFF, 0xBC8E, 0xBC8E, 0xBC8E, 0xBC8E, 0xBC8E, 0xBC8E, 0xBC8E, 0xBC8E,
 0xBC8E, 0xBC8E, 0xBC8E, 0xFFFF, 0xBC8E, 0xBC8E, 0xBC8E, 0xBC8E, 0xBC8E, 0xBC8E, 0xBC8E, 0xBC8E, 0xBC8E, 0xBC8E, 0xBC8E, 0xFFFF,
 0xBC8E, 0xBC8E, 0xBC8E, 0xBC8E, 0xBC8E, 0xBC8E, 0xBC8E, 0xBC8E, 0xBC8E, 0xBC8E, 0xBC8E, 0xBC8E, 0xBC8E, 0xBC8E, 0xBC8E, 0xBC8E,
 0xBC8E, 0xBC8E, 0xBC8E, 0xBC8E, 0xBC8E, 0xBC8E, 0xBC8E, 0xBC8E, 0xBC8E, 0xBC8E, 0xBC8E, 0xBC8E, 0xBC8E, 0xBC8E, 0xBC8E, 0xBC8E,
 0xFFFF, 0xBC8E, 0xBC8E, 0xBC8E, 0xBC8E, 0xBC8E, 0xBC8E, 0xBC8E, 0xBC8E, 0xBC8E, 0xBC8E, 0xBC8E, 0xFFFF, 0xBC8E, 0xBC8E, 0xBC8E,
 0xBC8E, 0xBC8E, 0xBC8E, 0xBC8E, 0xBC8E, 0xBC8E, 0xBC8E, 0xBC8E, 0xFFFF, 0xBC8E, 0xBC8E, 0xBC8E, 0xBC8E, 0xBC8E, 0xBC8E, 0xBC8E,
 0xBC8E, 0xBC8E, 0xBC8E, 0xFFFF, 0xBC8E, 0xBC8E, 0xBC8E, 0xBC8E, 0xBC8E, 0xBC8E, 0xBC8E, 0xBC8E, 0xBC8E, 0xBC8E, 0xBC8E, 0xFFFF,
 0xBC8E, 0xBC8E, 0xBC8E, 0xBC8E, 0xBC8E, 0xBC8E, 0xBC8E, 0xBC8E, 0xBC8E, 0xBC8E, 0xBC8E, 0xFFFF, 0xBC8E, 0xBC8E, 0xBC8E, 0xBC8E,
 0xBC8E, 0xBC8E, 0xBC8E, 0xBC8E, 0xBC8E, 0xBC8E, 0xBC8E, 0xFFFF, 0xBC8E, 0xBC8E, 0xBC8E, 0xBC8E, 0xBC8E, 0xBC8E, 0xBC8E, 0xBC8E,
 0xBC8E, 0xBC8E, 0xBC8E, 0xFFFF, 0xBC8E, 0xBC8E, 0xBC8E, 0xBC8E, 0xBC8E, 0xBC8E, 0xBC8E, 0xBC8E, 0xBC8E, 0xBC8E, 0xBC8E, 0xFFFF,
 0xBC8E, 0xBC8E, 0xBC8E, 0xBC8E, 0xBC8E, 0xBC8E, 0xBC8E, 0xBC8E, 0xBC8E, 0xBC8E, 0xBC8E, 0xBC8E, 0xBC8E, 0xBC8E, 0xBC8E, 0xBC8E,
 0xBC8E, 0xBC8E, 0xBC8E, 0xBC8E, 0xBC8E, 0xBC8E, 0xBC8E, 0xBC8E, 0xBC8E, 0xBC8E, 0xBC8E, 0xBC8E, 0xBC8E, 0xBC8E, 0xBC8E, 0xBC8E,
 0xFFFF, 0xBC8E, 0xBC8E, 0xBC8E, 0xBC8E, 0xBC8E, 0xBC8E, 0xBC8E, 0xBC8E, 0xBC8E, 0xBC8E, 0xBC8E, 0xFFFF, 0xBC8E, 0xBC8E, 0xBC8E,
 0xBC8E, 0xBC8E, 0xBC8E, 0xBC8E, 0xBC8E, 0xBC8E, 0xBC8E, 0xBC8E, 0xFFFF, 0xBC8E, 0xBC8E, 0xBC8E, 0xBC8E, 0xBC8E, 0xBC8E, 0xBC8E,
 0xBC8E, 0xBC8E, 0xBC8E, 0xFFFF, 0xBC8E, 0xBC8E, 0xBC8E, 0xBC8E, 0xBC8E, 0xBC8E, 0xBC8E, 0xBC8E, 0xBC8E, 0xBC8E, 0xBC8E, 0xFFFF,
 0xBC8E, 0xBC8E, 0xBC8E, 0xBC8E, 0xBC8E, 0xBC8E, 0xBC8E, 0xBC8E, 0xBC8E, 0xBC8E, 0xBC8E, 0xFFFF, 0xBC8E, 0xBC8E, 0xBC8E, 0xBC8E,
 0xBC8E, 0xBC8E, 0xBC8E, 0xBC8E, 0xBC8E, 0xBC8E, 0xBC8E, 0xFFFF, 0xBC8E, 0xBC8E, 0xBC8E, 0xBC8E, 0xBC8E, 0xBC8E, 0xBC8E, 0xBC8E,
 0xBC8E, 0xBC8E, 0xBC8E, 0xFFFF, 0xBC8E, 0xBC8E, 0xBC8E, 0xBC8E, 0xBC8E, 0xBC8E, 0xBC8E, 0xBC8E, 0xBC8E, 0xBC8E, 0xBC8E, 0xFFFF,
 0xBC8E, 0xBC8E, 0xBC8E, 0xBC8E, 0xBC8E, 0xBC8E, 0xBC8E, 0xBC8E, 0xBC8E, 0xBC8E, 0xBC8E, 0xBC8E, 0xBC8E, 0xBC8E, 0xBC8E, 0xBC8E,
 0xBC8E, 0xBC8E, 0xBC8E, 0xBC8E, 0xBC8E, 0xBC8E, 0xBC8E, 0xBC8E, 0xBC8E, 0xBC8E, 0xBC8E, 0xBC8E, 0xBC8E, 0xBC8E, 0xBC8E, 0xBC8E,
 0xFFFF, 0xFFFF, 0xFFFF, 0xFFFF, 0xFFFF, 0xFFFF, 0xFFFF, 0xFFFF, 0xFFFF, 0xFFFF, 0xFFFF, 0xFFFF, 0xFFFF, 0xFFFF, 0xFFFF, 0xFFFF,
 0xFFFF, 0xFFFF, 0xFFFF, 0xFFFF, 0xFFFF, 0xFFFF, 0xFFFF, 0xFFFF, 0xFFFF, 0xFFFF, 0xFFFF, 0xFFFF, 0xFFFF, 0xFFFF, 0xFFFF, 0xFFFF,
 0xFFFF, 0xFFFF, 0xFFFF, 0xFFFF, 0xFFFF, 0xFFFF, 0xFFFF, 0xFFFF, 0xFFFF, 0xFFFF, 0xFFFF, 0xFFFF, 0xFFFF, 0xFFFF, 0xFFFF, 0xFFFF,
 0xFFFF, 0xFFFF, 0xFFFF, 0xFFFF, 0xFFFF, 0xFFFF, 0xFFFF, 0xFFFF, 0xFFFF, 0xFFFF, 0xFFFF, 0xFFFF, 0xFFFF, 0xFFFF, 0xFFFF, 0xFFFF,
 0xFFFF, 0xFFFF, 0xFFFF, 0xFFFF, 0xFFFF, 0xFFFF, 0xFFFF, 0xFFFF, 0xFFFF, 0xFFFF, 0xFFFF, 0xFFFF, 0xFFFF, 0xFFFF, 0xFFFF, 0xFFFF,
 0xFFFF, 0xFFFF, 0xFFFF, 0xFFFF, 0xFFFF, 0xFFFF, 0xFFFF, 0xFFFF, 0xFFFF, 0xFFFF, 0xFFFF, 0xFFFF, 0xFFFF, 0xFFFF, 0xFFFF, 0xFFFF,
 0xBC8E, 0xBC8E, 0xBC8E, 0xBC8E, 0xBC8E, 0xBC8E, 0xBC8E, 0xBC8E, 0xBC8E, 0xBC8E, 0xBC8E, 0xBC8E, 0xBC8E, 0xBC8E, 0xBC8E, 0xBC8E,
 0xBC8E, 0xBC8E, 0xBC8E, 0xBC8E, 0xBC8E, 0xBC8E, 0xBC8E, 0xBC8E, 0xBC8E, 0xBC8E, 0xBC8E, 0xBC8E, 0xBC8E, 0xBC8E, 0xBC8E, 0xBC8E,
 0xFFFF, 0xBC8E, 0xBC8E, 0xBC8E, 0xBC8E, 0xBC8E, 0xBC8E, 0xBC8E, 0xBC8E, 0xBC8E, 0xBC8E, 0xBC8E, 0xFFFF, 0xBC8E, 0xBC8E, 0xBC8E,
 0xBC8E, 0xBC8E, 0xBC8E, 0xBC8E, 0xBC8E, 0xBC8E, 0xBC8E, 0xBC8E, 0xFFFF, 0xBC8E, 0xBC8E, 0xBC8E, 0xBC8E, 0xBC8E, 0xBC8E, 0xBC8E,
 0xBC8E, 0xBC8E, 0xBC8E, 0xFFFF, 0xBC8E, 0xBC8E, 0xBC8E, 0xBC8E, 0xBC8E, 0xBC8E, 0xBC8E, 0xBC8E, 0xBC8E, 0xBC8E, 0xBC8E, 0xFFFF,
 0xBC8E, 0xBC8E, 0xBC8E, 0xBC8E, 0xBC8E, 0xBC8E, 0xBC8E, 0xBC8E, 0xBC8E, 0xBC8E, 0xBC8E, 0xFFFF, 0xBC8E, 0xBC8E, 0xBC8E, 0xBC8E,
 0xBC8E, 0xBC8E, 0xBC8E, 0xBC8E, 0xBC8E, 0xBC8E, 0xBC8E, 0xFFFF, 0xBC8E, 0xBC8E, 0xBC8E, 0xBC8E, 0xBC8E, 0xBC8E, 0xBC8E, 0xBC8E,
 0xBC8E, 0xBC8E, 0xBC8E, 0xFFFF, 0xBC8E, 0xBC8E, 0xBC8E, 0xBC8E, 0xBC8E, 0xBC8E, 0xBC8E, 0xBC8E, 0xBC8E, 0xBC8E, 0xBC8E, 0xFFFF,
 0xBC8E, 0xBC8E, 0xBC8E, 0xBC8E, 0xBC8E, 0xBC8E, 0xBC8E, 0xBC8E, 0xBC8E, 0xBC8E, 0xBC8E, 0xBC8E, 0xBC8E, 0xBC8E, 0xBC8E, 0xBC8E,
 0xBC8E, 0xBC8E, 0xBC8E, 0xBC8E, 0xBC8E, 0xBC8E, 0xBC8E, 0xBC8E, 0xBC8E, 0xBC8E, 0xBC8E, 0xBC8E, 0xBC8E, 0xBC8E, 0xBC8E, 0xBC8E,
 0xFFFF, 0xBC8E, 0xBC8E, 0xBC8E, 0xBC8E, 0xBC8E, 0xBC8E, 0xBC8E, 0xBC8E, 0xBC8E, 0xBC8E, 0xBC8E, 0xFFFF, 0xBC8E, 0xBC8E, 0xBC8E,
 0xBC8E, 0xBC8E, 0xBC8E, 0xBC8E, 0xBC8E, 0xBC8E, 0xBC8E, 0xBC8E, 0xFFFF, 0xBC8E, 0xBC8E, 0xBC8E, 0xBC8E, 0xBC8E, 0xBC8E, 0xBC8E,
 0xBC8E, 0xBC8E, 0xBC8E, 0xFFFF, 0xBC8E, 0xBC8E, 0xBC8E, 0xBC8E, 0xBC8E, 0xBC8E, 0xBC8E, 0xBC8E, 0xBC8E, 0xBC8E, 0xBC8E, 0xFFFF,
 0xBC8E, 0xBC8E, 0xBC8E, 0xBC8E, 0xBC8E, 0xBC8E, 0xBC8E, 0xBC8E, 0xBC8E, 0xBC8E, 0xBC8E, 0xFFFF, 0xBC8E, 0xBC8E, 0xBC8E, 0xBC8E,
 0xBC8E, 0xBC8E, 0xBC8E, 0xBC8E, 0xBC8E, 0xBC8E, 0xBC8E, 0xFFFF, 0xBC8E, 0xBC8E, 0xBC8E, 0xBC8E, 0xBC8E, 0xBC8E, 0xBC8E, 0xBC8E,
 0xBC8E, 0xBC8E, 0xBC8E, 0xFFFF, 0xBC8E, 0xBC8E, 0xBC8E, 0xBC8E, 0xBC8E, 0xBC8E, 0xBC8E, 0xBC8E, 0xBC8E, 0xBC8E, 0xBC8E, 0xFFFF,
 0xBC8E, 0xBC8E, 0xBC8E, 0xBC8E, 0xBC8E, 0xBC8E, 0xBC8E, 0xBC8E, 0xBC8E, 0xBC8E, 0xBC8E, 0xBC8E, 0xBC8E, 0xBC8E, 0xBC8E, 0xBC8E,
 0xBC8E, 0xBC8E, 0xBC8E, 0xBC8E, 0xBC8E, 0xBC8E, 0xBC8E, 0xBC8E, 0xBC8E, 0xBC8E, 0xBC8E, 0xBC8E, 0xBC8E, 0xBC8E, 0xBC8E, 0xBC8E,
 0xFFFF, 0xBC8E, 0xBC8E, 0xBC8E, 0xBC8E, 0xBC8E, 0xBC8E, 0xBC8E, 0xBC8E, 0xBC8E, 0xBC8E, 0xBC8E, 0xFFFF, 0xBC8E, 0xBC8E, 0xBC8E,
 0xBC8E, 0xBC8E, 0xBC8E, 0xBC8E, 0xBC8E, 0xBC8E, 0xBC8E, 0xBC8E, 0xFFFF, 0xBC8E, 0xBC8E, 0xBC8E, 0xBC8E, 0xBC8E, 0xBC8E, 0xBC8E,
 0xBC8E, 0xBC8E, 0xBC8E, 0xFFFF, 0xBC8E, 0xBC8E, 0xBC8E, 0xBC8E, 0xBC8E, 0xBC8E, 0xBC8E, 0xBC8E, 0xBC8E, 0xBC8E, 0xBC8E, 0xFFFF,
 0xBC8E, 0xBC8E, 0xBC8E, 0xBC8E, 0xBC8E, 0xBC8E, 0xBC8E, 0xBC8E, 0xBC8E, 0xBC8E, 0xBC8E, 0xFFFF, 0xBC8E, 0xBC8E, 0xBC8E, 0xBC8E,
 0xBC8E, 0xBC8E, 0xBC8E, 0xBC8E, 0xBC8E, 0xBC8E, 0xBC8E, 0xFFFF, 0xBC8E, 0xBC8E, 0xBC8E, 0xBC8E, 0xBC8E, 0xBC8E, 0xBC8E, 0xBC8E,
 0xBC8E, 0xBC8E, 0xBC8E, 0xFFFF, 0xBC8E, 0xBC8E, 0xBC8E, 0xBC8E, 0xBC8E, 0xBC8E, 0xBC8E, 0xBC8E, 0xBC8E, 0xBC8E, 0xBC8E, 0xFFFF,
 0xBC8E, 0xBC8E, 0xBC8E, 0xBC8E, 0xBC8E, 0xBC8E, 0xBC8E, 0xBC8E, 0xBC8E, 0xBC8E, 0xBC8E, 0xBC8E, 0xBC8E, 0xBC8E, 0xBC8E, 0xBC8E,
 0xBC8E, 0xBC8E, 0xBC8E, 0xBC8E, 0xBC8E, 0xBC8E, 0xBC8E, 0xBC8E, 0xBC8E, 0xBC8E, 0xBC8E, 0xBC8E, 0xBC8E, 0xBC8E, 0xBC8E, 0xBC8E,
 0xFFFF, 0xBC8E, 0xBC8E, 0xBC8E, 0xBC8E, 0xBC8E, 0xBC8E, 0xBC8E, 0xBC8E, 0xBC8E, 0xBC8E, 0xBC8E, 0xFFFF, 0xBC8E, 0xBC8E, 0xBC8E,
 0xBC8E, 0xBC8E, 0xBC8E, 0xBC8E, 0xBC8E, 0xBC8E, 0xBC8E, 0xBC8E, 0xFFFF, 0xBC8E, 0xBC8E, 0xBC8E, 0xBC8E, 0xBC8E, 0xBC8E, 0xBC8E,
 0xBC8E, 0xBC8E, 0xBC8E, 0xFFFF, 0xBC8E, 0xBC8E, 0xBC8E, 0xBC8E, 0xBC8E, 0xBC8E, 0xBC8E, 0xBC8E, 0xBC8E, 0xBC8E, 0xBC8E, 0xFFFF,
 0xBC8E, 0xBC8E, 0xBC8E, 0xBC8E, 0xBC8E, 0xBC8E, 0xBC8E, 0xBC8E, 0xBC8E, 0xBC8E, 0xBC8E, 0xFFFF, 0xBC8E, 0xBC8E, 0xBC8E, 0xBC8E,
 0xBC8E, 0xBC8E, 0xBC8E, 0xBC8E, 0xBC8E, 0xBC8E, 0xBC8E, 0xFFFF, 0xBC8E, 0xBC8E, 0xBC8E, 0xBC8E, 0xBC8E, 0xBC8E, 0xBC8E, 0xBC8E,
 0xBC8E, 0xBC8E, 0xBC8E, 0xFFFF, 0xBC8E, 0xBC8E, 0xBC8E, 0xBC8E, 0xBC8E, 0xBC8E, 0xBC8E, 0xBC8E, 0xBC8E, 0xBC8E, 0xBC8E, 0xFFFF,
 0xBC8E, 0xBC8E, 0xBC8E, 0xBC8E, 0xBC8E, 0xBC8E, 0xBC8E, 0xBC8E, 0xBC8E, 0xBC8E, 0xBC8E, 0xBC8E, 0xBC8E, 0xBC8E, 0xBC8E, 0xBC8E,
 0xBC8E, 0xBC8E, 0xBC8E, 0xBC8E, 0xBC8E, 0xBC8E, 0xBC8E, 0xBC8E, 0xBC8E, 0xBC8E, 0xBC8E, 0xBC8E, 0xBC8E, 0xBC8E, 0xBC8E, 0xBC8E,
 0xFFFF, 0xBC8E, 0xBC8E, 0xBC8E, 0xBC8E, 0xBC8E, 0xBC8E, 0xBC8E, 0xBC8E, 0xBC8E, 0xBC8E, 0xBC8E, 0xFFFF, 0xBC8E, 0xBC8E, 0xBC8E,
 0xBC8E, 0xBC8E, 0xBC8E, 0xBC8E, 0xBC8E, 0xBC8E, 0xBC8E, 0xBC8E, 0xFFFF, 0xBC8E, 0xBC8E, 0xBC8E, 0xBC8E, 0xBC8E, 0xBC8E, 0xBC8E,
 0xBC8E, 0xBC8E, 0xBC8E, 0xFFFF, 0xBC8E, 0xBC8E, 0xBC8E, 0xBC8E, 0xBC8E, 0xBC8E, 0xBC8E, 0xBC8E, 0xBC8E, 0xBC8E, 0xBC8E, 0xFFFF,
 0xBC8E, 0xBC8E, 0xBC8E, 0xBC8E, 0xBC8E, 0xBC8E, 0xBC8E, 0xBC8E, 0xBC8E, 0xBC8E, 0xBC8E, 0xFFFF, 0xBC8E, 0xBC8E, 0xBC8E, 0xBC8E,
 0xBC8E, 0xBC8E, 0xBC8E, 0xBC8E, 0xBC8E, 0xBC8E, 0xBC8E, 0xFFFF, 0xBC8E, 0xBC8E, 0xBC8E, 0xBC8E, 0xBC8E, 0xBC8E, 0xBC8E, 0xBC8E,
 0xBC8E, 0xBC8E, 0xBC8E, 0xFFFF, 0xBC8E, 0xBC8E, 0xBC8E, 0xBC8E, 0xBC8E, 0xBC8E, 0xBC8E, 0xBC8E, 0xBC8E, 0xBC8E, 0xBC8E, 0xFFFF,
 0xBC8E, 0xBC8E, 0xBC8E, 0xBC8E, 0xBC8E, 0xBC8E, 0xBC8E, 0xBC8E, 0xBC8E, 0xBC8E, 0xBC8E, 0xBC8E, 0xBC8E, 0xBC8E, 0xBC8E, 0xBC8E,
 0xBC8E, 0xBC8E, 0xBC8E, 0xBC8E, 0xBC8E, 0xBC8E, 0xBC8E, 0xBC8E, 0xBC8E, 0xBC8E, 0xBC8E, 0xBC8E, 0xBC8E, 0xBC8E, 0xBC8E, 0xBC8E,
 0xFFFF, 0xBC8E, 0xBC8E, 0xBC8E, 0xBC8E, 0xBC8E, 0xBC8E, 0xBC8E, 0xBC8E, 0xBC8E, 0xBC8E, 0xBC8E, 0xFFFF, 0xBC8E, 0xBC8E, 0xBC8E,
 0xBC8E, 0xBC8E, 0xBC8E, 0xBC8E, 0xBC8E, 0xBC8E, 0xBC8E, 0xBC8E, 0xFFFF, 0xBC8E, 0xBC8E, 0xBC8E, 0xBC8E, 0xBC8E, 0xBC8E, 0xBC8E,
 0xBC8E, 0xBC8E, 0xBC8E, 0xFFFF, 0xBC8E, 0xBC8E, 0xBC8E, 0xBC8E, 0xBC8E, 0xBC8E, 0xBC8E, 0xBC8E, 0xBC8E, 0xBC8E, 0xBC8E, 0xFFFF,
 0xBC8E, 0xBC8E, 0xBC8E, 0xBC8E, 0xBC8E, 0xBC8E, 0xBC8E, 0xBC8E, 0xBC8E, 0xBC8E, 0xBC8E, 0xFFFF, 0xBC8E, 0xBC8E, 0xBC8E, 0xBC8E,
 0xBC8E, 0xBC8E, 0xBC8E, 0xBC8E, 0xBC8E, 0xBC8E, 0xBC8E, 0xFFFF, 0xBC8E, 0xBC8E, 0xBC8E, 0xBC8E, 0xBC8E, 0xBC8E, 0xBC8E, 0xBC8E,
 0xBC8E, 0xBC8E, 0xBC8E, 0xFFFF, 0xBC8E, 0xBC8E, 0xBC8E, 0xBC8E, 0xBC8E, 0xBC8E, 0xBC8E, 0xBC8E, 0xBC8E, 0xBC8E, 0xBC8E, 0xFFFF,
 0xBC8E, 0xBC8E, 0xBC8E, 0xBC8E, 0xBC8E, 0xBC8E, 0xBC8E, 0xBC8E, 0xBC8E, 0xBC8E, 0xBC8E, 0xBC8E, 0xBC8E, 0xBC8E, 0xBC8E, 0xBC8E,
 0xBC8E, 0xBC8E, 0xBC8E, 0xBC8E, 0xBC8E, 0xBC8E, 0xBC8E, 0xBC8E, 0xBC8E, 0xBC8E, 0xBC8E, 0xBC8E, 0xBC8E, 0xBC8E, 0xBC8E, 0xBC8E,
 0xFFFF, 0xBC8E, 0xBC8E, 0xBC8E, 0xBC8E, 0xBC8E, 0xBC8E, 0xBC8E, 0xBC8E, 0xBC8E, 0xBC8E, 0xBC8E, 0xFFFF, 0xBC8E, 0xBC8E, 0xBC8E,
 0xBC8E, 0xBC8E, 0xBC8E, 0xBC8E, 0xBC8E, 0xBC8E, 0xBC8E, 0xBC8E, 0xFFFF, 0xBC8E, 0xBC8E, 0xBC8E, 0xBC8E, 0xBC8E, 0xBC8E, 0xBC8E,
 0xBC8E, 0xBC8E, 0xBC8E, 0xFFFF, 0xBC8E, 0xBC8E, 0xBC8E, 0xBC8E, 0xBC8E, 0xBC8E, 0xBC8E, 0xBC8E, 0xBC8E, 0xBC8E, 0xBC8E, 0xFFFF,
 0xBC8E, 0xBC8E, 0xBC8E, 0xBC8E, 0xBC8E, 0xBC8E, 0xBC8E, 0xBC8E, 0xBC8E, 0xBC8E, 0xBC8E, 0xFFFF, 0xBC8E, 0xBC8E, 0xBC8E, 0xBC8E,
 0xBC8E, 0xBC8E, 0xBC8E, 0xBC8E, 0xBC8E, 0xBC8E, 0xBC8E, 0xFFFF, 0xBC8E, 0xBC8E, 0xBC8E, 0xBC8E, 0xBC8E, 0xBC8E, 0xBC8E, 0xBC8E,
 0xBC8E, 0xBC8E, 0xBC8E, 0xFFFF, 0xBC8E, 0xBC8E, 0xBC8E, 0xBC8E, 0xBC8E, 0xBC8E, 0xBC8E, 0xBC8E, 0xBC8E, 0xBC8E, 0xBC8E, 0xFFFF,
 0xBC8E, 0xBC8E, 0xBC8E, 0xBC8E, 0xBC8E, 0xBC8E, 0xBC8E, 0xBC8E, 0xBC8E, 0xBC8E, 0xBC8E, 0xBC8E, 0xBC8E, 0xBC8E, 0xBC8E, 0xBC8E,
 0xBC8E, 0xBC8E, 0xBC8E, 0xBC8E, 0xBC8E, 0xBC8E, 0xBC8E, 0xBC8E, 0xBC8E, 0xBC8E, 0xBC8E, 0xBC8E, 0xBC8E, 0xBC8E, 0xBC8E, 0xBC8E,
 0xFFFF, 0xBC8E, 0xBC8E, 0xBC8E, 0xBC8E, 0xBC8E, 0xBC8E, 0xBC8E, 0xBC8E, 0xBC8E, 0xBC8E, 0xBC8E, 0xFFFF, 0xBC8E, 0xBC8E, 0xBC8E,
 0xBC8E, 0xBC8E, 0xBC8E, 0xBC8E, 0xBC8E, 0xBC8E, 0xBC8E, 0xBC8E, 0xFFFF, 0xBC8E, 0xBC8E, 0xBC8E, 0xBC8E, 0xBC8E, 0xBC8E, 0xBC8E,
 0xBC8E, 0xBC8E, 0xBC8E, 0xFFFF, 0xBC8E, 0xBC8E, 0xBC8E, 0xBC8E, 0xBC8E, 0xBC8E, 0xBC8E, 0xBC8E, 0xBC8E, 0xBC8E, 0xBC8E, 0xFFFF,
 0xBC8E, 0xBC8E, 0xBC8E, 0xBC8E, 0xBC8E, 0xBC8E, 0xBC8E, 0xBC8E, 0xBC8E, 0xBC8E, 0xBC8E, 0xFFFF, 0xBC8E, 0xBC8E, 0xBC8E, 0xBC8E,
 0xBC8E, 0xBC8E, 0xBC8E, 0xBC8E, 0xBC8E, 0xBC8E, 0xBC8E, 0xFFFF, 0xBC8E, 0xBC8E, 0xBC8E, 0xBC8E, 0xBC8E, 0xBC8E, 0xBC8E, 0xBC8E,
 0xBC8E, 0xBC8E, 0xBC8E, 0xFFFF, 0xBC8E, 0xBC8E, 0xBC8E, 0xBC8E, 0xBC8E, 0xBC8E, 0xBC8E, 0xBC8E, 0xBC8E, 0xBC8E, 0xBC8E, 0xFFFF,
 0xBC8E, 0xBC8E, 0xBC8E, 0xBC8E, 0xBC8E, 0xBC8E, 0xBC8E, 0xBC8E, 0xBC8E, 0xBC8E, 0xBC8E, 0xBC8E, 0xBC8E, 0xBC8E, 0xBC8E, 0xBC8E,
 0xBC8E, 0xBC8E, 0xBC8E, 0xBC8E, 0xBC8E, 0xBC8E, 0xBC8E, 0xBC8E, 0xBC8E, 0xBC8E, 0xBC8E, 0xBC8E, 0xBC8E, 0xBC8E, 0xBC8E, 0xBC8E,
 0xFFFF, 0xBC8E, 0xBC8E, 0xBC8E, 0xBC8E, 0xBC8E, 0xBC8E, 0xBC8E, 0xBC8E, 0xBC8E, 0xBC8E, 0xBC8E, 0xFFFF, 0xBC8E, 0xBC8E, 0xBC8E,
 0xBC8E, 0xBC8E, 0xBC8E, 0xBC8E, 0xBC8E, 0xBC8E, 0xBC8E, 0xBC8E, 0xFFFF, 0xBC8E, 0xBC8E, 0xBC8E, 0xBC8E, 0xBC8E, 0xBC8E, 0xBC8E,
 0xBC8E, 0xBC8E, 0xBC8E, 0xFFFF, 0xBC8E, 0xBC8E, 0xBC8E, 0xBC8E, 0xBC8E, 0xBC8E, 0xBC8E, 0xBC8E, 0xBC8E, 0xBC8E, 0xBC8E, 0xFFFF,
 0xBC8E, 0xBC8E, 0xBC8E, 0xBC8E, 0xBC8E, 0xBC8E, 0xBC8E, 0xBC8E, 0xBC8E, 0xBC8E, 0xBC8E, 0xFFFF, 0xBC8E, 0xBC8E, 0xBC8E, 0xBC8E,
 0xBC8E, 0xBC8E, 0xBC8E, 0xBC8E, 0xBC8E, 0xBC8E, 0xBC8E, 0xFFFF, 0xBC8E, 0xBC8E, 0xBC8E, 0xBC8E, 0xBC8E, 0xBC8E, 0xBC8E, 0xBC8E,
 0xBC8E, 0xBC8E, 0xBC8E, 0xFFFF, 0xBC8E, 0xBC8E, 0xBC8E, 0xBC8E, 0xBC8E, 0xBC8E, 0xBC8E, 0xBC8E, 0xBC8E, 0xBC8E, 0xBC8E, 0xFFFF,
 0xBC8E, 0xBC8E, 0xBC8E, 0xBC8E, 0xBC8E, 0xBC8E, 0xBC8E, 0xBC8E, 0xBC8E, 0xBC8E, 0xBC8E, 0xBC8E, 0xBC8E, 0xBC8E, 0xBC8E, 0xBC8E,
 0xBC8E, 0xBC8E, 0xBC8E, 0xBC8E, 0xBC8E, 0xBC8E, 0xBC8E, 0xBC8E, 0xBC8E, 0xBC8E, 0xBC8E, 0xBC8E, 0xBC8E, 0xBC8E, 0xBC8E, 0xBC8E,
 0xFFFF, 0xBC8E, 0xBC8E, 0xBC8E, 0xBC8E, 0xBC8E, 0xBC8E, 0xBC8E, 0xBC8E, 0xBC8E, 0xBC8E, 0xBC8E, 0xFFFF, 0xBC8E, 0xBC8E, 0xBC8E,
 0xBC8E, 0xBC8E, 0xBC8E, 0xBC8E, 0xBC8E, 0xBC8E, 0xBC8E, 0xBC8E, 0xFFFF, 0xBC8E, 0xBC8E, 0xBC8E, 0xBC8E, 0xBC8E, 0xBC8E, 0xBC8E,
 0xBC8E, 0xBC8E, 0xBC8E, 0xFFFF, 0xBC8E, 0xBC8E, 0xBC8E, 0xBC8E, 0xBC8E, 0xBC8E, 0xBC8E, 0xBC8E, 0xBC8E, 0xBC8E, 0xBC8E, 0xFFFF,
 0xBC8E, 0xBC8E, 0xBC8E, 0xBC8E, 0xBC8E, 0xBC8E, 0xBC8E, 0xBC8E, 0xBC8E, 0xBC8E, 0xBC8E, 0xFFFF, 0xBC8E, 0xBC8E, 0xBC8E, 0xBC8E,
 0xBC8E, 0xBC8E, 0xBC8E, 0xBC8E, 0xBC8E, 0xBC8E, 0xBC8E, 0xFFFF, 0xBC8E, 0xBC8E, 0xBC8E, 0xBC8E, 0xBC8E, 0xBC8E, 0xBC8E, 0xBC8E,
 0xBC8E, 0xBC8E, 0xBC8E, 0xFFFF, 0xBC8E, 0xBC8E, 0xBC8E, 0xBC8E, 0xBC8E, 0xBC8E, 0xBC8E, 0xBC8E, 0xBC8E, 0xBC8E, 0xBC8E, 0xFFFF,
 0xBC8E, 0xBC8E, 0xBC8E, 0xBC8E, 0xBC8E, 0xBC8E, 0xBC8E, 0xBC8E, 0xBC8E, 0xBC8E, 0xBC8E, 0xBC8E, 0xBC8E, 0xBC8E, 0xBC8E, 0xBC8E,
 0xBC8E, 0xBC8E, 0xBC8E, 0xBC8E, 0xBC8E, 0xBC8E, 0xBC8E, 0xBC8E, 0xBC8E, 0xBC8E, 0xBC8E, 0xBC8E, 0xBC8E, 0xBC8E, 0xBC8E, 0xBC8E,
 0xFFFF, 0xBC8E, 0xBC8E, 0xBC8E, 0xBC8E, 0xBC8E, 0xBC8E, 0xBC8E, 0xBC8E, 0xBC8E, 0xBC8E, 0xBC8E, 0xFFFF, 0xBC8E, 0xBC8E, 0xBC8E,
 0xBC8E, 0xBC8E, 0xBC8E, 0xBC8E, 0xBC8E, 0xBC8E, 0xBC8E, 0xBC8E, 0xFFFF, 0xBC8E, 0xBC8E, 0xBC8E, 0xBC8E, 0xBC8E, 0xBC8E, 0xBC8E,
 0xBC8E, 0xBC8E, 0xBC8E, 0xFFFF, 0xBC8E, 0xBC8E, 0xBC8E, 0xBC8E, 0xBC8E, 0xBC8E, 0xBC8E, 0xBC8E, 0xBC8E, 0xBC8E, 0xBC8E, 0xFFFF,
 0xBC8E, 0xBC8E, 0xBC8E, 0xBC8E, 0xBC8E, 0xBC8E, 0xBC8E, 0xBC8E, 0xBC8E, 0xBC8E, 0xBC8E, 0xFFFF, 0xBC8E, 0xBC8E, 0xBC8E, 0xBC8E,
 0xBC8E, 0xBC8E, 0xBC8E, 0xBC8E, 0xBC8E, 0xBC8E, 0xBC8E, 0xFFFF, 0xBC8E, 0xBC8E, 0xBC8E, 0xBC8E, 0xBC8E, 0xBC8E, 0xBC8E, 0xBC8E,
 0xBC8E, 0xBC8E, 0xBC8E, 0xFFFF, 0xBC8E, 0xBC8E, 0xBC8E, 0xBC8E, 0xBC8E, 0xBC8E, 0xBC8E, 0xBC8E, 0xBC8E, 0xBC8E, 0xBC8E, 0xFFFF,
 0xBC8E, 0xBC8E, 0xBC8E, 0xBC8E, 0xBC8E, 0xBC8E, 0xBC8E, 0xBC8E, 0xBC8E, 0xBC8E, 0xBC8E, 0xBC8E, 0xBC8E, 0xBC8E, 0xBC8E, 0xBC8E,
 0xBC8E, 0xBC8E, 0xBC8E, 0xBC8E, 0xBC8E, 0xBC8E, 0xBC8E, 0xBC8E, 0xBC8E, 0xBC8E, 0xBC8E, 0xBC8E, 0xBC8E, 0xBC8E, 0xBC8E, 0xBC8E,
 0xFFFF, 0xFFFF, 0xFFFF, 0xFFFF, 0xFFFF, 0xFFFF, 0xFFFF, 0xFFFF, 0xFFFF, 0xFFFF, 0xFFFF, 0xFFFF, 0xFFFF, 0xFFFF, 0xFFFF, 0xFFFF,
 0xFFFF, 0xFFFF, 0xFFFF, 0xFFFF, 0xFFFF, 0xFFFF, 0xFFFF, 0xFFFF, 0xFFFF, 0xFFFF, 0xFFFF, 0xFFFF, 0xFFFF, 0xFFFF, 0xFFFF, 0xFFFF,
 0xFFFF, 0xFFFF, 0xFFFF, 0xFFFF, 0xFFFF, 0xFFFF, 0xFFFF, 0xFFFF, 0xFFFF, 0xFFFF, 0xFFFF, 0xFFFF, 0xFFFF, 0xFFFF, 0xFFFF, 0xFFFF,
 0xFFFF, 0xFFFF, 0xFFFF, 0xFFFF, 0xFFFF, 0xFFFF, 0xFFFF, 0xFFFF, 0xFFFF, 0xFFFF, 0xFFFF, 0xFFFF, 0xFFFF, 0xFFFF, 0xFFFF, 0xFFFF,
 0xFFFF, 0xFFFF, 0xFFFF, 0xFFFF, 0xFFFF, 0xFFFF, 0xFFFF, 0xFFFF, 0xFFFF, 0xFFFF, 0xFFFF, 0xFFFF, 0xFFFF, 0xFFFF, 0xFFFF, 0xFFFF,
 0xFFFF, 0xFFFF, 0xFFFF, 0xFFFF, 0xFFFF, 0xFFFF, 0xFFFF, 0xFFFF, 0xFFFF, 0xFFFF, 0xFFFF, 0xFFFF, 0xFFFF, 0xFFFF, 0xFFFF, 0xFFFF,
 0xBC8E, 0xBC8E, 0xBC8E, 0xBC8E, 0xBC8E, 0xBC8E, 0xBC8E, 0xBC8E, 0xBC8E, 0xBC8E, 0xBC8E, 0xBC8E, 0xBC8E, 0xBC8E, 0xBC8E, 0xBC8E,
 0xBC8E, 0xBC8E, 0xBC8E, 0xBC8E, 0xBC8E, 0xBC8E, 0xBC8E, 0xBC8E, 0xBC8E, 0xBC8E, 0xBC8E, 0xBC8E, 0xBC8E, 0xBC8E, 0xBC8E, 0xBC8E,
 0xFFFF, 0xBC8E, 0xBC8E, 0xBC8E, 0xBC8E, 0xBC8E, 0xBC8E, 0xBC8E, 0xBC8E, 0xBC8E, 0xBC8E, 0xBC8E, 0xFFFF, 0xBC8E, 0xBC8E, 0xBC8E,
 0xBC8E, 0xBC8E, 0xBC8E, 0xBC8E, 0xBC8E, 0xBC8E, 0xBC8E, 0xBC8E, 0xFFFF, 0xBC8E, 0xBC8E, 0xBC8E, 0xBC8E, 0xBC8E, 0xBC8E, 0xBC8E,
 0xBC8E, 0xBC8E, 0xBC8E, 0xFFFF, 0xBC8E, 0xBC8E, 0xBC8E, 0xBC8E, 0xBC8E, 0xBC8E, 0xBC8E, 0xBC8E, 0xBC8E, 0xBC8E, 0xBC8E, 0xFFFF,
 0xBC8E, 0xBC8E, 0xBC8E, 0xBC8E, 0xBC8E, 0xBC8E, 0xBC8E, 0xBC8E, 0xBC8E, 0xBC8E, 0xBC8E, 0xFFFF, 0xBC8E, 0xBC8E, 0xBC8E, 0xBC8E,
 0xBC8E, 0xBC8E, 0xBC8E, 0xBC8E, 0xBC8E, 0xBC8E, 0xBC8E, 0xFFFF, 0xBC8E, 0xBC8E, 0xBC8E, 0xBC8E, 0xBC8E, 0xBC8E, 0xBC8E, 0xBC8E,
 0xBC8E, 0xBC8E, 0xBC8E, 0xFFFF, 0xBC8E, 0xBC8E, 0xBC8E, 0xBC8E, 0xBC8E, 0xBC8E, 0xBC8E, 0xBC8E, 0xBC8E, 0xBC8E, 0xBC8E, 0xFFFF,
 0xBC8E, 0xBC8E, 0xBC8E, 0xBC8E, 0xBC8E, 0xBC8E, 0xBC8E, 0xBC8E, 0xBC8E, 0xBC8E, 0xBC8E, 0xBC8E, 0xBC8E, 0xBC8E, 0xBC8E, 0xBC8E,
 0xBC8E, 0xBC8E, 0xBC8E, 0xBC8E, 0xBC8E, 0xBC8E, 0xBC8E, 0xBC8E, 0xBC8E, 0xBC8E, 0xBC8E, 0xBC8E, 0xBC8E, 0xBC8E, 0xBC8E, 0xBC8E,
 0xFFFF, 0xBC8E, 0xBC8E, 0xBC8E, 0xBC8E, 0xBC8E, 0xBC8E, 0xBC8E, 0xBC8E, 0xBC8E, 0xBC8E, 0xBC8E, 0xFFFF, 0xBC8E, 0xBC8E, 0xBC8E,
 0xBC8E, 0xBC8E, 0xBC8E, 0xBC8E, 0xBC8E, 0xBC8E, 0xBC8E, 0xBC8E, 0xFFFF, 0xBC8E, 0xBC8E, 0xBC8E, 0xBC8E, 0xBC8E, 0xBC8E, 0xBC8E,
 0xBC8E, 0xBC8E, 0xBC8E, 0xFFFF, 0xBC8E, 0xBC8E, 0xBC8E, 0xBC8E, 0xBC8E, 0xBC8E, 0xBC8E, 0xBC8E, 0xBC8E, 0xBC8E, 0xBC8E, 0xFFFF,
 0xBC8E, 0xBC8E, 0xBC8E, 0xBC8E, 0xBC8E, 0xBC8E, 0xBC8E, 0xBC8E, 0xBC8E, 0xBC8E, 0xBC8E, 0xFFFF, 0xBC8E, 0xBC8E, 0xBC8E, 0xBC8E,
 0xBC8E, 0xBC8E, 0xBC8E, 0xBC8E, 0xBC8E, 0xBC8E, 0xBC8E, 0xFFFF, 0xBC8E, 0xBC8E, 0xBC8E, 0xBC8E, 0xBC8E, 0xBC8E, 0xBC8E, 0xBC8E,
 0xBC8E, 0xBC8E, 0xBC8E, 0xFFFF, 0xBC8E, 0xBC8E, 0xBC8E, 0xBC8E, 0xBC8E, 0xBC8E, 0xBC8E, 0xBC8E, 0xBC8E, 0xBC8E, 0xBC8E, 0xFFFF,
 0xBC8E, 0xBC8E, 0xBC8E, 0xBC8E, 0xBC8E, 0xBC8E, 0xBC8E, 0xBC8E, 0xBC8E, 0xBC8E, 0xBC8E, 0xBC8E, 0xBC8E, 0xBC8E, 0xBC8E, 0xBC8E,
 0xBC8E, 0xBC8E, 0xBC8E, 0xBC8E, 0xBC8E, 0xBC8E, 0xBC8E, 0xBC8E, 0xBC8E, 0xBC8E, 0xBC8E, 0xBC8E, 0xBC8E, 0xBC8E, 0xBC8E, 0xBC8E,
 0xFFFF, 0xBC8E, 0xBC8E, 0xBC8E, 0xBC8E, 0xBC8E, 0xBC8E, 0xBC8E, 0xBC8E, 0xBC8E, 0xBC8E, 0xBC8E, 0xFFFF, 0xBC8E, 0xBC8E, 0xBC8E,
 0xBC8E, 0xBC8E, 0xBC8E, 0xBC8E, 0xBC8E, 0xBC8E, 0xBC8E, 0xBC8E, 0xFFFF, 0xBC8E, 0xBC8E, 0xBC8E, 0xBC8E, 0xBC8E, 0xBC8E, 0xBC8E,
 0xBC8E, 0xBC8E, 0xBC8E, 0xFFFF, 0xBC8E, 0xBC8E, 0xBC8E, 0xBC8E, 0xBC8E, 0xBC8E, 0xBC8E, 0xBC8E, 0xBC8E, 0xBC8E, 0xBC8E, 0xFFFF,
 0xBC8E, 0xBC8E, 0xBC8E, 0xBC8E, 0xBC8E, 0xBC8E, 0xBC8E, 0xBC8E, 0xBC8E, 0xBC8E, 0xBC8E, 0xFFFF, 0xBC8E, 0xBC8E, 0xBC8E, 0xBC8E,
 0xBC8E, 0xBC8E, 0xBC8E, 0xBC8E, 0xBC8E, 0xBC8E, 0xBC8E, 0xFFFF, 0xBC8E, 0xBC8E, 0xBC8E, 0xBC8E, 0xBC8E, 0xBC8E, 0xBC8E, 0xBC8E,
 0xBC8E, 0xBC8E, 0xBC8E, 0xFFFF, 0xBC8E, 0xBC8E, 0xBC8E, 0xBC8E, 0xBC8E, 0xBC8E, 0xBC8E, 0xBC8E, 0xBC8E, 0xBC8E, 0xBC8E, 0xFFFF,
 0xBC8E, 0xBC8E, 0xBC8E, 0xBC8E, 0xBC8E, 0xBC8E, 0xBC8E, 0xBC8E, 0xBC8E, 0xBC8E, 0xBC8E, 0xBC8E, 0xBC8E, 0xBC8E, 0xBC8E, 0xBC8E,
 0xBC8E, 0xBC8E, 0xBC8E, 0xBC8E, 0xBC8E, 0xBC8E, 0xBC8E, 0xBC8E, 0xBC8E, 0xBC8E, 0xBC8E, 0xBC8E, 0xBC8E, 0xBC8E, 0xBC8E, 0xBC8E,
 0xFFFF, 0xBC8E, 0xBC8E, 0xBC8E, 0xBC8E, 0xBC8E, 0xBC8E, 0xBC8E, 0xBC8E, 0xBC8E, 0xBC8E, 0xBC8E, 0xFFFF, 0xBC8E, 0xBC8E, 0xBC8E,
 0xBC8E, 0xBC8E, 0xBC8E, 0xBC8E, 0xBC8E, 0xBC8E, 0xBC8E, 0xBC8E, 0xFFFF, 0xBC8E, 0xBC8E, 0xBC8E, 0xBC8E, 0xBC8E, 0xBC8E, 0xBC8E,
 0xBC8E, 0xBC8E, 0xBC8E, 0xFFFF, 0xBC8E, 0xBC8E, 0xBC8E, 0xBC8E, 0xBC8E, 0xBC8E, 0xBC8E, 0xBC8E, 0xBC8E, 0xBC8E, 0xBC8E, 0xFFFF,
 0xBC8E, 0xBC8E, 0xBC8E, 0xBC8E, 0xBC8E, 0xBC8E, 0xBC8E, 0xBC8E, 0xBC8E, 0xBC8E, 0xBC8E, 0xFFFF, 0xBC8E, 0xBC8E, 0xBC8E, 0xBC8E,
 0xBC8E, 0xBC8E, 0xBC8E, 0xBC8E, 0xBC8E, 0xBC8E, 0xBC8E, 0xFFFF, 0xBC8E, 0xBC8E, 0xBC8E, 0xBC8E, 0xBC8E, 0xBC8E, 0xBC8E, 0xBC8E,
 0xBC8E, 0xBC8E, 0xBC8E, 0xFFFF, 0xBC8E, 0xBC8E, 0xBC8E, 0xBC8E, 0xBC8E, 0xBC8E, 0xBC8E, 0xBC8E, 0xBC8E, 0xBC8E, 0xBC8E, 0xFFFF,
 0xBC8E, 0xBC8E, 0xBC8E, 0xBC8E, 0xBC8E, 0xBC8E, 0xBC8E, 0xBC8E, 0xBC8E, 0xBC8E, 0xBC8E, 0xBC8E, 0xBC8E, 0xBC8E, 0xBC8E, 0xBC8E,
 0xBC8E, 0xBC8E, 0xBC8E, 0xBC8E, 0xBC8E, 0xBC8E, 0xBC8E, 0xBC8E, 0xBC8E, 0xBC8E, 0xBC8E, 0xBC8E, 0xBC8E, 0xBC8E, 0xBC8E, 0xBC8E,
 0xFFFF, 0xBC8E, 0xBC8E, 0xBC8E, 0xBC8E, 0xBC8E, 0xBC8E, 0xBC8E, 0xBC8E, 0xBC8E, 0xBC8E, 0xBC8E, 0xFFFF, 0xBC8E, 0xBC8E, 0xBC8E,
 0xBC8E, 0xBC8E, 0xBC8E, 0xBC8E, 0xBC8E, 0xBC8E, 0xBC8E, 0xBC8E, 0xFFFF, 0xBC8E, 0xBC8E, 0xBC8E, 0xBC8E, 0xBC8E, 0xBC8E, 0xBC8E,
 0xBC8E, 0xBC8E, 0xBC8E, 0xFFFF, 0xBC8E, 0xBC8E, 0xBC8E, 0xBC8E, 0xBC8E, 0xBC8E, 0xBC8E, 0xBC8E, 0xBC8E, 0xBC8E, 0xBC8E, 0xFFFF,
 0xBC8E, 0xBC8E, 0xBC8E, 0xBC8E, 0xBC8E, 0xBC8E, 0xBC8E, 0xBC8E, 0xBC8E, 0xBC8E, 0xBC8E, 0xFFFF, 0xBC8E, 0xBC8E, 0xBC8E, 0xBC8E,
 0xBC8E, 0xBC8E, 0xBC8E, 0xBC8E, 0xBC8E, 0xBC8E, 0xBC8E, 0xFFFF, 0xBC8E, 0xBC8E, 0xBC8E, 0xBC8E, 0xBC8E, 0xBC8E, 0xBC8E, 0xBC8E,
 0xBC8E, 0xBC8E, 0xBC8E, 0xFFFF, 0xBC8E, 0xBC8E, 0xBC8E, 0xBC8E, 0xBC8E, 0xBC8E, 0xBC8E, 0xBC8E, 0xBC8E, 0xBC8E, 0xBC8E, 0xFFFF,
 0xBC8E, 0xBC8E, 0xBC8E, 0xBC8E, 0xBC8E, 0xBC8E, 0xBC8E, 0xBC8E, 0xBC8E, 0xBC8E, 0xBC8E, 0xBC8E, 0xBC8E, 0xBC8E, 0xBC8E, 0xBC8E,
 0xBC8E, 0xBC8E, 0xBC8E, 0xBC8E, 0xBC8E, 0xBC8E, 0xBC8E, 0xBC8E, 0xBC8E, 0xBC8E, 0xBC8E, 0xBC8E, 0xBC8E, 0xBC8E, 0xBC8E, 0xBC8E,
 0xFFFF, 0xBC8E, 0xBC8E, 0xBC8E, 0xBC8E, 0xBC8E, 0xBC8E, 0xBC8E, 0xBC8E, 0xBC8E, 0xBC8E, 0xBC8E, 0xFFFF, 0xBC8E, 0xBC8E, 0xBC8E,
 0xBC8E, 0xBC8E, 0xBC8E, 0xBC8E, 0xBC8E, 0xBC8E, 0xBC8E, 0xBC8E, 0xFFFF, 0xBC8E, 0xBC8E, 0xBC8E, 0xBC8E, 0xBC8E, 0xBC8E, 0xBC8E,
 0xBC8E, 0xBC8E, 0xBC8E, 0xFFFF, 0xBC8E, 0xBC8E, 0xBC8E, 0xBC8E, 0xBC8E, 0xBC8E, 0xBC8E, 0xBC8E, 0xBC8E, 0xBC8E, 0xBC8E, 0xFFFF,
 0xBC8E, 0xBC8E, 0xBC8E, 0xBC8E, 0xBC8E, 0xBC8E, 0xBC8E, 0xBC8E, 0xBC8E, 0xBC8E, 0xBC8E, 0xFFFF, 0xBC8E, 0xBC8E, 0xBC8E, 0xBC8E,
 0xBC8E, 0xBC8E, 0xBC8E, 0xBC8E, 0xBC8E, 0xBC8E, 0xBC8E, 0xFFFF, 0xBC8E, 0xBC8E, 0xBC8E, 0xBC8E, 0xBC8E, 0xBC8E, 0xBC8E, 0xBC8E,
 0xBC8E, 0xBC8E, 0xBC8E, 0xFFFF, 0xBC8E, 0xBC8E, 0xBC8E, 0xBC8E, 0xBC8E, 0xBC8E, 0xBC8E, 0xBC8E, 0xBC8E, 0xBC8E, 0xBC8E, 0xFFFF,
 0xBC8E, 0xBC8E, 0xBC8E, 0xBC8E, 0xBC8E, 0xBC8E, 0xBC8E, 0xBC8E, 0xBC8E, 0xBC8E, 0xBC8E, 0xBC8E, 0xBC8E, 0xBC8E, 0xBC8E, 0xBC8E,
 0xBC8E, 0xBC8E, 0xBC8E, 0xBC8E, 0xBC8E, 0xBC8E, 0xBC8E, 0xBC8E, 0xBC8E, 0xBC8E, 0xBC8E, 0xBC8E, 0xBC8E, 0xBC8E, 0xBC8E, 0xBC8E,
 0xFFFF, 0xBC8E, 0xBC8E, 0xBC8E, 0xBC8E, 0xBC8E, 0xBC8E, 0xBC8E, 0xBC8E, 0xBC8E, 0xBC8E, 0xBC8E, 0xFFFF, 0xBC8E, 0xBC8E, 0xBC8E,
 0xBC8E, 0xBC8E, 0xBC8E, 0xBC8E, 0xBC8E, 0xBC8E, 0xBC8E, 0xBC8E, 0xFFFF, 0xBC8E, 0xBC8E, 0xBC8E, 0xBC8E, 0xBC8E, 0xBC8E, 0xBC8E,
 0xBC8E, 0xBC8E, 0xBC8E, 0xFFFF, 0xBC8E, 0xBC8E, 0xBC8E, 0xBC8E, 0xBC8E, 0xBC8E, 0xBC8E, 0xBC8E, 0xBC8E, 0xBC8E, 0xBC8E, 0xFFFF,
 0xBC8E, 0xBC8E, 0xBC8E, 0xBC8E, 0xBC8E, 0xBC8E, 0xBC8E, 0xBC8E, 0xBC8E, 0xBC8E, 0xBC8E, 0xFFFF, 0xBC8E, 0xBC8E, 0xBC8E, 0xBC8E,
 0xBC8E, 0xBC8E, 0xBC8E, 0xBC8E, 0xBC8E, 0xBC8E, 0xBC8E, 0xFFFF, 0xBC8E, 0xBC8E, 0xBC8E, 0xBC8E, 0xBC8E, 0xBC8E, 0xBC8E, 0xBC8E,
 0xBC8E, 0xBC8E, 0xBC8E, 0xFFFF, 0xBC8E, 0xBC8E, 0xBC8E, 0xBC8E, 0xBC8E, 0xBC8E, 0xBC8E, 0xBC8E, 0xBC8E, 0xBC8E, 0xBC8E, 0xFFFF,
 0xBC8E, 0xBC8E, 0xBC8E, 0xBC8E, 0xBC8E, 0xBC8E, 0xBC8E, 0xBC8E, 0xBC8E, 0xBC8E, 0xBC8E, 0xBC8E, 0xBC8E, 0xBC8E, 0xBC8E, 0xBC8E,
 0xBC8E, 0xBC8E, 0xBC8E, 0xBC8E, 0xBC8E, 0xBC8E, 0xBC8E, 0xBC8E, 0xBC8E, 0xBC8E, 0xBC8E, 0xBC8E, 0xBC8E, 0xBC8E, 0xBC8E, 0xBC8E,
 0xFFFF, 0xBC8E, 0xBC8E, 0xBC8E, 0xBC8E, 0xBC8E, 0xBC8E, 0xBC8E, 0xBC8E, 0xBC8E, 0xBC8E, 0xBC8E, 0xFFFF, 0xBC8E, 0xBC8E, 0xBC8E,
 0xBC8E, 0xBC8E, 0xBC8E, 0xBC8E, 0xBC8E, 0xBC8E, 0xBC8E, 0xBC8E, 0xFFFF, 0xBC8E, 0xBC8E, 0xBC8E, 0xBC8E, 0xBC8E, 0xBC8E, 0xBC8E,
 0xBC8E, 0xBC8E, 0xBC8E, 0xFFFF, 0xBC8E, 0xBC8E, 0xBC8E, 0xBC8E, 0xBC8E, 0xBC8E, 0xBC8E, 0xBC8E, 0xBC8E, 0xBC8E, 0xBC8E, 0xFFFF,
 0xBC8E, 0xBC8E, 0xBC8E, 0xBC8E, 0xBC8E, 0xBC8E, 0xBC8E, 0xBC8E, 0xBC8E, 0xBC8E, 0xBC8E, 0xFFFF, 0xBC8E, 0xBC8E, 0xBC8E, 0xBC8E,
 0xBC8E, 0xBC8E, 0xBC8E, 0xBC8E, 0xBC8E, 0xBC8E, 0xBC8E, 0xFFFF, 0xBC8E, 0xBC8E, 0xBC8E, 0xBC8E, 0xBC8E, 0xBC8E, 0xBC8E, 0xBC8E,
 0xBC8E, 0xBC8E, 0xBC8E, 0xFFFF, 0xBC8E, 0xBC8E, 0xBC8E, 0xBC8E, 0xBC8E, 0xBC8E, 0xBC8E, 0xBC8E, 0xBC8E, 0xBC8E, 0xBC8E, 0xFFFF,
 0xBC8E, 0xBC8E, 0xBC8E, 0xBC8E, 0xBC8E, 0xBC8E, 0xBC8E, 0xBC8E, 0xBC8E, 0xBC8E, 0xBC8E, 0xBC8E, 0xBC8E, 0xBC8E, 0xBC8E, 0xBC8E,
 0xBC8E, 0xBC8E, 0xBC8E, 0xBC8E, 0xBC8E, 0xBC8E, 0xBC8E, 0xBC8E, 0xBC8E, 0xBC8E, 0xBC8E, 0xBC8E, 0xBC8E, 0xBC8E, 0xBC8E, 0xBC8E,
 0xFFFF, 0xBC8E, 0xBC8E, 0xBC8E, 0xBC8E, 0xBC8E, 0xBC8E, 0xBC8E, 0xBC8E, 0xBC8E, 0xBC8E, 0xBC8E, 0xFFFF, 0xBC8E, 0xBC8E, 0xBC8E,
 0xBC8E, 0xBC8E, 0xBC8E, 0xBC8E, 0xBC8E, 0xBC8E, 0xBC8E, 0xBC8E, 0xFFFF, 0xBC8E, 0xBC8E, 0xBC8E, 0xBC8E, 0xBC8E, 0xBC8E, 0xBC8E,
 0xBC8E, 0xBC8E, 0xBC8E, 0xFFFF, 0xBC8E, 0xBC8E, 0xBC8E, 0xBC8E, 0xBC8E, 0xBC8E, 0xBC8E, 0xBC8E, 0xBC8E, 0xBC8E, 0xBC8E, 0xFFFF,
 0xBC8E, 0xBC8E, 0xBC8E, 0xBC8E, 0xBC8E, 0xBC8E, 0xBC8E, 0xBC8E, 0xBC8E, 0xBC8E, 0xBC8E, 0xFFFF, 0xBC8E, 0xBC8E, 0xBC8E, 0xBC8E,
 0xBC8E, 0xBC8E, 0xBC8E, 0xBC8E, 0xBC8E, 0xBC8E, 0xBC8E, 0xFFFF, 0xBC8E, 0xBC8E, 0xBC8E, 0xBC8E, 0xBC8E, 0xBC8E, 0xBC8E, 0xBC8E,
 0xBC8E, 0xBC8E, 0xBC8E, 0xFFFF, 0xBC8E, 0xBC8E, 0xBC8E, 0xBC8E, 0xBC8E, 0xBC8E, 0xBC8E, 0xBC8E, 0xBC8E, 0xBC8E, 0xBC8E, 0xFFFF,
 0xBC8E, 0xBC8E, 0xBC8E, 0xBC8E, 0xBC8E, 0xBC8E, 0xBC8E, 0xBC8E, 0xBC8E, 0xBC8E, 0xBC8E, 0xBC8E, 0xBC8E, 0xBC8E, 0xBC8E, 0xBC8E,
 0xBC8E, 0xBC8E, 0xBC8E, 0xBC8E, 0xBC8E, 0xBC8E, 0xBC8E, 0xBC8E, 0xBC8E, 0xBC8E, 0xBC8E, 0xBC8E, 0xBC8E, 0xBC8E, 0xBC8E, 0xBC8E,
 0xFFFF, 0xBC8E, 0xBC8E, 0xBC8E, 0xBC8E, 0xBC8E, 0xBC8E, 0xBC8E, 0xBC8E, 0xBC8E, 0xBC8E, 0xBC8E, 0xFFFF, 0xBC8E, 0xBC8E, 0xBC8E,
 0xBC8E, 0xBC8E, 0xBC8E, 0xBC8E, 0xBC8E, 0xBC8E, 0xBC8E, 0xBC8E, 0xFFFF, 0xBC8E, 0xBC8E, 0xBC8E, 0xBC8E, 0xBC8E, 0xBC8E, 0xBC8E,
 0xBC8E, 0xBC8E, 0xBC8E, 0xFFFF, 0xBC8E, 0xBC8E, 0xBC8E, 0xBC8E, 0xBC8E, 0xBC8E, 0xBC8E, 0xBC8E, 0xBC8E, 0xBC8E, 0xBC8E, 0xFFFF,
 0xBC8E, 0xBC8E, 0xBC8E, 0xBC8E, 0xBC8E, 0xBC8E, 0xBC8E, 0xBC8E, 0xBC8E, 0xBC8E, 0xBC8E, 0xFFFF, 0xBC8E, 0xBC8E, 0xBC8E, 0xBC8E,
 0xBC8E, 0xBC8E, 0xBC8E, 0xBC8E, 0xBC8E, 0xBC8E, 0xBC8E, 0xFFFF, 0xBC8E, 0xBC8E, 0xBC8E, 0xBC8E, 0xBC8E, 0xBC8E, 0xBC8E, 0xBC8E,
 0xBC8E, 0xBC8E, 0xBC8E, 0xFFFF, 0xBC8E, 0xBC8E, 0xBC8E, 0xBC8E, 0xBC8E, 0xBC8E, 0xBC8E, 0xBC8E, 0xBC8E, 0xBC8E, 0xBC8E, 0xFFFF,
 0xBC8E, 0xBC8E, 0xBC8E, 0xBC8E, 0xBC8E, 0xBC8E, 0xBC8E, 0xBC8E, 0xBC8E, 0xBC8E, 0xBC8E, 0xBC8E, 0xBC8E, 0xBC8E, 0xBC8E, 0xBC8E,
 0xBC8E, 0xBC8E, 0xBC8E, 0xBC8E, 0xBC8E, 0xBC8E, 0xBC8E, 0xBC8E, 0xBC8E, 0xBC8E, 0xBC8E, 0xBC8E, 0xBC8E, 0xBC8E, 0xBC8E, 0xBC8E,
 0xFFFF, 0xBC8E, 0xBC8E, 0xBC8E, 0xBC8E, 0xBC8E, 0xBC8E, 0xBC8E, 0xBC8E, 0xBC8E, 0xBC8E, 0xBC8E, 0xFFFF, 0xBC8E, 0xBC8E, 0xBC8E,
 0xBC8E, 0xBC8E, 0xBC8E, 0xBC8E, 0xBC8E, 0xBC8E, 0xBC8E, 0xBC8E, 0xFFFF, 0xBC8E, 0xBC8E, 0xBC8E, 0xBC8E, 0xBC8E, 0xBC8E, 0xBC8E,
 0xBC8E, 0xBC8E, 0xBC8E, 0xFFFF, 0xBC8E, 0xBC8E, 0xBC8E, 0xBC8E, 0xBC8E, 0xBC8E, 0xBC8E, 0xBC8E, 0xBC8E, 0xBC8E, 0xBC8E, 0xFFFF,
 0xBC8E, 0xBC8E, 0xBC8E, 0xBC8E, 0xBC8E, 0xBC8E, 0xBC8E, 0xBC8E, 0xBC8E, 0xBC8E, 0xBC8E, 0xFFFF, 0xBC8E, 0xBC8E, 0xBC8E, 0xBC8E,
 0xBC8E, 0xBC8E, 0xBC8E, 0xBC8E, 0xBC8E, 0xBC8E, 0xBC8E, 0xFFFF, 0xBC8E, 0xBC8E, 0xBC8E, 0xBC8E, 0xBC8E, 0xBC8E, 0xBC8E, 0xBC8E,
 0xBC8E, 0xBC8E, 0xBC8E, 0xFFFF, 0xBC8E, 0xBC8E, 0xBC8E, 0xBC8E, 0xBC8E, 0xBC8E, 0xBC8E, 0xBC8E, 0xBC8E, 0xBC8E, 0xBC8E, 0xFFFF,
 0xBC8E, 0xBC8E, 0xBC8E, 0xBC8E, 0xBC8E, 0xBC8E, 0xBC8E, 0xBC8E, 0xBC8E, 0xBC8E, 0xBC8E, 0xBC8E, 0xBC8E, 0xBC8E, 0xBC8E, 0xBC8E,
 0xBC8E, 0xBC8E, 0xBC8E, 0xBC8E, 0xBC8E, 0xBC8E, 0xBC8E, 0xBC8E, 0xBC8E, 0xBC8E, 0xBC8E, 0xBC8E, 0xBC8E, 0xBC8E, 0xBC8E, 0xBC8E,
 0xFFFF, 0xFFFF, 0xFFFF, 0xFFFF, 0xFFFF, 0xFFFF, 0xFFFF, 0xFFFF, 0xFFFF, 0xFFFF, 0xFFFF, 0xFFFF, 0xFFFF, 0xFFFF, 0xFFFF, 0xFFFF,
 0xFFFF, 0xFFFF, 0xFFFF, 0xFFFF, 0xFFFF, 0xFFFF, 0xFFFF, 0xFFFF, 0xFFFF, 0xFFFF, 0xFFFF, 0xFFFF, 0xFFFF, 0xFFFF, 0xFFFF, 0xFFFF,
 0xFFFF, 0xFFFF, 0xFFFF, 0xFFFF, 0xFFFF, 0xFFFF, 0xFFFF, 0xFFFF, 0xFFFF, 0xFFFF, 0xFFFF, 0xFFFF, 0xFFFF, 0xFFFF, 0xFFFF, 0xFFFF,
 0xFFFF, 0xFFFF, 0xFFFF, 0xFFFF, 0xFFFF, 0xFFFF, 0xFFFF, 0xFFFF, 0xFFFF, 0xFFFF, 0xFFFF, 0xFFFF, 0xFFFF, 0xFFFF, 0xFFFF, 0xFFFF,
 0xFFFF, 0xFFFF, 0xFFFF, 0xFFFF, 0xFFFF, 0xFFFF, 0xFFFF, 0xFFFF, 0xFFFF, 0xFFFF, 0xFFFF, 0xFFFF, 0xFFFF, 0xFFFF, 0xFFFF, 0xFFFF,
 0xFFFF, 0xFFFF, 0xFFFF, 0xFFFF, 0xFFFF, 0xFFFF, 0xFFFF, 0xFFFF, 0xFFFF, 0xFFFF, 0xFFFF, 0xFFFF, 0xFFFF, 0xFFFF, 0xFFFF, 0xFFFF,
 0xBC8E, 0xBC8E, 0xBC8E, 0xBC8E, 0xBC8E, 0xBC8E, 0xBC8E, 0xBC8E, 0xBC8E, 0xBC8E, 0xBC8E, 0xBC8E, 0xBC8E, 0xBC8E, 0xBC8E, 0xBC8E,
 0xBC8E, 0xBC8E, 0xBC8E, 0xBC8E, 0xBC8E, 0xBC8E, 0xBC8E, 0xBC8E, 0xBC8E, 0xBC8E, 0xBC8E, 0xBC8E, 0xBC8E, 0xBC8E, 0xBC8E, 0xBC8E,
 0xFFFF, 0xBC8E, 0xBC8E, 0xBC8E, 0xBC8E, 0xBC8E, 0xBC8E, 0xBC8E, 0xBC8E, 0xBC8E, 0xBC8E, 0xBC8E, 0xFFFF, 0xBC8E, 0xBC8E, 0xBC8E,
 0xBC8E, 0xBC8E, 0xBC8E, 0xBC8E, 0xBC8E, 0xBC8E, 0xBC8E, 0xBC8E, 0xFFFF, 0xBC8E, 0xBC8E, 0xBC8E, 0xBC8E, 0xBC8E, 0xBC8E, 0xBC8E,
 0xBC8E, 0xBC8E, 0xBC8E, 0xFFFF, 0xBC8E, 0xBC8E, 0xBC8E, 0xBC8E, 0xBC8E, 0xBC8E, 0xBC8E, 0xBC8E, 0xBC8E, 0xBC8E, 0xBC8E, 0xFFFF,
 0xBC8E, 0xBC8E, 0xBC8E, 0xBC8E, 0xBC8E, 0xBC8E, 0xBC8E, 0xBC8E, 0xBC8E, 0xBC8E, 0xBC8E, 0xFFFF, 0xBC8E, 0xBC8E, 0xBC8E, 0xBC8E,
 0xBC8E, 0xBC8E, 0xBC8E, 0xBC8E, 0xBC8E, 0xBC8E, 0xBC8E, 0xFFFF, 0xBC8E, 0xBC8E, 0xBC8E, 0xBC8E, 0xBC8E, 0xBC8E, 0xBC8E, 0xBC8E,
 0xBC8E, 0xBC8E, 0xBC8E, 0xFFFF, 0xBC8E, 0xBC8E, 0xBC8E, 0xBC8E, 0xBC8E, 0xBC8E, 0xBC8E, 0xBC8E, 0xBC8E, 0xBC8E, 0xBC8E, 0xFFFF,
 0xBC8E, 0xBC8E, 0xBC8E, 0xBC8E, 0xBC8E, 0xBC8E, 0xBC8E, 0xBC8E, 0xBC8E, 0xBC8E, 0xBC8E, 0xBC8E, 0xBC8E, 0xBC8E, 0xBC8E, 0xBC8E,
 0xBC8E, 0xBC8E, 0xBC8E, 0xBC8E, 0xBC8E, 0xBC8E, 0xBC8E, 0xBC8E, 0xBC8E, 0xBC8E, 0xBC8E, 0xBC8E, 0xBC8E, 0xBC8E, 0xBC8E, 0xBC8E,
 0xFFFF, 0xBC8E, 0xBC8E, 0xBC8E, 0xBC8E, 0xBC8E, 0xBC8E, 0xBC8E, 0xBC8E, 0xBC8E, 0xBC8E, 0xBC8E, 0xFFFF, 0xBC8E, 0xBC8E, 0xBC8E,
 0xBC8E, 0xBC8E, 0xBC8E, 0xBC8E, 0xBC8E, 0xBC8E, 0xBC8E, 0xBC8E, 0xFFFF, 0xBC8E, 0xBC8E, 0xBC8E, 0xBC8E, 0xBC8E, 0xBC8E, 0xBC8E,
 0xBC8E, 0xBC8E, 0xBC8E, 0xFFFF, 0xBC8E, 0xBC8E, 0xBC8E, 0xBC8E, 0xBC8E, 0xBC8E, 0xBC8E, 0xBC8E, 0xBC8E, 0xBC8E, 0xBC8E, 0xFFFF,
 0xBC8E, 0xBC8E, 0xBC8E, 0xBC8E, 0xBC8E, 0xBC8E, 0xBC8E, 0xBC8E, 0xBC8E, 0xBC8E, 0xBC8E, 0xFFFF, 0xBC8E, 0xBC8E, 0xBC8E, 0xBC8E,
 0xBC8E, 0xBC8E, 0xBC8E, 0xBC8E, 0xBC8E, 0xBC8E, 0xBC8E, 0xFFFF, 0xBC8E, 0xBC8E, 0xBC8E, 0xBC8E, 0xBC8E, 0xBC8E, 0xBC8E, 0xBC8E,
 0xBC8E, 0xBC8E, 0xBC8E, 0xFFFF, 0xBC8E, 0xBC8E, 0xBC8E, 0xBC8E, 0xBC8E, 0xBC8E, 0xBC8E, 0xBC8E, 0xBC8E, 0xBC8E, 0xBC8E, 0xFFFF,
 0xBC8E, 0xBC8E, 0xBC8E, 0xBC8E, 0xBC8E, 0xBC8E, 0xBC8E, 0xBC8E, 0xBC8E, 0xBC8E, 0xBC8E, 0xBC8E, 0xBC8E, 0xBC8E, 0xBC8E, 0xBC8E,
 0xBC8E, 0xBC8E, 0xBC8E, 0xBC8E, 0xBC8E, 0xBC8E, 0xBC8E, 0xBC8E, 0xBC8E, 0xBC8E, 0xBC8E, 0xBC8E, 0xBC8E, 0xBC8E, 0xBC8E, 0xBC8E,
 0xFFFF, 0xBC8E, 0xBC8E, 0xBC8E, 0xBC8E, 0xBC8E, 0xBC8E, 0xBC8E, 0xBC8E, 0xBC8E, 0xBC8E, 0xBC8E, 0xFFFF, 0xBC8E, 0xBC8E, 0xBC8E,
 0xBC8E, 0xBC8E, 0xBC8E, 0xBC8E, 0xBC8E, 0xBC8E, 0xBC8E, 0xBC8E, 0xFFFF, 0xBC8E, 0xBC8E, 0xBC8E, 0xBC8E, 0xBC8E, 0xBC8E, 0xBC8E,
 0xBC8E, 0xBC8E, 0xBC8E, 0xFFFF, 0xBC8E, 0xBC8E, 0xBC8E, 0xBC8E, 0xBC8E, 0xBC8E, 0xBC8E, 0xBC8E, 0xBC8E, 0xBC8E, 0xBC8E, 0xFFFF,
 0xBC8E, 0xBC8E, 0xBC8E, 0xBC8E, 0xBC8E, 0xBC8E, 0xBC8E, 0xBC8E, 0xBC8E, 0xBC8E, 0xBC8E, 0xFFFF, 0xBC8E, 0xBC8E, 0xBC8E, 0xBC8E,
 0xBC8E, 0xBC8E, 0xBC8E, 0xBC8E, 0xBC8E, 0xBC8E, 0xBC8E, 0xFFFF, 0xBC8E, 0xBC8E, 0xBC8E, 0xBC8E, 0xBC8E, 0xBC8E, 0xBC8E, 0xBC8E,
 0xBC8E, 0xBC8E, 0xBC8E, 0xFFFF, 0xBC8E, 0xBC8E, 0xBC8E, 0xBC8E, 0xBC8E, 0xBC8E, 0xBC8E, 0xBC8E, 0xBC8E, 0xBC8E, 0xBC8E, 0xFFFF,
 0xBC8E, 0xBC8E, 0xBC8E, 0xBC8E, 0xBC8E, 0xBC8E, 0xBC8E, 0xBC8E, 0xBC8E, 0xBC8E, 0xBC8E, 0xBC8E, 0xBC8E, 0xBC8E, 0xBC8E, 0xBC8E,
 0xBC8E, 0xBC8E, 0xBC8E, 0xBC8E, 0xBC8E, 0xBC8E, 0xBC8E, 0xBC8E, 0xBC8E, 0xBC8E, 0xBC8E, 0xBC8E, 0xBC8E, 0xBC8E, 0xBC8E, 0xBC8E,
 0xFFFF, 0xBC8E, 0xBC8E, 0xBC8E, 0xBC8E, 0xBC8E, 0xBC8E, 0xBC8E, 0xBC8E, 0xBC8E, 0xBC8E, 0xBC8E, 0xFFFF, 0xBC8E, 0xBC8E, 0xBC8E,
 0xBC8E, 0xBC8E, 0xBC8E, 0xBC8E, 0xBC8E, 0xBC8E, 0xBC8E, 0xBC8E, 0xFFFF, 0xBC8E, 0xBC8E, 0xBC8E, 0xBC8E, 0xBC8E, 0xBC8E, 0xBC8E,
 0xBC8E, 0xBC8E, 0xBC8E, 0xFFFF, 0xBC8E, 0xBC8E, 0xBC8E, 0xBC8E, 0xBC8E, 0xBC8E, 0xBC8E, 0xBC8E, 0xBC8E, 0xBC8E, 0xBC8E, 0xFFFF,
 0xBC8E, 0xBC8E, 0xBC8E, 0xBC8E, 0xBC8E, 0xBC8E, 0xBC8E, 0xBC8E, 0xBC8E, 0xBC8E, 0xBC8E, 0xFFFF, 0xBC8E, 0xBC8E, 0xBC8E, 0xBC8E,
 0xBC8E, 0xBC8E, 0xBC8E, 0xBC8E, 0xBC8E, 0xBC8E, 0xBC8E, 0xFFFF, 0xBC8E, 0xBC8E, 0xBC8E, 0xBC8E, 0xBC8E, 0xBC8E, 0xBC8E, 0xBC8E,
 0xBC8E, 0xBC8E, 0xBC8E, 0xFFFF, 0xBC8E, 0xBC8E, 0xBC8E, 0xBC8E, 0xBC8E, 0xBC8E, 0xBC8E, 0xBC8E, 0xBC8E, 0xBC8E, 0xBC8E, 0xFFFF,
 0xBC8E, 0xBC8E, 0xBC8E, 0xBC8E, 0xBC8E, 0xBC8E, 0xBC8E, 0xBC8E, 0xBC8E, 0xBC8E, 0xBC8E, 0xBC8E, 0xBC8E, 0xBC8E, 0xBC8E, 0xBC8E,
 0xBC8E, 0xBC8E, 0xBC8E, 0xBC8E, 0xBC8E, 0xBC8E, 0xBC8E, 0xBC8E, 0xBC8E, 0xBC8E, 0xBC8E, 0xBC8E, 0xBC8E, 0xBC8E, 0xBC8E, 0xBC8E,
 0xFFFF, 0xBC8E, 0xBC8E, 0xBC8E, 0xBC8E, 0xBC8E, 0xBC8E, 0xBC8E, 0xBC8E, 0xBC8E, 0xBC8E, 0xBC8E, 0xFFFF, 0xBC8E, 0xBC8E, 0xBC8E,
 0xBC8E, 0xBC8E, 0xBC8E, 0xBC8E, 0xBC8E, 0xBC8E, 0xBC8E, 0xBC8E, 0xFFFF, 0xBC8E, 0xBC8E, 0xBC8E, 0xBC8E, 0xBC8E, 0xBC8E, 0xBC8E,
 0xBC8E, 0xBC8E, 0xBC8E, 0xFFFF, 0xBC8E, 0xBC8E, 0xBC8E, 0xBC8E, 0xBC8E, 0xBC8E, 0xBC8E, 0xBC8E, 0xBC8E, 0xBC8E, 0xBC8E, 0xFFFF,
 0xBC8E, 0xBC8E, 0xBC8E, 0xBC8E, 0xBC8E, 0xBC8E, 0xBC8E, 0xBC8E, 0xBC8E, 0xBC8E, 0xBC8E, 0xFFFF, 0xBC8E, 0xBC8E, 0xBC8E, 0xBC8E,
 0xBC8E, 0xBC8E, 0xBC8E, 0xBC8E, 0xBC8E, 0xBC8E, 0xBC8E, 0xFFFF, 0xBC8E, 0xBC8E, 0xBC8E, 0xBC8E, 0xBC8E, 0xBC8E, 0xBC8E, 0xBC8E,
 0xBC8E, 0xBC8E, 0xBC8E, 0xFFFF, 0xBC8E, 0xBC8E, 0xBC8E, 0xBC8E, 0xBC8E, 0xBC8E, 0xBC8E, 0xBC8E, 0xBC8E, 0xBC8E, 0xBC8E, 0xFFFF,
 0xBC8E, 0xBC8E, 0xBC8E, 0xBC8E, 0xBC8E, 0xBC8E, 0xBC8E, 0xBC8E, 0xBC8E, 0xBC8E, 0xBC8E, 0xBC8E, 0xBC8E, 0xBC8E, 0xBC8E, 0xBC8E,
 0xBC8E, 0xBC8E, 0xBC8E, 0xBC8E, 0xBC8E, 0xBC8E, 0xBC8E, 0xBC8E, 0xBC8E, 0xBC8E, 0xBC8E, 0xBC8E, 0xBC8E, 0xBC8E, 0xBC8E, 0xBC8E,
 0xFFFF, 0xBC8E, 0xBC8E, 0xBC8E, 0xBC8E, 0xBC8E, 0xBC8E, 0xBC8E, 0xBC8E, 0xBC8E, 0xBC8E, 0xBC8E, 0xFFFF, 0xBC8E, 0xBC8E, 0xBC8E,
 0xBC8E, 0xBC8E, 0xBC8E, 0xBC8E, 0xBC8E, 0xBC8E, 0xBC8E, 0xBC8E, 0xFFFF, 0xBC8E, 0xBC8E, 0xBC8E, 0xBC8E, 0xBC8E, 0xBC8E, 0xBC8E,
 0xBC8E, 0xBC8E, 0xBC8E, 0xFFFF, 0xBC8E, 0xBC8E, 0xBC8E, 0xBC8E, 0xBC8E, 0xBC8E, 0xBC8E, 0xBC8E, 0xBC8E, 0xBC8E, 0xBC8E, 0xFFFF,
 0xBC8E, 0xBC8E, 0xBC8E, 0xBC8E, 0xBC8E, 0xBC8E, 0xBC8E, 0xBC8E, 0xBC8E, 0xBC8E, 0xBC8E, 0xFFFF, 0xBC8E, 0xBC8E, 0xBC8E, 0xBC8E,
 0xBC8E, 0xBC8E, 0xBC8E, 0xBC8E, 0xBC8E, 0xBC8E, 0xBC8E, 0xFFFF, 0xBC8E, 0xBC8E, 0xBC8E, 0xBC8E, 0xBC8E, 0xBC8E, 0xBC8E, 0xBC8E,
 0xBC8E, 0xBC8E, 0xBC8E, 0xFFFF, 0xBC8E, 0xBC8E, 0xBC8E, 0xBC8E, 0xBC8E, 0xBC8E, 0xBC8E, 0xBC8E, 0xBC8E, 0xBC8E, 0xBC8E, 0xFFFF,
 0xBC8E, 0xBC8E, 0xBC8E, 0xBC8E, 0xBC8E, 0xBC8E, 0xBC8E, 0xBC8E, 0xBC8E, 0xBC8E, 0xBC8E, 0xBC8E, 0xBC8E, 0xBC8E, 0xBC8E, 0xBC8E,
 0xBC8E, 0xBC8E, 0xBC8E, 0xBC8E, 0xBC8E, 0xBC8E, 0xBC8E, 0xBC8E, 0xBC8E, 0xBC8E, 0xBC8E, 0xBC8E, 0xBC8E, 0xBC8E, 0xBC8E, 0xBC8E,
 0xFFFF, 0xBC8E, 0xBC8E, 0xBC8E, 0xBC8E, 0xBC8E, 0xBC8E, 0xBC8E, 0xBC8E, 0xBC8E, 0xBC8E, 0xBC8E, 0xFFFF, 0xBC8E, 0xBC8E, 0xBC8E,
 0xBC8E, 0xBC8E, 0xBC8E, 0xBC8E, 0xBC8E, 0xBC8E, 0xBC8E, 0xBC8E, 0xFFFF, 0xBC8E, 0xBC8E, 0xBC8E, 0xBC8E, 0xBC8E, 0xBC8E, 0xBC8E,
 0xBC8E, 0xBC8E, 0xBC8E, 0xFFFF, 0xBC8E, 0xBC8E, 0xBC8E, 0xBC8E, 0xBC8E, 0xBC8E, 0xBC8E, 0xBC8E, 0xBC8E, 0xBC8E, 0xBC8E, 0xFFFF,
 0xBC8E, 0xBC8E, 0xBC8E, 0xBC8E, 0xBC8E, 0xBC8E, 0xBC8E, 0xBC8E, 0xBC8E, 0xBC8E, 0xBC8E, 0xFFFF, 0xBC8E, 0xBC8E, 0xBC8E, 0xBC8E,
 0xBC8E, 0xBC8E, 0xBC8E, 0xBC8E, 0xBC8E, 0xBC8E, 0xBC8E, 0xFFFF, 0xBC8E, 0xBC8E, 0xBC8E, 0xBC8E, 0xBC8E, 0xBC8E, 0xBC8E, 0xBC8E,
 0xBC8E, 0xBC8E, 0xBC8E, 0xFFFF, 0xBC8E, 0xBC8E, 0xBC8E, 0xBC8E, 0xBC8E, 0xBC8E, 0xBC8E, 0xBC8E, 0xBC8E, 0xBC8E, 0xBC8E, 0xFFFF,
 0xBC8E, 0xBC8E, 0xBC8E, 0xBC8E, 0xBC8E, 0xBC8E, 0xBC8E, 0xBC8E, 0xBC8E, 0xBC8E, 0xBC8E, 0xBC8E, 0xBC8E, 0xBC8E, 0xBC8E, 0xBC8E,
 0xBC8E, 0xBC8E, 0xBC8E, 0xBC8E, 0xBC8E, 0xBC8E, 0xBC8E, 0xBC8E, 0xBC8E, 0xBC8E, 0xBC8E, 0xBC8E, 0xBC8E, 0xBC8E, 0xBC8E, 0xBC8E,
 0xFFFF, 0xBC8E, 0xBC8E, 0xBC8E, 0xBC8E, 0xBC8E, 0xBC8E, 0xBC8E, 0xBC8E, 0xBC8E, 0xBC8E, 0xBC8E, 0xFFFF, 0xBC8E, 0xBC8E, 0xBC8E,
 0xBC8E, 0xBC8E, 0xBC8E, 0xBC8E, 0xBC8E, 0xBC8E, 0xBC8E, 0xBC8E, 0xFFFF, 0xBC8E, 0xBC8E, 0xBC8E, 0xBC8E, 0xBC8E, 0xBC8E, 0xBC8E,
 0xBC8E, 0xBC8E, 0xBC8E, 0xFFFF, 0xBC8E, 0xBC8E, 0xBC8E, 0xBC8E, 0xBC8E, 0xBC8E, 0xBC8E, 0xBC8E, 0xBC8E, 0xBC8E, 0xBC8E, 0xFFFF,
 0xBC8E, 0xBC8E, 0xBC8E, 0xBC8E, 0xBC8E, 0xBC8E, 0xBC8E, 0xBC8E, 0xBC8E, 0xBC8E, 0xBC8E, 0xFFFF, 0xBC8E, 0xBC8E, 0xBC8E, 0xBC8E,
 0xBC8E, 0xBC8E, 0xBC8E, 0xBC8E, 0xBC8E, 0xBC8E, 0xBC8E, 0xFFFF, 0xBC8E, 0xBC8E, 0xBC8E, 0xBC8E, 0xBC8E, 0xBC8E, 0xBC8E, 0xBC8E,
 0xBC8E, 0xBC8E, 0xBC8E, 0xFFFF, 0xBC8E, 0xBC8E, 0xBC8E, 0xBC8E, 0xBC8E, 0xBC8E, 0xBC8E, 0xBC8E, 0xBC8E, 0xBC8E, 0xBC8E, 0xFFFF,
 0xBC8E, 0xBC8E, 0xBC8E, 0xBC8E, 0xBC8E, 0xBC8E, 0xBC8E, 0xBC8E, 0xBC8E, 0xBC8E, 0xBC8E, 0xBC8E, 0xBC8E, 0xBC8E, 0xBC8E, 0xBC8E,
 0xBC8E, 0xBC8E, 0xBC8E, 0xBC8E, 0xBC8E, 0xBC8E, 0xBC8E, 0xBC8E, 0xBC8E, 0xBC8E, 0xBC8E, 0xBC8E, 0xBC8E, 0xBC8E, 0xBC8E, 0xBC8E,
 0xFFFF, 0xBC8E, 0xBC8E, 0xBC8E, 0xBC8E, 0xBC8E, 0xBC8E, 0xBC8E, 0xBC8E, 0xBC8E, 0xBC8E, 0xBC8E, 0xFFFF, 0xBC8E, 0xBC8E, 0xBC8E,
 0xBC8E, 0xBC8E, 0xBC8E, 0xBC8E, 0xBC8E, 0xBC8E, 0xBC8E, 0xBC8E, 0xFFFF, 0xBC8E, 0xBC8E, 0xBC8E, 0xBC8E, 0xBC8E, 0xBC8E, 0xBC8E,
 0xBC8E, 0xBC8E, 0xBC8E, 0xFFFF, 0xBC8E, 0xBC8E, 0xBC8E, 0xBC8E, 0xBC8E, 0xBC8E, 0xBC8E, 0xBC8E, 0xBC8E, 0xBC8E, 0xBC8E, 0xFFFF,
 0xBC8E, 0xBC8E, 0xBC8E, 0xBC8E, 0xBC8E, 0xBC8E, 0xBC8E, 0xBC8E, 0xBC8E, 0xBC8E, 0xBC8E, 0xFFFF, 0xBC8E, 0xBC8E, 0xBC8E, 0xBC8E,
 0xBC8E, 0xBC8E, 0xBC8E, 0xBC8E, 0xBC8E, 0xBC8E, 0xBC8E, 0xFFFF, 0xBC8E, 0xBC8E, 0xBC8E, 0xBC8E, 0xBC8E, 0xBC8E, 0xBC8E, 0xBC8E,
 0xBC8E, 0xBC8E, 0xBC8E, 0xFFFF, 0xBC8E, 0xBC8E, 0xBC8E, 0xBC8E, 0xBC8E, 0xBC8E, 0xBC8E, 0xBC8E, 0xBC8E, 0xBC8E, 0xBC8E, 0xFFFF,
 0xBC8E, 0xBC8E, 0xBC8E, 0xBC8E, 0xBC8E, 0xBC8E, 0xBC8E, 0xBC8E, 0xBC8E, 0xBC8E, 0xBC8E, 0xBC8E, 0xBC8E, 0xBC8E, 0xBC8E, 0xBC8E,
 0xBC8E, 0xBC8E, 0xBC8E, 0xBC8E, 0xBC8E, 0xBC8E, 0xBC8E, 0xBC8E, 0xBC8E, 0xBC8E, 0xBC8E, 0xBC8E, 0xBC8E, 0xBC8E, 0xBC8E, 0xBC8E,
 0xFFFF, 0xBC8E, 0xBC8E, 0xBC8E, 0xBC8E, 0xBC8E, 0xBC8E, 0xBC8E, 0xBC8E, 0xBC8E, 0xBC8E, 0xBC8E, 0xFFFF, 0xBC8E, 0xBC8E, 0xBC8E,
 0xBC8E, 0xBC8E, 0xBC8E, 0xBC8E, 0xBC8E, 0xBC8E, 0xBC8E, 0xBC8E, 0xFFFF, 0xBC8E, 0xBC8E, 0xBC8E, 0xBC8E, 0xBC8E, 0xBC8E, 0xBC8E,
 0xBC8E, 0xBC8E, 0xBC8E, 0xFFFF, 0xBC8E, 0xBC8E, 0xBC8E, 0xBC8E, 0xBC8E, 0xBC8E, 0xBC8E, 0xBC8E, 0xBC8E, 0xBC8E, 0xBC8E, 0xFFFF,
 0xBC8E, 0xBC8E, 0xBC8E, 0xBC8E, 0xBC8E, 0xBC8E, 0xBC8E, 0xBC8E, 0xBC8E, 0xBC8E, 0xBC8E, 0xFFFF, 0xBC8E, 0xBC8E, 0xBC8E, 0xBC8E,
 0xBC8E, 0xBC8E, 0xBC8E, 0xBC8E, 0xBC8E, 0xBC8E, 0xBC8E, 0xFFFF, 0xBC8E, 0xBC8E, 0xBC8E, 0xBC8E, 0xBC8E, 0xBC8E, 0xBC8E, 0xBC8E,
 0xBC8E, 0xBC8E, 0xBC8E, 0xFFFF, 0xBC8E, 0xBC8E, 0xBC8E, 0xBC8E, 0xBC8E, 0xBC8E, 0xBC8E, 0xBC8E, 0xBC8E, 0xBC8E, 0xBC8E, 0xFFFF,
 0xBC8E, 0xBC8E, 0xBC8E, 0xBC8E, 0xBC8E, 0xBC8E, 0xBC8E, 0xBC8E, 0xBC8E, 0xBC8E, 0xBC8E, 0xBC8E, 0xBC8E, 0xBC8E, 0xBC8E, 0xBC8E,
 0xBC8E, 0xBC8E, 0xBC8E, 0xBC8E, 0xBC8E, 0xBC8E, 0xBC8E, 0xBC8E, 0xBC8E, 0xBC8E, 0xBC8E, 0xBC8E, 0xBC8E, 0xBC8E, 0xBC8E, 0xBC8E,
 0xFFFF, 0xBC8E, 0xBC8E, 0xBC8E, 0xBC8E, 0xBC8E, 0xBC8E, 0xBC8E, 0xBC8E, 0xBC8E, 0xBC8E, 0xBC8E, 0xFFFF, 0xBC8E, 0xBC8E, 0xBC8E,
 0xBC8E, 0xBC8E, 0xBC8E, 0xBC8E, 0xBC8E, 0xBC8E, 0xBC8E, 0xBC8E, 0xFFFF, 0xBC8E, 0xBC8E, 0xBC8E, 0xBC8E, 0xBC8E, 0xBC8E, 0xBC8E,
 0xBC8E, 0xBC8E, 0xBC8E, 0xFFFF, 0xBC8E, 0xBC8E, 0xBC8E, 0xBC8E, 0xBC8E, 0xBC8E, 0xBC8E, 0xBC8E, 0xBC8E, 0xBC8E, 0xBC8E, 0xFFFF,
 0xBC8E, 0xBC8E, 0xBC8E, 0xBC8E, 0xBC8E, 0xBC8E, 0xBC8E, 0xBC8E, 0xBC8E, 0xBC8E, 0xBC8E, 0xFFFF, 0xBC8E, 0xBC8E, 0xBC8E, 0xBC8E,
 0xBC8E, 0xBC8E, 0xBC8E, 0xBC8E, 0xBC8E, 0xBC8E, 0xBC8E, 0xFFFF, 0xBC8E, 0xBC8E, 0xBC8E, 0xBC8E, 0xBC8E, 0xBC8E, 0xBC8E, 0xBC8E,
 0xBC8E, 0xBC8E, 0xBC8E, 0xFFFF, 0xBC8E, 0xBC8E, 0xBC8E, 0xBC8E, 0xBC8E, 0xBC8E, 0xBC8E, 0xBC8E, 0xBC8E, 0xBC8E, 0xBC8E, 0xFFFF,
 0xBC8E, 0xBC8E, 0xBC8E, 0xBC8E, 0xBC8E, 0xBC8E, 0xBC8E, 0xBC8E, 0xBC8E, 0xBC8E, 0xBC8E, 0xBC8E, 0xBC8E, 0xBC8E, 0xBC8E, 0xBC8E,
 0xBC8E, 0xBC8E, 0xBC8E, 0xBC8E, 0xBC8E, 0xBC8E, 0xBC8E, 0xBC8E, 0xBC8E, 0xBC8E, 0xBC8E, 0xBC8E, 0xBC8E, 0xBC8E, 0xBC8E, 0xBC8E,
 0xFFFF, 0xFFFF, 0xFFFF, 0xFFFF, 0xFFFF, 0xFFFF, 0xFFFF, 0xFFFF, 0xFFFF, 0xFFFF, 0xFFFF, 0xFFFF, 0xFFFF, 0xFFFF, 0xFFFF, 0xFFFF,
 0xFFFF, 0xFFFF, 0xFFFF, 0xFFFF, 0xFFFF, 0xFFFF, 0xFFFF, 0xFFFF, 0xFFFF, 0xFFFF, 0xFFFF, 0xFFFF, 0xFFFF, 0xFFFF, 0xFFFF, 0xFFFF,
 0xFFFF, 0xFFFF, 0xFFFF, 0xFFFF, 0xFFFF, 0xFFFF, 0xFFFF, 0xFFFF, 0xFFFF, 0xFFFF, 0xFFFF, 0xFFFF, 0xFFFF, 0xFFFF, 0xFFFF, 0xFFFF,
 0xFFFF, 0xFFFF, 0xFFFF, 0xFFFF, 0xFFFF, 0xFFFF, 0xFFFF, 0xFFFF, 0xFFFF, 0xFFFF, 0xFFFF, 0xFFFF, 0xFFFF, 0xFFFF, 0xFFFF, 0xFFFF,
 0xFFFF, 0xFFFF, 0xFFFF, 0xFFFF, 0xFFFF, 0xFFFF, 0xFFFF, 0xFFFF, 0xFFFF, 0xFFFF, 0xFFFF, 0xFFFF, 0xFFFF, 0xFFFF, 0xFFFF, 0xFFFF,
 0xFFFF, 0xFFFF, 0xFFFF, 0xFFFF, 0xFFFF, 0xFFFF, 0xFFFF, 0xFFFF, 0xFFFF, 0xFFFF, 0xFFFF, 0xFFFF, 0xFFFF, 0xFFFF, 0xFFFF, 0xFFFF,
 0xBC8E, 0xBC8E, 0xBC8E, 0xBC8E, 0xBC8E, 0xBC8E, 0xBC8E, 0xBC8E, 0xBC8E, 0xBC8E, 0xBC8E, 0xBC8E, 0xBC8E, 0xBC8E, 0xBC8E, 0xBC8E,
 0xBC8E, 0xBC8E, 0xBC8E, 0xBC8E, 0xBC8E, 0xBC8E, 0xBC8E, 0xBC8E, 0xBC8E, 0xBC8E, 0xBC8E, 0xBC8E, 0xBC8E, 0xBC8E, 0xBC8E, 0xBC8E,
 0xFFFF, 0xBC8E, 0xBC8E, 0xBC8E, 0xBC8E, 0xBC8E, 0xBC8E, 0xBC8E, 0xBC8E, 0xBC8E, 0xBC8E, 0xBC8E, 0xFFFF, 0xBC8E, 0xBC8E, 0xBC8E,
 0xBC8E, 0xBC8E, 0xBC8E, 0xBC8E, 0xBC8E, 0xBC8E, 0xBC8E, 0xBC8E, 0xFFFF, 0xBC8E, 0xBC8E, 0xBC8E, 0xBC8E, 0xBC8E, 0xBC8E, 0xBC8E,
 0xBC8E, 0xBC8E, 0xBC8E, 0xFFFF, 0xBC8E, 0xBC8E, 0xBC8E, 0xBC8E, 0xBC8E, 0xBC8E, 0xBC8E, 0xBC8E, 0xBC8E, 0xBC8E, 0xBC8E, 0xFFFF,
 0xBC8E, 0xBC8E, 0xBC8E, 0xBC8E, 0xBC8E, 0xBC8E, 0xBC8E, 0xBC8E, 0xBC8E, 0xBC8E, 0xBC8E, 0xFFFF, 0xBC8E, 0xBC8E, 0xBC8E, 0xBC8E,
 0xBC8E, 0xBC8E, 0xBC8E, 0xBC8E, 0xBC8E, 0xBC8E, 0xBC8E, 0xFFFF, 0xBC8E, 0xBC8E, 0xBC8E, 0xBC8E, 0xBC8E, 0xBC8E, 0xBC8E, 0xBC8E,
 0xBC8E, 0xBC8E, 0xBC8E, 0xFFFF, 0xBC8E, 0xBC8E, 0xBC8E, 0xBC8E, 0xBC8E, 0xBC8E, 0xBC8E, 0xBC8E, 0xBC8E, 0xBC8E, 0xBC8E, 0xFFFF,
 0xBC8E, 0xBC8E, 0xBC8E, 0xBC8E, 0xBC8E, 0xBC8E, 0xBC8E, 0xBC8E, 0xBC8E, 0xBC8E, 0xBC8E, 0xBC8E, 0xBC8E, 0xBC8E, 0xBC8E, 0xBC8E,
 0xBC8E, 0xBC8E, 0xBC8E, 0xBC8E, 0xBC8E, 0xBC8E, 0xBC8E, 0xBC8E, 0xBC8E, 0xBC8E, 0xBC8E, 0xBC8E, 0xBC8E, 0xBC8E, 0xBC8E, 0xBC8E,
 0xFFFF, 0xBC8E, 0xBC8E, 0xBC8E, 0xBC8E, 0xBC8E, 0xBC8E, 0xBC8E, 0xBC8E, 0xBC8E, 0xBC8E, 0xBC8E, 0xFFFF, 0xBC8E, 0xBC8E, 0xBC8E,
 0xBC8E, 0xBC8E, 0xBC8E, 0xBC8E, 0xBC8E, 0xBC8E, 0xBC8E, 0xBC8E, 0xFFFF, 0xBC8E, 0xBC8E, 0xBC8E, 0xBC8E, 0xBC8E, 0xBC8E, 0xBC8E,
 0xBC8E, 0xBC8E, 0xBC8E, 0xFFFF, 0xBC8E, 0xBC8E, 0xBC8E, 0xBC8E, 0xBC8E, 0xBC8E, 0xBC8E, 0xBC8E, 0xBC8E, 0xBC8E, 0xBC8E, 0xFFFF,
 0xBC8E, 0xBC8E, 0xBC8E, 0xBC8E, 0xBC8E, 0xBC8E, 0xBC8E, 0xBC8E, 0xBC8E, 0xBC8E, 0xBC8E, 0xFFFF, 0xBC8E, 0xBC8E, 0xBC8E, 0xBC8E,
 0xBC8E, 0xBC8E, 0xBC8E, 0xBC8E, 0xBC8E, 0xBC8E, 0xBC8E, 0xFFFF, 0xBC8E, 0xBC8E, 0xBC8E, 0xBC8E, 0xBC8E, 0xBC8E, 0xBC8E, 0xBC8E,
 0xBC8E, 0xBC8E, 0xBC8E, 0xFFFF, 0xBC8E, 0xBC8E, 0xBC8E, 0xBC8E, 0xBC8E, 0xBC8E, 0xBC8E, 0xBC8E, 0xBC8E, 0xBC8E, 0xBC8E, 0xFFFF,
 0xBC8E, 0xBC8E, 0xBC8E, 0xBC8E, 0xBC8E, 0xBC8E, 0xBC8E, 0xBC8E, 0xBC8E, 0xBC8E, 0xBC8E, 0xBC8E, 0xBC8E, 0xBC8E, 0xBC8E, 0xBC8E,
 0xBC8E, 0xBC8E, 0xBC8E, 0xBC8E, 0xBC8E, 0xBC8E, 0xBC8E, 0xBC8E, 0xBC8E, 0xBC8E, 0xBC8E, 0xBC8E, 0xBC8E, 0xBC8E, 0xBC8E, 0xBC8E,
 0xFFFF, 0xBC8E, 0xBC8E, 0xBC8E, 0xBC8E, 0xBC8E, 0xBC8E, 0xBC8E, 0xBC8E, 0xBC8E, 0xBC8E, 0xBC8E, 0xFFFF, 0xBC8E, 0xBC8E, 0xBC8E,
 0xBC8E, 0xBC8E, 0xBC8E, 0xBC8E, 0xBC8E, 0xBC8E, 0xBC8E, 0xBC8E, 0xFFFF, 0xBC8E, 0xBC8E, 0xBC8E, 0xBC8E, 0xBC8E, 0xBC8E, 0xBC8E,
 0xBC8E, 0xBC8E, 0xBC8E, 0xFFFF, 0xBC8E, 0xBC8E, 0xBC8E, 0xBC8E, 0xBC8E, 0xBC8E, 0xBC8E, 0xBC8E, 0xBC8E, 0xBC8E, 0xBC8E, 0xFFFF,
 0xBC8E, 0xBC8E, 0xBC8E, 0xBC8E, 0xBC8E, 0xBC8E, 0xBC8E, 0xBC8E, 0xBC8E, 0xBC8E, 0xBC8E, 0xFFFF, 0xBC8E, 0xBC8E, 0xBC8E, 0xBC8E,
 0xBC8E, 0xBC8E, 0xBC8E, 0xBC8E, 0xBC8E, 0xBC8E, 0xBC8E, 0xFFFF, 0xBC8E, 0xBC8E, 0xBC8E, 0xBC8E, 0xBC8E, 0xBC8E, 0xBC8E, 0xBC8E,
 0xBC8E, 0xBC8E, 0xBC8E, 0xFFFF, 0xBC8E, 0xBC8E, 0xBC8E, 0xBC8E, 0xBC8E, 0xBC8E, 0xBC8E, 0xBC8E, 0xBC8E, 0xBC8E, 0xBC8E, 0xFFFF,
 0xBC8E, 0xBC8E, 0xBC8E, 0xBC8E, 0xBC8E, 0xBC8E, 0xBC8E, 0xBC8E, 0xBC8E, 0xBC8E, 0xBC8E, 0xBC8E, 0xBC8E, 0xBC8E, 0xBC8E, 0xBC8E,
 0xBC8E, 0xBC8E, 0xBC8E, 0xBC8E, 0xBC8E, 0xBC8E, 0xBC8E, 0xBC8E, 0xBC8E, 0xBC8E, 0xBC8E, 0xBC8E, 0xBC8E, 0xBC8E, 0xBC8E, 0xBC8E,
 0xFFFF, 0xBC8E, 0xBC8E, 0xBC8E, 0xBC8E, 0xBC8E, 0xBC8E, 0xBC8E, 0xBC8E, 0xBC8E, 0xBC8E, 0xBC8E, 0xFFFF, 0xBC8E, 0xBC8E, 0xBC8E,
 0xBC8E, 0xBC8E, 0xBC8E, 0xBC8E, 0xBC8E, 0xBC8E, 0xBC8E, 0xBC8E, 0xFFFF, 0xBC8E, 0xBC8E, 0xBC8E, 0xBC8E, 0xBC8E, 0xBC8E, 0xBC8E,
 0xBC8E, 0xBC8E, 0xBC8E, 0xFFFF, 0xBC8E, 0xBC8E, 0xBC8E, 0xBC8E, 0xBC8E, 0xBC8E, 0xBC8E, 0xBC8E, 0xBC8E, 0xBC8E, 0xBC8E, 0xFFFF,
 0xBC8E, 0xBC8E, 0xBC8E, 0xBC8E, 0xBC8E, 0xBC8E, 0xBC8E, 0xBC8E, 0xBC8E, 0xBC8E, 0xBC8E, 0xFFFF, 0xBC8E, 0xBC8E, 0xBC8E, 0xBC8E,
 0xBC8E, 0xBC8E, 0xBC8E, 0xBC8E, 0xBC8E, 0xBC8E, 0xBC8E, 0xFFFF, 0xBC8E, 0xBC8E, 0xBC8E, 0xBC8E, 0xBC8E, 0xBC8E, 0xBC8E, 0xBC8E,
 0xBC8E, 0xBC8E, 0xBC8E, 0xFFFF, 0xBC8E, 0xBC8E, 0xBC8E, 0xBC8E, 0xBC8E, 0xBC8E, 0xBC8E, 0xBC8E, 0xBC8E, 0xBC8E, 0xBC8E, 0xFFFF,
 0xBC8E, 0xBC8E, 0xBC8E, 0xBC8E, 0xBC8E, 0xBC8E, 0xBC8E, 0xBC8E, 0xBC8E, 0xBC8E, 0xBC8E, 0xBC8E, 0xBC8E, 0xBC8E, 0xBC8E, 0xBC8E,
 0xBC8E, 0xBC8E, 0xBC8E, 0xBC8E, 0xBC8E, 0xBC8E, 0xBC8E, 0xBC8E, 0xBC8E, 0xBC8E, 0xBC8E, 0xBC8E, 0xBC8E, 0xBC8E, 0xBC8E, 0xBC8E,
 0xFFFF, 0xBC8E, 0xBC8E, 0xBC8E, 0xBC8E, 0xBC8E, 0xBC8E, 0xBC8E, 0xBC8E, 0xBC8E, 0xBC8E, 0xBC8E, 0xFFFF, 0xBC8E, 0xBC8E, 0xBC8E,
 0xBC8E, 0xBC8E, 0xBC8E, 0xBC8E, 0xBC8E, 0xBC8E, 0xBC8E, 0xBC8E, 0xFFFF, 0xBC8E, 0xBC8E, 0xBC8E, 0xBC8E, 0xBC8E, 0xBC8E, 0xBC8E,
 0xBC8E, 0xBC8E, 0xBC8E, 0xFFFF, 0xBC8E, 0xBC8E, 0xBC8E, 0xBC8E, 0xBC8E, 0xBC8E, 0xBC8E, 0xBC8E, 0xBC8E, 0xBC8E, 0xBC8E, 0xFFFF,
 0xBC8E, 0xBC8E, 0xBC8E, 0xBC8E, 0xBC8E, 0xBC8E, 0xBC8E, 0xBC8E, 0xBC8E, 0xBC8E, 0xBC8E, 0xFFFF, 0xBC8E, 0xBC8E, 0xBC8E, 0xBC8E,
 0xBC8E, 0xBC8E, 0xBC8E, 0xBC8E, 0xBC8E, 0xBC8E, 0xBC8E, 0xFFFF, 0xBC8E, 0xBC8E, 0xBC8E, 0xBC8E, 0xBC8E, 0xBC8E, 0xBC8E, 0xBC8E,
 0xBC8E, 0xBC8E, 0xBC8E, 0xFFFF, 0xBC8E, 0xBC8E, 0xBC8E, 0xBC8E, 0xBC8E, 0xBC8E, 0xBC8E, 0xBC8E, 0xBC8E, 0xBC8E, 0xBC8E, 0xFFFF,
 0xBC8E, 0xBC8E, 0xBC8E, 0xBC8E, 0xBC8E, 0xBC8E, 0xBC8E, 0xBC8E, 0xBC8E, 0xBC8E, 0xBC8E, 0xBC8E, 0xBC8E, 0xBC8E, 0xBC8E, 0xBC8E,
 0xBC8E, 0xBC8E, 0xBC8E, 0xBC8E, 0xBC8E, 0xBC8E, 0xBC8E, 0xBC8E, 0xBC8E, 0xBC8E, 0xBC8E, 0xBC8E, 0xBC8E, 0xBC8E, 0xBC8E, 0xBC8E,
 0xFFFF, 0xBC8E, 0xBC8E, 0xBC8E, 0xBC8E, 0xBC8E, 0xBC8E, 0xBC8E, 0xBC8E, 0xBC8E, 0xBC8E, 0xBC8E, 0xFFFF, 0xBC8E, 0xBC8E, 0xBC8E,
 0xBC8E, 0xBC8E, 0xBC8E, 0xBC8E, 0xBC8E, 0xBC8E, 0xBC8E, 0xBC8E, 0xFFFF, 0xBC8E, 0xBC8E, 0xBC8E, 0xBC8E, 0xBC8E, 0xBC8E, 0xBC8E,
 0xBC8E, 0xBC8E, 0xBC8E, 0xFFFF, 0xBC8E, 0xBC8E, 0xBC8E, 0xBC8E, 0xBC8E, 0xBC8E, 0xBC8E, 0xBC8E, 0xBC8E, 0xBC8E, 0xBC8E, 0xFFFF,
 0xBC8E, 0xBC8E, 0xBC8E, 0xBC8E, 0xBC8E, 0xBC8E, 0xBC8E, 0xBC8E, 0xBC8E, 0xBC8E, 0xBC8E, 0xFFFF, 0xBC8E, 0xBC8E, 0xBC8E, 0xBC8E,
 0xBC8E, 0xBC8E, 0xBC8E, 0xBC8E, 0xBC8E, 0xBC8E, 0xBC8E, 0xFFFF, 0xBC8E, 0xBC8E, 0xBC8E, 0xBC8E, 0xBC8E, 0xBC8E, 0xBC8E, 0xBC8E,
 0xBC8E, 0xBC8E, 0xBC8E, 0xFFFF, 0xBC8E, 0xBC8E, 0xBC8E, 0xBC8E, 0xBC8E, 0xBC8E, 0xBC8E, 0xBC8E, 0xBC8E, 0xBC8E, 0xBC8E, 0xFFFF,
 0xBC8E, 0xBC8E, 0xBC8E, 0xBC8E, 0xBC8E, 0xBC8E, 0xBC8E, 0xBC8E, 0xBC8E, 0xBC8E, 0xBC8E, 0xBC8E, 0xBC8E, 0xBC8E, 0xBC8E, 0xBC8E,
 0xBC8E, 0xBC8E, 0xBC8E, 0xBC8E, 0xBC8E, 0xBC8E, 0xBC8E, 0xBC8E, 0xBC8E, 0xBC8E, 0xBC8E, 0xBC8E, 0xBC8E, 0xBC8E, 0xBC8E, 0xBC8E,
 0xFFFF, 0xBC8E, 0xBC8E, 0xBC8E, 0xBC8E, 0xBC8E, 0xBC8E, 0xBC8E, 0xBC8E, 0xBC8E, 0xBC8E, 0xBC8E, 0xFFFF, 0xBC8E, 0xBC8E, 0xBC8E,
 0xBC8E, 0xBC8E, 0xBC8E, 0xBC8E, 0xBC8E, 0xBC8E, 0xBC8E, 0xBC8E, 0xFFFF, 0xBC8E, 0xBC8E, 0xBC8E, 0xBC8E, 0xBC8E, 0xBC8E, 0xBC8E,
 0xBC8E, 0xBC8E, 0xBC8E, 0xFFFF, 0xBC8E, 0xBC8E, 0xBC8E, 0xBC8E, 0xBC8E, 0xBC8E, 0xBC8E, 0xBC8E, 0xBC8E, 0xBC8E, 0xBC8E, 0xFFFF,
 0xBC8E, 0xBC8E, 0xBC8E, 0xBC8E, 0xBC8E, 0xBC8E, 0xBC8E, 0xBC8E, 0xBC8E, 0xBC8E, 0xBC8E, 0xFFFF, 0xBC8E, 0xBC8E, 0xBC8E, 0xBC8E,
 0xBC8E, 0xBC8E, 0xBC8E, 0xBC8E, 0xBC8E, 0xBC8E, 0xBC8E, 0xFFFF, 0xBC8E, 0xBC8E, 0xBC8E, 0xBC8E, 0xBC8E, 0xBC8E, 0xBC8E, 0xBC8E,
 0xBC8E, 0xBC8E, 0xBC8E, 0xFFFF, 0xBC8E, 0xBC8E, 0xBC8E, 0xBC8E, 0xBC8E, 0xBC8E, 0xBC8E, 0xBC8E, 0xBC8E, 0xBC8E, 0xBC8E, 0xFFFF,
 0xBC8E, 0xBC8E, 0xBC8E, 0xBC8E, 0xBC8E, 0xBC8E, 0xBC8E, 0xBC8E, 0xBC8E, 0xBC8E, 0xBC8E, 0xBC8E, 0xBC8E, 0xBC8E, 0xBC8E, 0xBC8E,
 0xBC8E, 0xBC8E, 0xBC8E, 0xBC8E, 0xBC8E, 0xBC8E, 0xBC8E, 0xBC8E, 0xBC8E, 0xBC8E, 0xBC8E, 0xBC8E, 0xBC8E, 0xBC8E, 0xBC8E, 0xBC8E,
 0xFFFF, 0xBC8E, 0xBC8E, 0xBC8E, 0xBC8E, 0xBC8E, 0xBC8E, 0xBC8E, 0xBC8E, 0xBC8E, 0xBC8E, 0xBC8E, 0xFFFF, 0xBC8E, 0xBC8E, 0xBC8E,
 0xBC8E, 0xBC8E, 0xBC8E, 0xBC8E, 0xBC8E, 0xBC8E, 0xBC8E, 0xBC8E, 0xFFFF, 0xBC8E, 0xBC8E, 0xBC8E, 0xBC8E, 0xBC8E, 0xBC8E, 0xBC8E,
 0xBC8E, 0xBC8E, 0xBC8E, 0xFFFF, 0xBC8E, 0xBC8E, 0xBC8E, 0xBC8E, 0xBC8E, 0xBC8E, 0xBC8E, 0xBC8E, 0xBC8E, 0xBC8E, 0xBC8E, 0xFFFF,
 0xBC8E, 0xBC8E, 0xBC8E, 0xBC8E, 0xBC8E, 0xBC8E, 0xBC8E, 0xBC8E, 0xBC8E, 0xBC8E, 0xBC8E, 0xFFFF, 0xBC8E, 0xBC8E, 0xBC8E, 0xBC8E,
 0xBC8E, 0xBC8E, 0xBC8E, 0xBC8E, 0xBC8E, 0xBC8E, 0xBC8E, 0xFFFF, 0xBC8E, 0xBC8E, 0xBC8E, 0xBC8E, 0xBC8E, 0xBC8E, 0xBC8E, 0xBC8E,
 0xBC8E, 0xBC8E, 0xBC8E, 0xFFFF, 0xBC8E, 0xBC8E, 0xBC8E, 0xBC8E, 0xBC8E, 0xBC8E, 0xBC8E, 0xBC8E, 0xBC8E, 0xBC8E, 0xBC8E, 0xFFFF,
 0xBC8E, 0xBC8E, 0xBC8E, 0xBC8E, 0xBC8E, 0xBC8E, 0xBC8E, 0xBC8E, 0xBC8E, 0xBC8E, 0xBC8E, 0xBC8E, 0xBC8E, 0xBC8E, 0xBC8E, 0xBC8E,
 0xBC8E, 0xBC8E, 0xBC8E, 0xBC8E, 0xBC8E, 0xBC8E, 0xBC8E, 0xBC8E, 0xBC8E, 0xBC8E, 0xBC8E, 0xBC8E, 0xBC8E, 0xBC8E, 0xBC8E, 0xBC8E,
 0xFFFF, 0xBC8E, 0xBC8E, 0xBC8E, 0xBC8E, 0xBC8E, 0xBC8E, 0xBC8E, 0xBC8E, 0xBC8E, 0xBC8E, 0xBC8E, 0xFFFF, 0xBC8E, 0xBC8E, 0xBC8E,
 0xBC8E, 0xBC8E, 0xBC8E, 0xBC8E, 0xBC8E, 0xBC8E, 0xBC8E, 0xBC8E, 0xFFFF, 0xBC8E, 0xBC8E, 0xBC8E, 0xBC8E, 0xBC8E, 0xBC8E, 0xBC8E,
 0xBC8E, 0xBC8E, 0xBC8E, 0xFFFF, 0xBC8E, 0xBC8E, 0xBC8E, 0xBC8E, 0xBC8E, 0xBC8E, 0xBC8E, 0xBC8E, 0xBC8E, 0xBC8E, 0xBC8E, 0xFFFF,
 0xBC8E, 0xBC8E, 0xBC8E, 0xBC8E, 0xBC8E, 0xBC8E, 0xBC8E, 0xBC8E, 0xBC8E, 0xBC8E, 0xBC8E, 0xFFFF, 0xBC8E, 0xBC8E, 0xBC8E, 0xBC8E,
 0xBC8E, 0xBC8E, 0xBC8E, 0xBC8E, 0xBC8E, 0xBC8E, 0xBC8E, 0xFFFF, 0xBC8E, 0xBC8E, 0xBC8E, 0xBC8E, 0xBC8E, 0xBC8E, 0xBC8E, 0xBC8E,
 0xBC8E, 0xBC8E, 0xBC8E, 0xFFFF, 0xBC8E, 0xBC8E, 0xBC8E, 0xBC8E, 0xBC8E, 0xBC8E, 0xBC8E, 0xBC8E, 0xBC8E, 0xBC8E, 0xBC8E, 0xFFFF,
 0xBC8E, 0xBC8E, 0xBC8E, 0xBC8E, 0xBC8E, 0xBC8E, 0xBC8E, 0xBC8E, 0xBC8E, 0xBC8E, 0xBC8E, 0xBC8E, 0xBC8E, 0xBC8E, 0xBC8E, 0xBC8E,
 0xBC8E, 0xBC8E, 0xBC8E, 0xBC8E, 0xBC8E, 0xBC8E, 0xBC8E, 0xBC8E, 0xBC8E, 0xBC8E, 0xBC8E, 0xBC8E, 0xBC8E, 0xBC8E, 0xBC8E, 0xBC8E,
 0xFFFF, 0xBC8E, 0xBC8E, 0xBC8E, 0xBC8E, 0xBC8E, 0xBC8E, 0xBC8E, 0xBC8E, 0xBC8E, 0xBC8E, 0xBC8E, 0xFFFF, 0xBC8E, 0xBC8E, 0xBC8E,
 0xBC8E, 0xBC8E, 0xBC8E, 0xBC8E, 0xBC8E, 0xBC8E, 0xBC8E, 0xBC8E, 0xFFFF, 0xBC8E, 0xBC8E, 0xBC8E, 0xBC8E, 0xBC8E, 0xBC8E, 0xBC8E,
 0xBC8E, 0xBC8E, 0xBC8E, 0xFFFF, 0xBC8E, 0xBC8E, 0xBC8E, 0xBC8E, 0xBC8E, 0xBC8E, 0xBC8E, 0xBC8E, 0xBC8E, 0xBC8E, 0xBC8E, 0xFFFF,
 0xBC8E, 0xBC8E, 0xBC8E, 0xBC8E, 0xBC8E, 0xBC8E, 0xBC8E, 0xBC8E, 0xBC8E, 0xBC8E, 0xBC8E, 0xFFFF, 0xBC8E, 0xBC8E, 0xBC8E, 0xBC8E,
 0xBC8E, 0xBC8E, 0xBC8E, 0xBC8E, 0xBC8E, 0xBC8E, 0xBC8E, 0xFFFF, 0xBC8E, 0xBC8E, 0xBC8E, 0xBC8E, 0xBC8E, 0xBC8E, 0xBC8E, 0xBC8E,
 0xBC8E, 0xBC8E, 0xBC8E, 0xFFFF, 0xBC8E, 0xBC8E, 0xBC8E, 0xBC8E, 0xBC8E, 0xBC8E, 0xBC8E, 0xBC8E, 0xBC8E, 0xBC8E, 0xBC8E, 0xFFFF,
 0xBC8E, 0xBC8E, 0xBC8E, 0xBC8E, 0xBC8E, 0xBC8E, 0xBC8E, 0xBC8E, 0xBC8E, 0xBC8E, 0xBC8E, 0xBC8E, 0xBC8E, 0xBC8E, 0xBC8E, 0xBC8E,
 0xBC8E, 0xBC8E, 0xBC8E, 0xBC8E, 0xBC8E, 0xBC8E, 0xBC8E, 0xBC8E, 0xBC8E, 0xBC8E, 0xBC8E, 0xBC8E, 0xBC8E, 0xBC8E, 0xBC8E, 0xBC8E,
 0xFFFF, 0xBC8E, 0xBC8E, 0xBC8E, 0xBC8E, 0xBC8E, 0xBC8E, 0xBC8E, 0xBC8E, 0xBC8E, 0xBC8E, 0xBC8E, 0xFFFF, 0xBC8E, 0xBC8E, 0xBC8E,
 0xBC8E, 0xBC8E, 0xBC8E, 0xBC8E, 0xBC8E, 0xBC8E, 0xBC8E, 0xBC8E, 0xFFFF, 0xBC8E, 0xBC8E, 0xBC8E, 0xBC8E, 0xBC8E, 0xBC8E, 0xBC8E,
 0xBC8E, 0xBC8E, 0xBC8E, 0xFFFF, 0xBC8E, 0xBC8E, 0xBC8E, 0xBC8E, 0xBC8E, 0xBC8E, 0xBC8E, 0xBC8E, 0xBC8E, 0xBC8E, 0xBC8E, 0xFFFF,
 0xBC8E, 0xBC8E, 0xBC8E, 0xBC8E, 0xBC8E, 0xBC8E, 0xBC8E, 0xBC8E, 0xBC8E, 0xBC8E, 0xBC8E, 0xFFFF, 0xBC8E, 0xBC8E, 0xBC8E, 0xBC8E,
 0xBC8E, 0xBC8E, 0xBC8E, 0xBC8E, 0xBC8E, 0xBC8E, 0xBC8E, 0xFFFF, 0xBC8E, 0xBC8E, 0xBC8E, 0xBC8E, 0xBC8E, 0xBC8E, 0xBC8E, 0xBC8E,
 0xBC8E, 0xBC8E, 0xBC8E, 0xFFFF, 0xBC8E, 0xBC8E, 0xBC8E, 0xBC8E, 0xBC8E, 0xBC8E, 0xBC8E, 0xBC8E, 0xBC8E, 0xBC8E, 0xBC8E, 0xFFFF,
 0xBC8E, 0xBC8E, 0xBC8E, 0xBC8E, 0xBC8E, 0xBC8E, 0xBC8E, 0xBC8E, 0xBC8E, 0xBC8E, 0xBC8E, 0xBC8E, 0xBC8E, 0xBC8E, 0xBC8E, 0xBC8E,
 0xBC8E, 0xBC8E, 0xBC8E, 0xBC8E, 0xBC8E, 0xBC8E, 0xBC8E, 0xBC8E, 0xBC8E, 0xBC8E, 0xBC8E, 0xBC8E, 0xBC8E, 0xBC8E, 0xBC8E, 0xBC8E,
 0xFFFF, 0xFFFF, 0xFFFF, 0xFFFF, 0xFFFF, 0xFFFF, 0xFFFF, 0xFFFF, 0xFFFF, 0xFFFF, 0xFFFF, 0xFFFF, 0xFFFF, 0xFFFF, 0xFFFF, 0xFFFF,
 0xFFFF, 0xFFFF, 0xFFFF, 0xFFFF, 0xFFFF, 0xFFFF, 0xFFFF, 0xFFFF, 0xFFFF, 0xFFFF, 0xFFFF, 0xFFFF, 0xFFFF, 0xFFFF, 0xFFFF, 0xFFFF,
 0xFFFF, 0xFFFF, 0xFFFF, 0xFFFF, 0xFFFF, 0xFFFF, 0xFFFF, 0xFFFF, 0xFFFF, 0xFFFF, 0xFFFF, 0xFFFF, 0xFFFF, 0xFFFF, 0xFFFF, 0xFFFF,
 0xFFFF, 0xFFFF, 0xFFFF, 0xFFFF, 0xFFFF, 0xFFFF, 0xFFFF, 0xFFFF, 0xFFFF, 0xFFFF, 0xFFFF, 0xFFFF, 0xFFFF, 0xFFFF, 0xFFFF, 0xFFFF,
 0xFFFF, 0xFFFF, 0xFFFF, 0xFFFF, 0xFFFF, 0xFFFF, 0xFFFF, 0xFFFF, 0xFFFF, 0xFFFF, 0xFFFF, 0xFFFF, 0xFFFF, 0xFFFF, 0xFFFF, 0xFFFF,
 0xFFFF, 0xFFFF, 0xFFFF, 0xFFFF, 0xFFFF, 0xFFFF, 0xFFFF, 0xFFFF, 0xFFFF, 0xFFFF, 0xFFFF, 0xFFFF, 0xFFFF, 0xFFFF, 0xFFFF, 0xFFFF,
 0xBC8E, 0xBC8E, 0xBC8E, 0xBC8E, 0xBC8E, 0xBC8E, 0xBC8E, 0xBC8E, 0xBC8E, 0xBC8E, 0xBC8E, 0xBC8E, 0xBC8E, 0xBC8E, 0xBC8E, 0xBC8E,
 0xBC8E, 0xBC8E, 0xBC8E, 0xBC8E, 0xBC8E, 0xBC8E, 0xBC8E, 0xBC8E, 0xBC8E, 0xBC8E, 0xBC8E, 0xBC8E, 0xBC8E, 0xBC8E, 0xBC8E, 0xBC8E,
 0xFFFF, 0xBC8E, 0xBC8E, 0xBC8E, 0xBC8E, 0xBC8E, 0xBC8E, 0xBC8E, 0xBC8E, 0xBC8E, 0xBC8E, 0xBC8E, 0xFFFF, 0xBC8E, 0xBC8E, 0xBC8E,
 0xBC8E, 0xBC8E, 0xBC8E, 0xBC8E, 0xBC8E, 0xBC8E, 0xBC8E, 0xBC8E, 0xFFFF, 0xBC8E, 0xBC8E, 0xBC8E, 0xBC8E, 0xBC8E, 0xBC8E, 0xBC8E,
 0xBC8E, 0xBC8E, 0xBC8E, 0xFFFF, 0xBC8E, 0xBC8E, 0xBC8E, 0xBC8E, 0xBC8E, 0xBC8E, 0xBC8E, 0xBC8E, 0xBC8E, 0xBC8E, 0xBC8E, 0xFFFF,
 0xBC8E, 0xBC8E, 0xBC8E, 0xBC8E, 0xBC8E, 0xBC8E, 0xBC8E, 0xBC8E, 0xBC8E, 0xBC8E, 0xBC8E, 0xFFFF, 0xBC8E, 0xBC8E, 0xBC8E, 0xBC8E,
 0xBC8E, 0xBC8E, 0xBC8E, 0xBC8E, 0xBC8E, 0xBC8E, 0xBC8E, 0xFFFF, 0xBC8E, 0xBC8E, 0xBC8E, 0xBC8E, 0xBC8E, 0xBC8E, 0xBC8E, 0xBC8E,
 0xBC8E, 0xBC8E, 0xBC8E, 0xFFFF, 0xBC8E, 0xBC8E, 0xBC8E, 0xBC8E, 0xBC8E, 0xBC8E, 0xBC8E, 0xBC8E, 0xBC8E, 0xBC8E, 0xBC8E, 0xFFFF,
 0xBC8E, 0xBC8E, 0xBC8E, 0xBC8E, 0xBC8E, 0xBC8E, 0xBC8E, 0xBC8E, 0xBC8E, 0xBC8E, 0xBC8E, 0xBC8E, 0xBC8E, 0xBC8E, 0xBC8E, 0xBC8E,
 0xBC8E, 0xBC8E, 0xBC8E, 0xBC8E, 0xBC8E, 0xBC8E, 0xBC8E, 0xBC8E, 0xBC8E, 0xBC8E, 0xBC8E, 0xBC8E, 0xBC8E, 0xBC8E, 0xBC8E, 0xBC8E,
 0xFFFF, 0xBC8E, 0xBC8E, 0xBC8E, 0xBC8E, 0xBC8E, 0xBC8E, 0xBC8E, 0xBC8E, 0xBC8E, 0xBC8E, 0xBC8E, 0xFFFF, 0xBC8E, 0xBC8E, 0xBC8E,
 0xBC8E, 0xBC8E, 0xBC8E, 0xBC8E, 0xBC8E, 0xBC8E, 0xBC8E, 0xBC8E, 0xFFFF, 0xBC8E, 0xBC8E, 0xBC8E, 0xBC8E, 0xBC8E, 0xBC8E, 0xBC8E,
 0xBC8E, 0xBC8E, 0xBC8E, 0xFFFF, 0xBC8E, 0xBC8E, 0xBC8E, 0xBC8E, 0xBC8E, 0xBC8E, 0xBC8E, 0xBC8E, 0xBC8E, 0xBC8E, 0xBC8E, 0xFFFF,
 0xBC8E, 0xBC8E, 0xBC8E, 0xBC8E, 0xBC8E, 0xBC8E, 0xBC8E, 0xBC8E, 0xBC8E, 0xBC8E, 0xBC8E, 0xFFFF, 0xBC8E, 0xBC8E, 0xBC8E, 0xBC8E,
 0xBC8E, 0xBC8E, 0xBC8E, 0xBC8E, 0xBC8E, 0xBC8E, 0xBC8E, 0xFFFF, 0xBC8E, 0xBC8E, 0xBC8E, 0xBC8E, 0xBC8E, 0xBC8E, 0xBC8E, 0xBC8E,
 0xBC8E, 0xBC8E, 0xBC8E, 0xFFFF, 0xBC8E, 0xBC8E, 0xBC8E, 0xBC8E, 0xBC8E, 0xBC8E, 0xBC8E, 0xBC8E, 0xBC8E, 0xBC8E, 0xBC8E, 0xFFFF,
 0xBC8E, 0xBC8E, 0xBC8E, 0xBC8E, 0xBC8E, 0xBC8E, 0xBC8E, 0xBC8E, 0xBC8E, 0xBC8E, 0xBC8E, 0xBC8E, 0xBC8E, 0xBC8E, 0xBC8E, 0xBC8E,
 0xBC8E, 0xBC8E, 0xBC8E, 0xBC8E, 0xBC8E, 0xBC8E, 0xBC8E, 0xBC8E, 0xBC8E, 0xBC8E, 0xBC8E, 0xBC8E, 0xBC8E, 0xBC8E, 0xBC8E, 0xBC8E,
 0xFFFF, 0xBC8E, 0xBC8E, 0xBC8E, 0xBC8E, 0xBC8E, 0xBC8E, 0xBC8E, 0xBC8E, 0xBC8E, 0xBC8E, 0xBC8E, 0xFFFF, 0xBC8E, 0xBC8E, 0xBC8E,
 0xBC8E, 0xBC8E, 0xBC8E, 0xBC8E, 0xBC8E, 0xBC8E, 0xBC8E, 0xBC8E, 0xFFFF, 0xBC8E, 0xBC8E, 0xBC8E, 0xBC8E, 0xBC8E, 0xBC8E, 0xBC8E,
 0xBC8E, 0xBC8E, 0xBC8E, 0xFFFF, 0xBC8E, 0xBC8E, 0xBC8E, 0xBC8E, 0xBC8E, 0xBC8E, 0xBC8E, 0xBC8E, 0xBC8E, 0xBC8E, 0xBC8E, 0xFFFF,
 0xBC8E, 0xBC8E, 0xBC8E, 0xBC8E, 0xBC8E, 0xBC8E, 0xBC8E, 0xBC8E, 0xBC8E, 0xBC8E, 0xBC8E, 0xFFFF, 0xBC8E, 0xBC8E, 0xBC8E, 0xBC8E,
 0xBC8E, 0xBC8E, 0xBC8E, 0xBC8E, 0xBC8E, 0xBC8E, 0xBC8E, 0xFFFF, 0xBC8E, 0xBC8E, 0xBC8E, 0xBC8E, 0xBC8E, 0xBC8E, 0xBC8E, 0xBC8E,
 0xBC8E, 0xBC8E, 0xBC8E, 0xFFFF, 0xBC8E, 0xBC8E, 0xBC8E, 0xBC8E, 0xBC8E, 0xBC8E, 0xBC8E, 0xBC8E, 0xBC8E, 0xBC8E, 0xBC8E, 0xFFFF,
 0xBC8E, 0xBC8E, 0xBC8E, 0xBC8E, 0xBC8E, 0xBC8E, 0xBC8E, 0xBC8E, 0xBC8E, 0xBC8E, 0xBC8E, 0xBC8E, 0xBC8E, 0xBC8E, 0xBC8E, 0xBC8E,
 0xBC8E, 0xBC8E, 0xBC8E, 0xBC8E, 0xBC8E, 0xBC8E, 0xBC8E, 0xBC8E, 0xBC8E, 0xBC8E, 0xBC8E, 0xBC8E, 0xBC8E, 0xBC8E, 0xBC8E, 0xBC8E,
 0xFFFF, 0xBC8E, 0xBC8E, 0xBC8E, 0xBC8E, 0xBC8E, 0xBC8E, 0xBC8E, 0xBC8E, 0xBC8E, 0xBC8E, 0xBC8E, 0xFFFF, 0xBC8E, 0xBC8E, 0xBC8E,
 0xBC8E, 0xBC8E, 0xBC8E, 0xBC8E, 0xBC8E, 0xBC8E, 0xBC8E, 0xBC8E, 0xFFFF, 0xBC8E, 0xBC8E, 0xBC8E, 0xBC8E, 0xBC8E, 0xBC8E, 0xBC8E,
 0xBC8E, 0xBC8E, 0xBC8E, 0xFFFF, 0xBC8E, 0xBC8E, 0xBC8E, 0xBC8E, 0xBC8E, 0xBC8E, 0xBC8E, 0xBC8E, 0xBC8E, 0xBC8E, 0xBC8E, 0xFFFF,
 0xBC8E, 0xBC8E, 0xBC8E, 0xBC8E, 0xBC8E, 0xBC8E, 0xBC8E, 0xBC8E, 0xBC8E, 0xBC8E, 0xBC8E, 0xFFFF, 0xBC8E, 0xBC8E, 0xBC8E, 0xBC8E,
 0xBC8E, 0xBC8E, 0xBC8E, 0xBC8E, 0xBC8E, 0xBC8E, 0xBC8E, 0xFFFF, 0xBC8E, 0xBC8E, 0xBC8E, 0xBC8E, 0xBC8E, 0xBC8E, 0xBC8E, 0xBC8E,
 0xBC8E, 0xBC8E, 0xBC8E, 0xFFFF, 0xBC8E, 0xBC8E, 0xBC8E, 0xBC8E, 0xBC8E, 0xBC8E, 0xBC8E, 0xBC8E, 0xBC8E, 0xBC8E, 0xBC8E, 0xFFFF,
 0xBC8E, 0xBC8E, 0xBC8E, 0xBC8E, 0xBC8E, 0xBC8E, 0xBC8E, 0xBC8E, 0xBC8E, 0xBC8E, 0xBC8E, 0xBC8E, 0xBC8E, 0xBC8E, 0xBC8E, 0xBC8E,
 0xBC8E, 0xBC8E, 0xBC8E, 0xBC8E, 0xBC8E, 0xBC8E, 0xBC8E, 0xBC8E, 0xBC8E, 0xBC8E, 0xBC8E, 0xBC8E, 0xBC8E, 0xBC8E, 0xBC8E, 0xBC8E,
 0xFFFF, 0xBC8E, 0xBC8E, 0xBC8E, 0xBC8E, 0xBC8E, 0xBC8E, 0xBC8E, 0xBC8E, 0xBC8E, 0xBC8E, 0xBC8E, 0xFFFF, 0xBC8E, 0xBC8E, 0xBC8E,
 0xBC8E, 0xBC8E, 0xBC8E, 0xBC8E, 0xBC8E, 0xBC8E, 0xBC8E, 0xBC8E, 0xFFFF, 0xBC8E, 0xBC8E, 0xBC8E, 0xBC8E, 0xBC8E, 0xBC8E, 0xBC8E,
 0xBC8E, 0xBC8E, 0xBC8E, 0xFFFF, 0xBC8E, 0xBC8E, 0xBC8E, 0xBC8E, 0xBC8E, 0xBC8E, 0xBC8E, 0xBC8E, 0xBC8E, 0xBC8E, 0xBC8E, 0xFFFF,
 0xBC8E, 0xBC8E, 0xBC8E, 0xBC8E, 0xBC8E, 0xBC8E, 0xBC8E, 0xBC8E, 0xBC8E, 0xBC8E, 0xBC8E, 0xFFFF, 0xBC8E, 0xBC8E, 0xBC8E, 0xBC8E,
 0xBC8E, 0xBC8E, 0xBC8E, 0xBC8E, 0xBC8E, 0xBC8E, 0xBC8E, 0xFFFF, 0xBC8E, 0xBC8E, 0xBC8E, 0xBC8E, 0xBC8E, 0xBC8E, 0xBC8E, 0xBC8E,
 0xBC8E, 0xBC8E, 0xBC8E, 0xFFFF, 0xBC8E, 0xBC8E, 0xBC8E, 0xBC8E, 0xBC8E, 0xBC8E, 0xBC8E, 0xBC8E, 0xBC8E, 0xBC8E, 0xBC8E, 0xFFFF,
 0xBC8E, 0xBC8E, 0xBC8E, 0xBC8E, 0xBC8E, 0xBC8E, 0xBC8E, 0xBC8E, 0xBC8E, 0xBC8E, 0xBC8E, 0xBC8E, 0xBC8E, 0xBC8E, 0xBC8E, 0xBC8E,
 0xBC8E, 0xBC8E, 0xBC8E, 0xBC8E, 0xBC8E, 0xBC8E, 0xBC8E, 0xBC8E, 0xBC8E, 0xBC8E, 0xBC8E, 0xBC8E, 0xBC8E, 0xBC8E, 0xBC8E, 0xBC8E,
 0xFFFF, 0xBC8E, 0xBC8E, 0xBC8E, 0xBC8E, 0xBC8E, 0xBC8E, 0xBC8E, 0xBC8E, 0xBC8E, 0xBC8E, 0xBC8E, 0xFFFF, 0xBC8E, 0xBC8E, 0xBC8E,
 0xBC8E, 0xBC8E, 0xBC8E, 0xBC8E, 0xBC8E, 0xBC8E, 0xBC8E, 0xBC8E, 0xFFFF, 0xBC8E, 0xBC8E, 0xBC8E, 0xBC8E, 0xBC8E, 0xBC8E, 0xBC8E,
 0xBC8E, 0xBC8E, 0xBC8E, 0xFFFF, 0xBC8E, 0xBC8E, 0xBC8E, 0xBC8E, 0xBC8E, 0xBC8E, 0xBC8E, 0xBC8E, 0xBC8E, 0xBC8E, 0xBC8E, 0xFFFF,
 0xBC8E, 0xBC8E, 0xBC8E, 0xBC8E, 0xBC8E, 0xBC8E, 0xBC8E, 0xBC8E, 0xBC8E, 0xBC8E, 0xBC8E, 0xFFFF, 0xBC8E, 0xBC8E, 0xBC8E, 0xBC8E,
 0xBC8E, 0xBC8E, 0xBC8E, 0xBC8E, 0xBC8E, 0xBC8E, 0xBC8E, 0xFFFF, 0xBC8E, 0xBC8E, 0xBC8E, 0xBC8E, 0xBC8E, 0xBC8E, 0xBC8E, 0xBC8E,
 0xBC8E, 0xBC8E, 0xBC8E, 0xFFFF, 0xBC8E, 0xBC8E, 0xBC8E, 0xBC8E, 0xBC8E, 0xBC8E, 0xBC8E, 0xBC8E, 0xBC8E, 0xBC8E, 0xBC8E, 0xFFFF,
 0xBC8E, 0xBC8E, 0xBC8E, 0xBC8E, 0xBC8E, 0xBC8E, 0xBC8E, 0xBC8E, 0xBC8E, 0xBC8E, 0xBC8E, 0xBC8E, 0xBC8E, 0xBC8E, 0xBC8E, 0xBC8E,
 0xBC8E, 0xBC8E, 0xBC8E, 0xBC8E, 0xBC8E, 0xBC8E, 0xBC8E, 0xBC8E, 0xBC8E, 0xBC8E, 0xBC8E, 0xBC8E, 0xBC8E, 0xBC8E, 0xBC8E, 0xBC8E,
 0xFFFF, 0xBC8E, 0xBC8E, 0xBC8E, 0xBC8E, 0xBC8E, 0xBC8E, 0xBC8E, 0xBC8E, 0xBC8E, 0xBC8E, 0xBC8E, 0xFFFF, 0xBC8E, 0xBC8E, 0xBC8E,
 0xBC8E, 0xBC8E, 0xBC8E, 0xBC8E, 0xBC8E, 0xBC8E, 0xBC8E, 0xBC8E, 0xFFFF, 0xBC8E, 0xBC8E, 0xBC8E, 0xBC8E, 0xBC8E, 0xBC8E, 0xBC8E,
 0xBC8E, 0xBC8E, 0xBC8E, 0xFFFF, 0xBC8E, 0xBC8E, 0xBC8E, 0xBC8E, 0xBC8E, 0xBC8E, 0xBC8E, 0xBC8E, 0xBC8E, 0xBC8E, 0xBC8E, 0xFFFF,
 0xBC8E, 0xBC8E, 0xBC8E, 0xBC8E, 0xBC8E, 0xBC8E, 0xBC8E, 0xBC8E, 0xBC8E, 0xBC8E, 0xBC8E, 0xFFFF, 0xBC8E, 0xBC8E, 0xBC8E, 0xBC8E,
 0xBC8E, 0xBC8E, 0xBC8E, 0xBC8E, 0xBC8E, 0xBC8E, 0xBC8E, 0xFFFF, 0xBC8E, 0xBC8E, 0xBC8E, 0xBC8E, 0xBC8E, 0xBC8E, 0xBC8E, 0xBC8E,
 0xBC8E, 0xBC8E, 0xBC8E, 0xFFFF, 0xBC8E, 0xBC8E, 0xBC8E, 0xBC8E, 0xBC8E, 0xBC8E, 0xBC8E, 0xBC8E, 0xBC8E, 0xBC8E, 0xBC8E, 0xFFFF,
 0xBC8E, 0xBC8E, 0xBC8E, 0xBC8E, 0xBC8E, 0xBC8E, 0xBC8E, 0xBC8E, 0xBC8E, 0xBC8E, 0xBC8E, 0xBC8E, 0xBC8E, 0xBC8E, 0xBC8E, 0xBC8E,
 0xBC8E, 0xBC8E, 0xBC8E, 0xBC8E, 0xBC8E, 0xBC8E, 0xBC8E, 0xBC8E, 0xBC8E, 0xBC8E, 0xBC8E, 0xBC8E, 0xBC8E, 0xBC8E, 0xBC8E, 0xBC8E,
 0xFFFF, 0xBC8E, 0xBC8E, 0xBC8E, 0xBC8E, 0xBC8E, 0xBC8E, 0xBC8E, 0xBC8E, 0xBC8E, 0xBC8E, 0xBC8E, 0xFFFF, 0xBC8E, 0xBC8E, 0xBC8E,
 0xBC8E, 0xBC8E, 0xBC8E, 0xBC8E, 0xBC8E, 0xBC8E, 0xBC8E, 0xBC8E, 0xFFFF, 0xBC8E, 0xBC8E, 0xBC8E, 0xBC8E, 0xBC8E, 0xBC8E, 0xBC8E,
 0xBC8E, 0xBC8E, 0xBC8E, 0xFFFF, 0xBC8E, 0xBC8E, 0xBC8E, 0xBC8E, 0xBC8E, 0xBC8E, 0xBC8E, 0xBC8E, 0xBC8E, 0xBC8E, 0xBC8E, 0xFFFF,
 0xBC8E, 0xBC8E, 0xBC8E, 0xBC8E, 0xBC8E, 0xBC8E, 0xBC8E, 0xBC8E, 0xBC8E, 0xBC8E, 0xBC8E, 0xFFFF, 0xBC8E, 0xBC8E, 0xBC8E, 0xBC8E,
 0xBC8E, 0xBC8E, 0xBC8E, 0xBC8E, 0xBC8E, 0xBC8E, 0xBC8E, 0xFFFF, 0xBC8E, 0xBC8E, 0xBC8E, 0xBC8E, 0xBC8E, 0xBC8E, 0xBC8E, 0xBC8E,
 0xBC8E, 0xBC8E, 0xBC8E, 0xFFFF, 0xBC8E, 0xBC8E, 0xBC8E, 0xBC8E, 0xBC8E, 0xBC8E, 0xBC8E, 0xBC8E, 0xBC8E, 0xBC8E, 0xBC8E, 0xFFFF,
 0xBC8E, 0xBC8E, 0xBC8E, 0xBC8E, 0xBC8E, 0xBC8E, 0xBC8E, 0xBC8E, 0xBC8E, 0xBC8E, 0xBC8E, 0xBC8E, 0xBC8E, 0xBC8E, 0xBC8E, 0xBC8E,
 0xBC8E, 0xBC8E, 0xBC8E, 0xBC8E, 0xBC8E, 0xBC8E, 0xBC8E, 0xBC8E, 0xBC8E, 0xBC8E, 0xBC8E, 0xBC8E, 0xBC8E, 0xBC8E, 0xBC8E, 0xBC8E,
 0xFFFF, 0xBC8E, 0xBC8E, 0xBC8E, 0xBC8E, 0xBC8E, 0xBC8E, 0xBC8E, 0xBC8E, 0xBC8E, 0xBC8E, 0xBC8E, 0xFFFF, 0xBC8E, 0xBC8E, 0xBC8E,
 0xBC8E, 0xBC8E, 0xBC8E, 0xBC8E, 0xBC8E, 0xBC8E, 0xBC8E, 0xBC8E, 0xFFFF, 0xBC8E, 0xBC8E, 0xBC8E, 0xBC8E, 0xBC8E, 0xBC8E, 0xBC8E,
 0xBC8E, 0xBC8E, 0xBC8E, 0xFFFF, 0xBC8E, 0xBC8E, 0xBC8E, 0xBC8E, 0xBC8E, 0xBC8E, 0xBC8E, 0xBC8E, 0xBC8E, 0xBC8E, 0xBC8E, 0xFFFF,
 0xBC8E, 0xBC8E, 0xBC8E, 0xBC8E, 0xBC8E, 0xBC8E, 0xBC8E, 0xBC8E, 0xBC8E, 0xBC8E, 0xBC8E, 0xFFFF, 0xBC8E, 0xBC8E, 0xBC8E, 0xBC8E,
 0xBC8E, 0xBC8E, 0xBC8E, 0xBC8E, 0xBC8E, 0xBC8E, 0xBC8E, 0xFFFF, 0xBC8E, 0xBC8E, 0xBC8E, 0xBC8E, 0xBC8E, 0xBC8E, 0xBC8E, 0xBC8E,
 0xBC8E, 0xBC8E, 0xBC8E, 0xFFFF, 0xBC8E, 0xBC8E, 0xBC8E, 0xBC8E, 0xBC8E, 0xBC8E, 0xBC8E, 0xBC8E, 0xBC8E, 0xBC8E, 0xBC8E, 0xFFFF,
 0xBC8E, 0xBC8E, 0xBC8E, 0xBC8E, 0xBC8E, 0xBC8E, 0xBC8E, 0xBC8E, 0xBC8E, 0xBC8E, 0xBC8E, 0xBC8E, 0xBC8E, 0xBC8E, 0xBC8E, 0xBC8E,
 0xBC8E, 0xBC8E, 0xBC8E, 0xBC8E, 0xBC8E, 0xBC8E, 0xBC8E, 0xBC8E, 0xBC8E, 0xBC8E, 0xBC8E, 0xBC8E, 0xBC8E, 0xBC8E, 0xBC8E, 0xBC8E,
 0xFFFF, 0xBC8E, 0xBC8E, 0xBC8E, 0xBC8E, 0xBC8E, 0xBC8E, 0xBC8E, 0xBC8E, 0xBC8E, 0xBC8E, 0xBC8E, 0xFFFF, 0xBC8E, 0xBC8E, 0xBC8E,
 0xBC8E, 0xBC8E, 0xBC8E, 0xBC8E, 0xBC8E, 0xBC8E, 0xBC8E, 0xBC8E, 0xFFFF, 0xBC8E, 0xBC8E, 0xBC8E, 0xBC8E, 0xBC8E, 0xBC8E, 0xBC8E,
 0xBC8E, 0xBC8E, 0xBC8E, 0xFFFF, 0xBC8E, 0xBC8E, 0xBC8E, 0xBC8E, 0xBC8E, 0xBC8E, 0xBC8E, 0xBC8E, 0xBC8E, 0xBC8E, 0xBC8E, 0xFFFF,
 0xBC8E, 0xBC8E, 0xBC8E, 0xBC8E, 0xBC8E, 0xBC8E, 0xBC8E, 0xBC8E, 0xBC8E, 0xBC8E, 0xBC8E, 0xFFFF, 0xBC8E, 0xBC8E, 0xBC8E, 0xBC8E,
 0xBC8E, 0xBC8E, 0xBC8E, 0xBC8E, 0xBC8E, 0xBC8E, 0xBC8E, 0xFFFF, 0xBC8E, 0xBC8E, 0xBC8E, 0xBC8E, 0xBC8E, 0xBC8E, 0xBC8E, 0xBC8E,
 0xBC8E, 0xBC8E, 0xBC8E, 0xFFFF, 0xBC8E, 0xBC8E, 0xBC8E, 0xBC8E, 0xBC8E, 0xBC8E, 0xBC8E, 0xBC8E, 0xBC8E, 0xBC8E, 0xBC8E, 0xFFFF,
 0xBC8E, 0xBC8E, 0xBC8E, 0xBC8E, 0xBC8E, 0xBC8E, 0xBC8E, 0xBC8E, 0xBC8E, 0xBC8E, 0xBC8E, 0xBC8E, 0xBC8E, 0xBC8E, 0xBC8E, 0xBC8E,
 0xBC8E, 0xBC8E, 0xBC8E, 0xBC8E, 0xBC8E, 0xBC8E, 0xBC8E, 0xBC8E, 0xBC8E, 0xBC8E, 0xBC8E, 0xBC8E, 0xBC8E, 0xBC8E, 0xBC8E, 0xBC8E,
 0xFFFF, 0xBC8E, 0xBC8E, 0xBC8E, 0xBC8E, 0xBC8E, 0xBC8E, 0xBC8E, 0xBC8E, 0xBC8E, 0xBC8E, 0xBC8E, 0xFFFF, 0xBC8E, 0xBC8E, 0xBC8E,
 0xBC8E, 0xBC8E, 0xBC8E, 0xBC8E, 0xBC8E, 0xBC8E, 0xBC8E, 0xBC8E, 0xFFFF, 0xBC8E, 0xBC8E, 0xBC8E, 0xBC8E, 0xBC8E, 0xBC8E, 0xBC8E,
 0xBC8E, 0xBC8E, 0xBC8E, 0xFFFF, 0xBC8E, 0xBC8E, 0xBC8E, 0xBC8E, 0xBC8E, 0xBC8E, 0xBC8E, 0xBC8E, 0xBC8E, 0xBC8E, 0xBC8E, 0xFFFF,
 0xBC8E, 0xBC8E, 0xBC8E, 0xBC8E, 0xBC8E, 0xBC8E, 0xBC8E, 0xBC8E, 0xBC8E, 0xBC8E, 0xBC8E, 0xFFFF, 0xBC8E, 0xBC8E, 0xBC8E, 0xBC8E,
 0xBC8E, 0xBC8E, 0xBC8E, 0xBC8E, 0xBC8E, 0xBC8E, 0xBC8E, 0xFFFF, 0xBC8E, 0xBC8E, 0xBC8E, 0xBC8E, 0xBC8E, 0xBC8E, 0xBC8E, 0xBC8E,
 0xBC8E, 0xBC8E, 0xBC8E, 0xFFFF, 0xBC8E, 0xBC8E, 0xBC8E, 0xBC8E, 0xBC8E, 0xBC8E, 0xBC8E, 0xBC8E, 0xBC8E, 0xBC8E, 0xBC8E, 0xFFFF,
 0xBC8E, 0xBC8E, 0xBC8E, 0xBC8E, 0xBC8E, 0xBC8E, 0xBC8E, 0xBC8E, 0xBC8E, 0xBC8E, 0xBC8E, 0xBC8E, 0xBC8E, 0xBC8E, 0xBC8E, 0xBC8E,
 0xBC8E, 0xBC8E, 0xBC8E, 0xBC8E, 0xBC8E, 0xBC8E, 0xBC8E, 0xBC8E, 0xBC8E, 0xBC8E, 0xBC8E, 0xBC8E, 0xBC8E, 0xBC8E, 0xBC8E, 0xBC8E,
 0xFFFF, 0xFFFF, 0xFFFF, 0xFFFF, 0xFFFF, 0xFFFF, 0xFFFF, 0xFFFF, 0xFFFF, 0xFFFF, 0xFFFF, 0xFFFF, 0xFFFF, 0xFFFF, 0xFFFF, 0xFFFF,
 0xFFFF, 0xFFFF, 0xFFFF, 0xFFFF, 0xFFFF, 0xFFFF, 0xFFFF, 0xFFFF, 0xFFFF, 0xFFFF, 0xFFFF, 0xFFFF, 0xFFFF, 0xFFFF, 0xFFFF, 0xFFFF,
 0xFFFF, 0xFFFF, 0xFFFF, 0xFFFF, 0xFFFF, 0xFFFF, 0xFFFF, 0xFFFF, 0xFFFF, 0xFFFF, 0xFFFF, 0xFFFF, 0xFFFF, 0xFFFF, 0xFFFF, 0xFFFF,
 0xFFFF, 0xFFFF, 0xFFFF, 0xFFFF, 0xFFFF, 0xFFFF, 0xFFFF, 0xFFFF, 0xFFFF, 0xFFFF, 0xFFFF, 0xFFFF, 0xFFFF, 0xFFFF, 0xFFFF, 0xFFFF,
 0xFFFF, 0xFFFF, 0xFFFF, 0xFFFF, 0xFFFF, 0xFFFF, 0xFFFF, 0xFFFF, 0xFFFF, 0xFFFF, 0xFFFF, 0xFFFF, 0xFFFF, 0xFFFF, 0xFFFF, 0xFFFF,
 0xFFFF, 0xFFFF, 0xFFFF, 0xFFFF, 0xFFFF, 0xFFFF, 0xFFFF, 0xFFFF, 0xFFFF, 0xFFFF, 0xFFFF, 0xFFFF, 0xFFFF, 0xFFFF, 0xFFFF, 0xFFFF,
 0xBC8E, 0xBC8E, 0xBC8E, 0xBC8E, 0xBC8E, 0xBC8E, 0xBC8E, 0xBC8E, 0xBC8E, 0xBC8E, 0xBC8E, 0xBC8E, 0xBC8E, 0xBC8E, 0xBC8E, 0xBC8E,
 0xBC8E, 0xBC8E, 0xBC8E, 0xBC8E, 0xBC8E, 0xBC8E, 0xBC8E, 0xBC8E, 0xBC8E, 0xBC8E, 0xBC8E, 0xBC8E, 0xBC8E, 0xBC8E, 0xBC8E, 0xBC8E,
 0xBC8E, 0xBC8E, 0xBC8E, 0xBC8E, 0xBC8E, 0xBC8E, 0xBC8E, 0xBC8E, 0xBC8E, 0xBC8E, 0xBC8E, 0xBC8E, 0xBC8E, 0xBC8E, 0xBC8E, 0xBC8E,
 0xBC8E, 0xBC8E, 0xBC8E, 0xBC8E, 0xBC8E, 0xBC8E, 0xBC8E, 0xBC8E, 0xBC8E, 0xBC8E, 0xBC8E, 0xBC8E, 0xBC8E, 0xBC8E, 0xBC8E, 0xBC8E,
 0xBC8E, 0xBC8E, 0xBC8E, 0xBC8E, 0xBC8E, 0xBC8E, 0xBC8E, 0xBC8E, 0xBC8E, 0xBC8E, 0xBC8E, 0xBC8E, 0xBC8E, 0xBC8E, 0xBC8E, 0xBC8E,
 0xBC8E, 0xBC8E, 0xBC8E, 0xBC8E, 0xBC8E, 0xBC8E, 0xBC8E, 0xBC8E, 0xBC8E, 0xBC8E, 0xBC8E, 0xBC8E, 0xBC8E, 0xBC8E, 0xBC8E, 0xBC8E,
 0xBC8E, 0xBC8E, 0xBC8E, 0xBC8E, 0xBC8E, 0xBC8E, 0xBC8E, 0xBC8E, 0xBC8E, 0xBC8E, 0xBC8E, 0xBC8E, 0xBC8E, 0xBC8E, 0xBC8E, 0xBC8E,
 0xBC8E, 0xBC8E, 0xBC8E, 0xBC8E, 0xBC8E, 0xBC8E, 0xBC8E, 0xBC8E, 0xBC8E, 0xBC8E, 0xBC8E, 0xBC8E, 0xBC8E, 0xBC8E, 0xBC8E, 0xBC8E,
 0xBC8E, 0xBC8E, 0xBC8E, 0xBC8E, 0xBC8E, 0xBC8E, 0xBC8E, 0xBC8E, 0xBC8E, 0xBC8E, 0xBC8E, 0xBC8E, 0xBC8E, 0xBC8E, 0xBC8E, 0xBC8E,
 0xBC8E, 0xBC8E, 0xBC8E, 0xBC8E, 0xBC8E, 0xBC8E, 0xBC8E, 0xBC8E, 0xBC8E, 0xBC8E, 0xBC8E, 0xBC8E, 0xBC8E, 0xBC8E, 0xBC8E, 0xBC8E,
 0xBC8E, 0xBC8E, 0xBC8E, 0xBC8E, 0xBC8E, 0xBC8E, 0xBC8E, 0xBC8E, 0xBC8E, 0xBC8E, 0xBC8E, 0xBC8E, 0xBC8E, 0xBC8E, 0xBC8E, 0xBC8E,
 0xBC8E, 0xBC8E, 0xBC8E, 0xBC8E, 0xBC8E, 0xBC8E, 0xBC8E, 0xBC8E, 0xBC8E, 0xBC8E, 0xBC8E, 0xBC8E, 0xBC8E, 0xBC8E, 0xBC8E, 0xBC8E,
 0xBC8E, 0xBC8E, 0xBC8E, 0xBC8E, 0xBC8E, 0xBC8E, 0xBC8E, 0xBC8E, 0xBC8E, 0xBC8E, 0xBC8E, 0xBC8E, 0xBC8E, 0xBC8E, 0xBC8E, 0xBC8E,
 0xBC8E, 0xBC8E, 0xBC8E, 0xBC8E, 0xBC8E, 0xBC8E, 0xBC8E, 0xBC8E, 0xBC8E, 0xBC8E, 0xBC8E, 0xBC8E, 0xBC8E, 0xBC8E, 0xBC8E, 0xBC8E,
 0xBC8E, 0xBC8E, 0xBC8E, 0xBC8E, 0xBC8E, 0xBC8E, 0xBC8E, 0xBC8E, 0xBC8E, 0xBC8E, 0xBC8E, 0xBC8E, 0xBC8E, 0xBC8E, 0xBC8E, 0xBC8E,
 0xBC8E, 0xBC8E, 0xBC8E, 0xBC8E, 0xBC8E, 0xBC8E, 0xBC8E, 0xBC8E, 0xBC8E, 0xBC8E, 0xBC8E, 0xBC8E, 0xBC8E, 0xBC8E, 0xBC8E, 0xBC8E,
 0xBC8E, 0xBC8E, 0xBC8E, 0xBC8E, 0xBC8E, 0xBC8E, 0xBC8E, 0xBC8E, 0xBC8E, 0xBC8E, 0xBC8E, 0xBC8E, 0xBC8E, 0xBC8E, 0xBC8E, 0xBC8E,
 0xBC8E, 0xBC8E, 0xBC8E, 0xBC8E, 0xBC8E, 0xBC8E, 0xBC8E, 0xBC8E, 0xBC8E, 0xBC8E, 0xBC8E, 0xBC8E, 0xBC8E, 0xBC8E, 0xBC8E, 0xBC8E,
 0xBC8E, 0xBC8E, 0xBC8E, 0xBC8E, 0xBC8E, 0xBC8E, 0xBC8E, 0xBC8E, 0xBC8E, 0xBC8E, 0xBC8E, 0xBC8E, 0xBC8E, 0xBC8E, 0xBC8E, 0xBC8E,
 0xBC8E, 0xBC8E, 0xBC8E, 0xBC8E, 0xBC8E, 0xBC8E, 0xBC8E, 0xBC8E, 0xBC8E, 0xBC8E, 0xBC8E, 0xBC8E, 0xBC8E, 0xBC8E, 0xBC8E, 0xBC8E,
 0xBC8E, 0xBC8E, 0xBC8E, 0xBC8E, 0xBC8E, 0xBC8E, 0xBC8E, 0xBC8E, 0xBC8E, 0xBC8E, 0xBC8E, 0xBC8E, 0xBC8E, 0xBC8E, 0xBC8E, 0xBC8E,
 0xBC8E, 0xBC8E, 0xBC8E, 0xBC8E, 0xBC8E, 0xBC8E, 0xBC8E, 0xBC8E, 0xBC8E, 0xBC8E, 0xBC8E, 0xBC8E, 0xBC8E, 0xBC8E, 0xBC8E, 0xBC8E,
 0xBC8E, 0xBC8E, 0xBC8E, 0xBC8E, 0xBC8E, 0xBC8E, 0xBC8E, 0xBC8E, 0xBC8E, 0xBC8E, 0xBC8E, 0xBC8E, 0xBC8E, 0xBC8E, 0xBC8E, 0xBC8E,
 0xBC8E, 0xBC8E, 0xBC8E, 0xBC8E, 0xBC8E, 0xBC8E, 0xBC8E, 0xBC8E, 0xBC8E, 0xBC8E, 0xBC8E, 0xBC8E, 0xBC8E, 0xBC8E, 0xBC8E, 0xBC8E,
 0xBC8E, 0xBC8E, 0xBC8E, 0xBC8E, 0xBC8E, 0xBC8E, 0xBC8E, 0xBC8E, 0xBC8E, 0xBC8E, 0xBC8E, 0xBC8E, 0xBC8E, 0xBC8E, 0xBC8E, 0xBC8E,
 0xBC8E, 0xBC8E, 0xBC8E, 0xBC8E, 0xBC8E, 0xBC8E, 0xBC8E, 0xBC8E, 0xBC8E, 0xBC8E, 0xBC8E, 0xBC8E, 0xBC8E, 0xBC8E, 0xBC8E, 0xBC8E,
 0xBC8E, 0xBC8E, 0xBC8E, 0xBC8E, 0xBC8E, 0xBC8E, 0xBC8E, 0xBC8E, 0xBC8E, 0xBC8E, 0xBC8E, 0xBC8E, 0xBC8E, 0xBC8E, 0xBC8E, 0xBC8E,
 0xBC8E, 0xBC8E, 0xBC8E, 0xBC8E, 0xBC8E, 0xBC8E, 0xBC8E, 0xBC8E, 0xBC8E, 0xBC8E, 0xBC8E, 0xBC8E, 0xBC8E, 0xBC8E, 0xBC8E, 0xBC8E,
 0xBC8E, 0xBC8E, 0xBC8E, 0xBC8E, 0xBC8E, 0xBC8E, 0xBC8E, 0xBC8E, 0xBC8E, 0xBC8E, 0xBC8E, 0xBC8E, 0xBC8E, 0xBC8E, 0xBC8E, 0xBC8E,
 0xBC8E, 0xBC8E, 0xBC8E, 0xBC8E, 0xBC8E, 0xBC8E, 0xBC8E, 0xBC8E, 0xBC8E, 0xBC8E, 0xBC8E, 0xBC8E, 0xBC8E, 0xBC8E, 0xBC8E, 0xBC8E,
 0xBC8E, 0xBC8E, 0xBC8E, 0xBC8E, 0xBC8E, 0xBC8E, 0xBC8E, 0xBC8E, 0xBC8E, 0xBC8E, 0xBC8E, 0xBC8E, 0xBC8E, 0xBC8E, 0xBC8E, 0xBC8E,
 0xBC8E, 0xBC8E, 0xBC8E, 0xBC8E, 0xBC8E, 0xBC8E, 0xBC8E, 0xBC8E, 0xBC8E, 0xBC8E, 0xBC8E, 0xBC8E, 0xBC8E, 0xBC8E, 0xBC8E, 0xBC8E,
 0xBC8E, 0xBC8E, 0xBC8E, 0xBC8E, 0xBC8E, 0xBC8E, 0xBC8E, 0xBC8E, 0xBC8E, 0xBC8E, 0xBC8E, 0xBC8E, 0xBC8E, 0xBC8E, 0xBC8E, 0xBC8E,
 0xBC8E, 0xBC8E, 0xBC8E, 0xBC8E, 0xBC8E, 0xBC8E, 0xBC8E, 0xBC8E, 0xBC8E, 0xBC8E, 0xBC8E, 0xBC8E, 0xBC8E, 0xBC8E, 0xBC8E, 0xBC8E,
 0xBC8E, 0xBC8E, 0xBC8E, 0xBC8E, 0xBC8E, 0xBC8E, 0xBC8E, 0xBC8E, 0xBC8E, 0xBC8E, 0xBC8E, 0xBC8E, 0xBC8E, 0xBC8E, 0xBC8E, 0xBC8E,
 0xBC8E, 0xBC8E, 0xBC8E, 0xBC8E, 0xBC8E, 0xBC8E, 0xBC8E, 0xBC8E, 0xBC8E, 0xBC8E, 0xBC8E, 0xBC8E, 0xBC8E, 0xBC8E, 0xBC8E, 0xBC8E,
 0xBC8E, 0xBC8E, 0xBC8E, 0xBC8E, 0xBC8E, 0xBC8E, 0xBC8E, 0xBC8E, 0xBC8E, 0xBC8E, 0xBC8E, 0xBC8E, 0xBC8E, 0xBC8E, 0xBC8E, 0xBC8E,
 0xBC8E, 0xBC8E, 0xBC8E, 0xBC8E, 0xBC8E, 0xBC8E, 0xBC8E, 0xBC8E, 0xBC8E, 0xBC8E, 0xBC8E, 0xBC8E, 0xBC8E, 0xBC8E, 0xBC8E, 0xBC8E,
 0xBC8E, 0xBC8E, 0xBC8E, 0xBC8E, 0xBC8E, 0xBC8E, 0xBC8E, 0xBC8E, 0xBC8E, 0xBC8E, 0xBC8E, 0xBC8E, 0xBC8E, 0xBC8E, 0xBC8E, 0xBC8E,
 0xBC8E, 0xBC8E, 0xBC8E, 0xBC8E, 0xBC8E, 0xBC8E, 0xBC8E, 0xBC8E, 0xBC8E, 0xBC8E, 0xBC8E, 0xBC8E, 0xBC8E, 0xBC8E, 0xBC8E, 0xBC8E,
 0xBC8E, 0xBC8E, 0xBC8E, 0xBC8E, 0xBC8E, 0xBC8E, 0xBC8E, 0xBC8E, 0xBC8E, 0xBC8E, 0xBC8E, 0xBC8E, 0xBC8E, 0xBC8E, 0xBC8E, 0xBC8E,
 0xBC8E, 0xBC8E, 0xBC8E, 0xBC8E, 0xBC8E, 0xBC8E, 0xBC8E, 0xBC8E, 0xBC8E, 0xBC8E, 0xBC8E, 0xBC8E, 0xBC8E, 0xBC8E, 0xBC8E, 0xBC8E,
 0xBC8E, 0xBC8E, 0xBC8E, 0xBC8E, 0xBC8E, 0xBC8E, 0xBC8E, 0xBC8E, 0xBC8E, 0xBC8E, 0xBC8E, 0xBC8E, 0xBC8E, 0xBC8E, 0xBC8E, 0xBC8E,
 0xBC8E, 0xBC8E, 0xBC8E, 0xBC8E, 0xBC8E, 0xBC8E, 0xBC8E, 0xBC8E, 0xBC8E, 0xBC8E, 0xBC8E, 0xBC8E, 0xBC8E, 0xBC8E, 0xBC8E, 0xBC8E,
 0xBC8E, 0xBC8E, 0xBC8E, 0xBC8E, 0xBC8E, 0xBC8E, 0xBC8E, 0xBC8E, 0xBC8E, 0xBC8E, 0xBC8E, 0xBC8E, 0xBC8E, 0xBC8E, 0xBC8E, 0xBC8E,
 0xBC8E, 0xBC8E, 0xBC8E, 0xBC8E, 0xBC8E, 0xBC8E, 0xBC8E, 0xBC8E, 0xBC8E, 0xBC8E, 0xBC8E, 0xBC8E, 0xBC8E, 0xBC8E, 0xBC8E, 0xBC8E,
 0xBC8E, 0xBC8E, 0xBC8E, 0xBC8E, 0xBC8E, 0xBC8E, 0xBC8E, 0xBC8E, 0xBC8E, 0xBC8E, 0xBC8E, 0xBC8E, 0xBC8E, 0xBC8E, 0xBC8E, 0xBC8E,
 0xBC8E, 0xBC8E, 0xBC8E, 0xBC8E, 0xBC8E, 0xBC8E, 0xBC8E, 0xBC8E, 0xBC8E, 0xBC8E, 0xBC8E, 0xBC8E, 0xBC8E, 0xBC8E, 0xBC8E, 0xBC8E,
 0xBC8E, 0xBC8E, 0xBC8E, 0xBC8E, 0xBC8E, 0xBC8E, 0xBC8E, 0xBC8E, 0xBC8E, 0xBC8E, 0xBC8E, 0xBC8E, 0xBC8E, 0xBC8E, 0xBC8E, 0xBC8E,
 0xBC8E, 0xBC8E, 0xBC8E, 0xBC8E, 0xBC8E, 0xBC8E, 0xBC8E, 0xBC8E, 0xBC8E, 0xBC8E, 0xBC8E, 0xBC8E, 0xBC8E, 0xBC8E, 0xBC8E, 0xBC8E,
 0xBC8E, 0xBC8E, 0xBC8E, 0xBC8E, 0xBC8E, 0xBC8E, 0xBC8E, 0xBC8E, 0xBC8E, 0xBC8E, 0xBC8E, 0xBC8E, 0xBC8E, 0xBC8E, 0xBC8E, 0xBC8E,
 0xBC8E, 0xBC8E, 0xBC8E, 0xBC8E, 0xBC8E, 0xBC8E, 0xBC8E, 0xBC8E, 0xBC8E, 0xBC8E, 0xBC8E, 0xBC8E, 0xBC8E, 0xBC8E, 0xBC8E, 0xBC8E,
 0xBC8E, 0xBC8E, 0xBC8E, 0xBC8E, 0xBC8E, 0xBC8E, 0xBC8E, 0xBC8E, 0xBC8E, 0xBC8E, 0xBC8E, 0xBC8E, 0xBC8E, 0xBC8E, 0xBC8E, 0xBC8E,
 0xBC8E, 0xBC8E, 0xBC8E, 0xBC8E, 0xBC8E, 0xBC8E, 0xBC8E, 0xBC8E, 0xBC8E, 0xBC8E, 0xBC8E, 0xBC8E, 0xBC8E, 0xBC8E, 0xBC8E, 0xBC8E,
 0xBC8E, 0xBC8E, 0xBC8E, 0xBC8E, 0xBC8E, 0xBC8E, 0xBC8E, 0xBC8E, 0xBC8E, 0xBC8E, 0xBC8E, 0xBC8E, 0xBC8E, 0xBC8E, 0xBC8E, 0xBC8E,
 0xBC8E, 0xBC8E, 0xBC8E, 0xBC8E, 0xBC8E, 0xBC8E, 0xBC8E, 0xBC8E, 0xBC8E, 0xBC8E, 0xBC8E, 0xBC8E, 0xBC8E, 0xBC8E, 0xBC8E, 0xBC8E,
 0xBC8E, 0xBC8E, 0xBC8E, 0xBC8E, 0xBC8E, 0xBC8E, 0xBC8E, 0xBC8E, 0xBC8E, 0xBC8E, 0xBC8E, 0xBC8E, 0xBC8E, 0xBC8E, 0xBC8E, 0xBC8E,
 0xBC8E, 0xBC8E, 0xBC8E, 0xBC8E, 0xBC8E, 0xBC8E, 0xBC8E, 0xBC8E, 0xBC8E, 0xBC8E, 0xBC8E, 0xBC8E, 0xBC8E, 0xBC8E, 0xBC8E, 0xBC8E,
 0xBC8E, 0xBC8E, 0xBC8E, 0xBC8E, 0xBC8E, 0xBC8E, 0xBC8E, 0xBC8E, 0xBC8E, 0xBC8E, 0xBC8E, 0xBC8E, 0xBC8E, 0xBC8E, 0xBC8E, 0xBC8E,
 0xBC8E, 0xBC8E, 0xBC8E, 0xBC8E, 0xBC8E, 0xBC8E, 0xBC8E, 0xBC8E, 0xBC8E, 0xBC8E, 0xBC8E, 0xBC8E, 0xBC8E, 0xBC8E, 0xBC8E, 0xBC8E,
 0xBC8E, 0xBC8E, 0xBC8E, 0xBC8E, 0xBC8E, 0xBC8E, 0xBC8E, 0xBC8E, 0xBC8E, 0xBC8E, 0xBC8E, 0xBC8E, 0xBC8E, 0xBC8E, 0xBC8E, 0xBC8E,
 0xBC8E, 0xBC8E, 0xBC8E, 0xBC8E, 0xBC8E, 0xBC8E, 0xBC8E, 0xBC8E, 0xBC8E, 0xBC8E, 0xBC8E, 0xBC8E, 0xBC8E, 0xBC8E, 0xBC8E, 0xBC8E,
 0xBC8E, 0xBC8E, 0xBC8E, 0xBC8E, 0xBC8E, 0xBC8E, 0xBC8E, 0xBC8E, 0xBC8E, 0xBC8E, 0xBC8E, 0xBC8E, 0xBC8E, 0xBC8E, 0xBC8E, 0xBC8E,
 0xBC8E, 0xBC8E, 0xBC8E, 0xBC8E, 0xBC8E, 0xBC8E, 0xBC8E, 0xBC8E, 0xBC8E, 0xBC8E, 0xBC8E, 0xBC8E, 0xBC8E, 0xBC8E, 0xBC8E, 0xBC8E,
 0xBC8E, 0xBC8E, 0xBC8E, 0xBC8E, 0xBC8E, 0xBC8E, 0xBC8E, 0xBC8E, 0xBC8E, 0xBC8E, 0xBC8E, 0xBC8E, 0xBC8E, 0xBC8E, 0xBC8E, 0xBC8E,
 0xBC8E, 0xBC8E, 0xBC8E, 0xBC8E, 0xBC8E, 0xBC8E, 0xBC8E, 0xBC8E, 0xBC8E, 0xBC8E, 0xBC8E, 0xBC8E, 0xBC8E, 0xBC8E, 0xBC8E, 0xBC8E,
 0xBC8E, 0xBC8E, 0xBC8E, 0xBC8E, 0xBC8E, 0xBC8E, 0xBC8E, 0xBC8E, 0xBC8E, 0xBC8E, 0xBC8E, 0xBC8E, 0xBC8E, 0xBC8E, 0xBC8E, 0xBC8E,
 0xBC8E, 0xBC8E, 0xBC8E, 0xBC8E, 0xBC8E, 0xBC8E, 0xBC8E, 0xBC8E, 0xBC8E, 0xBC8E, 0xBC8E, 0xBC8E, 0xBC8E, 0xBC8E, 0xBC8E, 0xBC8E,
 0xBC8E, 0xBC8E, 0xBC8E, 0xBC8E, 0xBC8E, 0xBC8E, 0xBC8E, 0xBC8E, 0xBC8E, 0xBC8E, 0xBC8E, 0xBC8E, 0xBC8E, 0xBC8E, 0xBC8E, 0xBC8E,
 0xBC8E, 0xBC8E, 0xBC8E, 0xBC8E, 0xBC8E, 0xBC8E, 0xBC8E, 0xBC8E, 0xBC8E, 0xBC8E, 0xBC8E, 0xBC8E, 0xBC8E, 0xBC8E, 0xBC8E, 0xBC8E,
 0xBC8E, 0xBC8E, 0xBC8E, 0xBC8E, 0xBC8E, 0xBC8E, 0xBC8E, 0xBC8E, 0xBC8E, 0xBC8E, 0xBC8E, 0xBC8E, 0xBC8E, 0xBC8E, 0xBC8E, 0xBC8E,
 0xBC8E, 0xBC8E, 0xBC8E, 0xBC8E, 0xBC8E, 0xBC8E, 0xBC8E, 0xBC8E, 0xBC8E, 0xBC8E, 0xBC8E, 0xBC8E, 0xBC8E, 0xBC8E, 0xBC8E, 0xBC8E,
 0xBC8E, 0xBC8E, 0xBC8E, 0xBC8E, 0xBC8E, 0xBC8E, 0xBC8E, 0xBC8E, 0xBC8E, 0xBC8E, 0xBC8E, 0xBC8E, 0xBC8E, 0xBC8E, 0xBC8E, 0xBC8E,
 0xBC8E, 0xBC8E, 0xBC8E, 0xBC8E, 0xBC8E, 0xBC8E, 0xBC8E, 0xBC8E, 0xBC8E, 0xBC8E, 0xBC8E, 0xBC8E, 0xBC8E, 0xBC8E, 0xBC8E, 0xBC8E,
 0xBC8E, 0xBC8E, 0xBC8E, 0xBC8E, 0xBC8E, 0xBC8E, 0xBC8E, 0xBC8E, 0xBC8E, 0xBC8E, 0xBC8E, 0xBC8E, 0xBC8E, 0xBC8E, 0xBC8E, 0xBC8E,
 0xBC8E, 0xBC8E, 0xBC8E, 0xBC8E, 0xBC8E, 0xBC8E, 0xBC8E, 0xBC8E, 0xBC8E, 0xBC8E, 0xBC8E, 0xBC8E, 0xBC8E, 0xBC8E, 0xBC8E, 0xBC8E,
 0xBC8E, 0xBC8E, 0xBC8E, 0xBC8E, 0xBC8E, 0xBC8E, 0xBC8E, 0xBC8E, 0xBC8E, 0xBC8E, 0xBC8E, 0xBC8E, 0xBC8E, 0xBC8E, 0xBC8E, 0xBC8E,
 0xBC8E, 0xBC8E, 0xBC8E, 0xBC8E, 0xBC8E, 0xBC8E, 0xBC8E, 0xBC8E, 0xBC8E, 0xBC8E, 0xBC8E, 0xBC8E, 0xBC8E, 0xBC8E, 0xBC8E, 0xBC8E,
 0xBC8E, 0xBC8E, 0xBC8E, 0xBC8E, 0xBC8E, 0xBC8E, 0xBC8E, 0xBC8E, 0xBC8E, 0xBC8E, 0xBC8E, 0xBC8E, 0xBC8E, 0xBC8E, 0xBC8E, 0xBC8E,
 0xBC8E, 0xBC8E, 0xBC8E, 0xBC8E, 0xBC8E, 0xBC8E, 0xBC8E, 0xBC8E, 0xBC8E, 0xBC8E, 0xBC8E, 0xBC8E, 0xBC8E, 0xBC8E, 0xBC8E, 0xBC8E,
 0xBC8E, 0xBC8E, 0xBC8E, 0xBC8E, 0xBC8E, 0xBC8E, 0xBC8E, 0xBC8E, 0xBC8E, 0xBC8E, 0xBC8E, 0xBC8E, 0xBC8E, 0xBC8E, 0xBC8E, 0xBC8E,
 0xBC8E, 0xBC8E, 0xBC8E, 0xBC8E, 0xBC8E, 0xBC8E, 0xBC8E, 0xBC8E, 0xBC8E, 0xBC8E, 0xBC8E, 0xBC8E, 0xBC8E, 0xBC8E, 0xBC8E, 0xBC8E,
 0xBC8E, 0xBC8E, 0xBC8E, 0xBC8E, 0xBC8E, 0xBC8E, 0xBC8E, 0xBC8E, 0xBC8E, 0xBC8E, 0xBC8E, 0xBC8E, 0xBC8E, 0xBC8E, 0xBC8E, 0xBC8E,
 0xBC8E, 0xBC8E, 0xBC8E, 0xBC8E, 0xBC8E, 0xBC8E, 0xBC8E, 0xBC8E, 0xBC8E, 0xBC8E, 0xBC8E, 0xBC8E, 0xBC8E, 0xBC8E, 0xBC8E, 0xBC8E,
 0xBC8E, 0xBC8E, 0xBC8E, 0xBC8E, 0xBC8E, 0xBC8E, 0xBC8E, 0xBC8E, 0xBC8E, 0xBC8E, 0xBC8E, 0xBC8E, 0xBC8E, 0xBC8E, 0xBC8E, 0xBC8E,
 0xBC8E, 0xBC8E, 0xBC8E, 0xBC8E, 0xBC8E, 0xBC8E, 0xBC8E, 0xBC8E, 0xBC8E, 0xBC8E, 0xBC8E, 0xBC8E, 0xBC8E, 0xBC8E, 0xBC8E, 0xBC8E,
 0xBC8E, 0xBC8E, 0xBC8E, 0xBC8E, 0xBC8E, 0xBC8E, 0xBC8E, 0xBC8E, 0xBC8E, 0xBC8E, 0xBC8E, 0xBC8E, 0xBC8E, 0xBC8E, 0xBC8E, 0xBC8E,
 0xBC8E, 0xBC8E, 0xBC8E, 0xBC8E, 0xBC8E, 0xBC8E, 0xBC8E, 0xBC8E, 0xBC8E, 0xBC8E, 0xBC8E, 0xBC8E, 0xBC8E, 0xBC8E, 0xBC8E, 0xBC8E,
 0xBC8E, 0xBC8E, 0xBC8E, 0xBC8E, 0xBC8E, 0xBC8E, 0xBC8E, 0xBC8E, 0xBC8E, 0xBC8E, 0xBC8E, 0xBC8E, 0xBC8E, 0xBC8E, 0xBC8E, 0xBC8E,
 0xBC8E, 0xBC8E, 0xBC8E, 0xBC8E, 0xBC8E, 0xBC8E, 0xBC8E, 0xBC8E, 0xBC8E, 0xBC8E, 0xBC8E, 0xBC8E, 0xBC8E, 0xBC8E, 0xBC8E, 0xBC8E,
 0xBC8E, 0xBC8E, 0xBC8E, 0xBC8E, 0xBC8E, 0xBC8E, 0xBC8E, 0xBC8E, 0xBC8E, 0xBC8E, 0xBC8E, 0xBC8E, 0xBC8E, 0xBC8E, 0xBC8E, 0xBC8E,
 0xBC8E, 0xBC8E, 0xBC8E, 0xBC8E, 0xBC8E, 0xBC8E, 0xBC8E, 0xBC8E, 0xBC8E, 0xBC8E, 0xBC8E, 0xBC8E, 0xBC8E, 0xBC8E, 0xBC8E, 0xBC8E,
 0xBC8E, 0xBC8E, 0xBC8E, 0xBC8E, 0xBC8E, 0xBC8E, 0xBC8E, 0xBC8E, 0xBC8E, 0xBC8E, 0xBC8E, 0xBC8E, 0xBC8E, 0xBC8E, 0xBC8E, 0xBC8E,
 0xBC8E, 0xBC8E, 0xBC8E, 0xBC8E, 0xBC8E, 0xBC8E, 0xBC8E, 0xBC8E, 0xBC8E, 0xBC8E, 0xBC8E, 0xBC8E, 0xBC8E, 0xBC8E, 0xBC8E, 0xBC8E,
 0xBC8E, 0xBC8E, 0xBC8E, 0xBC8E, 0xBC8E, 0xBC8E, 0xBC8E, 0xBC8E, 0xBC8E, 0xBC8E, 0xBC8E, 0xBC8E, 0xBC8E, 0xBC8E, 0xBC8E, 0xBC8E,
 0xBC8E, 0xBC8E, 0xBC8E, 0xBC8E, 0xBC8E, 0xBC8E, 0xBC8E, 0xBC8E, 0xBC8E, 0xBC8E, 0xBC8E, 0xBC8E, 0xBC8E, 0xBC8E, 0xBC8E, 0xBC8E,
 0xBC8E, 0xBC8E, 0xBC8E, 0xBC8E, 0xBC8E, 0xBC8E, 0xBC8E, 0xBC8E, 0xBC8E, 0xBC8E, 0xBC8E, 0xBC8E, 0xBC8E, 0xBC8E, 0xBC8E, 0xBC8E,
 0xBC8E, 0xBC8E, 0xBC8E, 0xBC8E, 0xBC8E, 0xBC8E, 0xBC8E, 0xBC8E, 0xBC8E, 0xBC8E, 0xBC8E, 0xBC8E, 0xBC8E, 0xBC8E, 0xBC8E, 0xBC8E,
 0xBC8E, 0xBC8E, 0xBC8E, 0xBC8E, 0xBC8E, 0xBC8E, 0xBC8E, 0xBC8E, 0xBC8E, 0xBC8E, 0xBC8E, 0xBC8E, 0xBC8E, 0xBC8E, 0xBC8E, 0xBC8E,
 0xBC8E, 0xBC8E, 0xBC8E, 0xBC8E, 0xBC8E, 0xBC8E, 0xBC8E, 0xBC8E, 0xBC8E, 0xBC8E, 0xBC8E, 0xBC8E, 0xBC8E, 0xBC8E, 0xBC8E, 0xBC8E,
 0xBC8E, 0xBC8E, 0xBC8E, 0xBC8E, 0xBC8E, 0xBC8E, 0xBC8E, 0xBC8E, 0xBC8E, 0xBC8E, 0xBC8E, 0xBC8E, 0xBC8E, 0xBC8E, 0xBC8E, 0xBC8E,
 0xBC8E, 0xBC8E, 0xBC8E, 0xBC8E, 0xBC8E, 0xBC8E, 0xBC8E, 0xBC8E, 0xBC8E, 0xBC8E, 0xBC8E, 0xBC8E, 0xBC8E, 0xBC8E, 0xBC8E, 0xBC8E,
 0xBC8E, 0xBC8E, 0xBC8E, 0xBC8E, 0xBC8E, 0xBC8E, 0xBC8E, 0xBC8E, 0xBC8E, 0xBC8E, 0xBC8E, 0xBC8E, 0xBC8E, 0xBC8E, 0xBC8E, 0xBC8E,
 0xBC8E, 0xBC8E, 0xBC8E, 0xBC8E, 0xBC8E, 0xBC8E, 0xBC8E, 0xBC8E, 0xBC8E, 0xBC8E, 0xBC8E, 0xBC8E, 0xBC8E, 0xBC8E, 0xBC8E, 0xBC8E,
 0xBC8E, 0xBC8E, 0xBC8E, 0xBC8E, 0xBC8E, 0xBC8E, 0xBC8E, 0xBC8E, 0xBC8E, 0xBC8E, 0xBC8E, 0xBC8E, 0xBC8E, 0xBC8E, 0xBC8E, 0xBC8E,
 0xBC8E, 0xBC8E, 0xBC8E, 0xBC8E, 0xBC8E, 0xBC8E, 0xBC8E, 0xBC8E, 0xBC8E, 0xBC8E, 0xBC8E, 0xBC8E, 0xBC8E, 0xBC8E, 0xBC8E, 0xBC8E,
 0xBC8E, 0xBC8E, 0xBC8E, 0xBC8E, 0xBC8E, 0xBC8E, 0xBC8E, 0xBC8E, 0xBC8E, 0xBC8E, 0xBC8E, 0xBC8E, 0xBC8E, 0xBC8E, 0xBC8E, 0xBC8E,
 0xBC8E, 0xBC8E, 0xBC8E, 0xBC8E, 0xBC8E, 0xBC8E, 0xBC8E, 0xBC8E, 0xBC8E, 0xBC8E, 0xBC8E, 0xBC8E, 0xBC8E, 0xBC8E, 0xBC8E, 0xBC8E,
 0xBC8E, 0xBC8E, 0xBC8E, 0xBC8E, 0xBC8E, 0xBC8E, 0xBC8E, 0xBC8E, 0xBC8E, 0xBC8E, 0xBC8E, 0xBC8E, 0xBC8E, 0xBC8E, 0xBC8E, 0xBC8E,
 0xBC8E, 0xBC8E, 0xBC8E, 0xBC8E, 0xBC8E, 0xBC8E, 0xBC8E, 0xBC8E, 0xBC8E, 0xBC8E, 0xBC8E, 0xBC8E, 0xBC8E, 0xBC8E, 0xBC8E, 0xBC8E,
 0xBC8E, 0xBC8E, 0xBC8E, 0xBC8E, 0xBC8E, 0xBC8E, 0xBC8E, 0xBC8E, 0xBC8E, 0xBC8E, 0xBC8E, 0xBC8E, 0xBC8E, 0xBC8E, 0xBC8E, 0xBC8E,
 0xBC8E, 0xBC8E, 0xBC8E, 0xBC8E, 0xBC8E, 0xBC8E, 0xBC8E, 0xBC8E, 0xBC8E, 0xBC8E, 0xBC8E, 0xBC8E, 0xBC8E, 0xBC8E, 0xBC8E, 0xBC8E,
 0xBC8E, 0xBC8E, 0xBC8E, 0xBC8E, 0xBC8E, 0xBC8E, 0xBC8E, 0xBC8E, 0xBC8E, 0xBC8E, 0xBC8E, 0xBC8E, 0xBC8E, 0xBC8E, 0xBC8E, 0xBC8E,
 0xBC8E, 0xBC8E, 0xBC8E, 0xBC8E, 0xBC8E, 0xBC8E, 0xBC8E, 0xBC8E, 0xBC8E, 0xBC8E, 0xBC8E, 0xBC8E, 0xBC8E, 0xBC8E, 0xBC8E, 0xBC8E,
 0xBC8E, 0xBC8E, 0xBC8E, 0xBC8E, 0xBC8E, 0xBC8E, 0xBC8E, 0xBC8E, 0xBC8E, 0xBC8E, 0xBC8E, 0xBC8E, 0xBC8E, 0xBC8E, 0xBC8E, 0xBC8E,
 0xBC8E, 0xBC8E, 0xBC8E, 0xBC8E, 0xBC8E, 0xBC8E, 0xBC8E, 0xBC8E, 0xBC8E, 0xBC8E, 0xBC8E, 0xBC8E, 0xBC8E, 0xBC8E, 0xBC8E, 0xBC8E,
 0xBC8E, 0xBC8E, 0xBC8E, 0xBC8E, 0xBC8E, 0xBC8E, 0xBC8E, 0xBC8E, 0xBC8E, 0xBC8E, 0xBC8E, 0xBC8E, 0xBC8E, 0xBC8E, 0xBC8E, 0xBC8E,
 0xBC8E, 0xBC8E, 0xBC8E, 0xBC8E, 0xBC8E, 0xBC8E, 0xBC8E, 0xBC8E, 0xBC8E, 0xBC8E, 0xBC8E, 0xBC8E, 0xBC8E, 0xBC8E, 0xBC8E, 0xBC8E,
 0xBC8E, 0xBC8E, 0xBC8E, 0xBC8E, 0xBC8E, 0xBC8E, 0xBC8E, 0xBC8E, 0xBC8E, 0xBC8E, 0xBC8E, 0xBC8E, 0xBC8E, 0xBC8E, 0xBC8E, 0xBC8E,
 0xBC8E, 0xBC8E, 0xBC8E, 0xBC8E, 0xBC8E, 0xBC8E, 0xBC8E, 0xBC8E, 0xBC8E, 0xBC8E, 0xBC8E, 0xBC8E, 0xBC8E, 0xBC8E, 0xBC8E, 0xBC8E,
 0xBC8E, 0xBC8E, 0xBC8E, 0xBC8E, 0xBC8E, 0xBC8E, 0xBC8E, 0xBC8E, 0xBC8E, 0xBC8E, 0xBC8E, 0xBC8E, 0xBC8E, 0xBC8E, 0xBC8E, 0xBC8E,
 0xBC8E, 0xBC8E, 0xBC8E, 0xBC8E, 0xBC8E, 0xBC8E, 0xBC8E, 0xBC8E, 0xBC8E, 0xBC8E, 0xBC8E, 0xBC8E, 0xBC8E, 0xBC8E, 0xBC8E, 0xBC8E,
 0xBC8E, 0xBC8E, 0xBC8E, 0xBC8E, 0xBC8E, 0xBC8E, 0xBC8E, 0xBC8E, 0xBC8E, 0xBC8E, 0xBC8E, 0xBC8E, 0xBC8E, 0xBC8E, 0xBC8E, 0xBC8E,
 0xBC8E, 0xBC8E, 0xBC8E, 0xBC8E, 0xBC8E, 0xBC8E, 0xBC8E, 0xBC8E, 0xBC8E, 0xBC8E, 0xBC8E, 0xBC8E, 0xBC8E, 0xBC8E, 0xBC8E, 0xBC8E,
 0xBC8E, 0xBC8E, 0xBC8E, 0xBC8E, 0xBC8E, 0xBC8E, 0xBC8E, 0xBC8E, 0xBC8E, 0xBC8E, 0xBC8E, 0xBC8E, 0xBC8E, 0xBC8E, 0xBC8E, 0xBC8E,
 0xBC8E, 0xBC8E, 0xBC8E, 0xBC8E, 0xBC8E, 0xBC8E, 0xBC8E, 0xBC8E, 0xBC8E, 0xBC8E, 0xBC8E, 0xBC8E, 0xBC8E, 0xBC8E, 0xBC8E, 0xBC8E,
 0xBC8E, 0xBC8E, 0xBC8E, 0xBC8E, 0xBC8E, 0xBC8E, 0xBC8E, 0xBC8E, 0xBC8E, 0xBC8E, 0xBC8E, 0xBC8E, 0xBC8E, 0xBC8E, 0xBC8E, 0xBC8E,
 0xBC8E, 0xBC8E, 0xBC8E, 0xBC8E, 0xBC8E, 0xBC8E, 0xBC8E, 0xBC8E, 0xBC8E, 0xBC8E, 0xBC8E, 0xBC8E, 0xBC8E, 0xBC8E, 0xBC8E, 0xBC8E,
 0xBC8E, 0xBC8E, 0xBC8E, 0xBC8E, 0xBC8E, 0xBC8E, 0xBC8E, 0xBC8E, 0xBC8E, 0xBC8E, 0xBC8E, 0xBC8E, 0xBC8E, 0xBC8E, 0xBC8E, 0xBC8E,
 0xBC8E, 0xBC8E, 0xBC8E, 0xBC8E, 0xBC8E, 0xBC8E, 0xBC8E, 0xBC8E, 0xBC8E, 0xBC8E, 0xBC8E, 0xBC8E, 0xBC8E, 0xBC8E, 0xBC8E, 0xBC8E,
 0xBC8E, 0xBC8E, 0xBC8E, 0xBC8E, 0xBC8E, 0xBC8E, 0xBC8E, 0xBC8E, 0xBC8E, 0xBC8E, 0xBC8E, 0xBC8E, 0xBC8E, 0xBC8E, 0xBC8E, 0xBC8E,
 0xBC8E, 0xBC8E, 0xBC8E, 0xBC8E, 0xBC8E, 0xBC8E, 0xBC8E, 0xBC8E, 0xBC8E, 0xBC8E, 0xBC8E, 0xBC8E, 0xBC8E, 0xBC8E, 0xBC8E, 0xBC8E,
 0xBC8E, 0xBC8E, 0xBC8E, 0xBC8E, 0xBC8E, 0xBC8E, 0xBC8E, 0xBC8E, 0xBC8E, 0xBC8E, 0xBC8E, 0xBC8E, 0xBC8E, 0xBC8E, 0xBC8E, 0xBC8E,
 0xBC8E, 0xBC8E, 0xBC8E, 0xBC8E, 0xBC8E, 0xBC8E, 0xBC8E, 0xBC8E, 0xBC8E, 0xBC8E, 0xBC8E, 0xBC8E, 0xBC8E, 0xBC8E, 0xBC8E, 0xBC8E,
 0xBC8E, 0xBC8E, 0xBC8E, 0xBC8E, 0xBC8E, 0xBC8E, 0xBC8E, 0xBC8E, 0xBC8E, 0xBC8E, 0xBC8E, 0xBC8E, 0xBC8E, 0xBC8E, 0xBC8E, 0xBC8E,
 0xBC8E, 0xBC8E, 0xBC8E, 0xBC8E, 0xBC8E, 0xBC8E, 0xBC8E, 0xBC8E, 0xBC8E, 0xBC8E, 0xBC8E, 0xBC8E, 0xBC8E, 0xBC8E, 0xBC8E, 0xBC8E,
 0xBC8E, 0xBC8E, 0xBC8E, 0xBC8E, 0xBC8E, 0xBC8E, 0xBC8E, 0xBC8E, 0xBC8E, 0xBC8E, 0xBC8E, 0xBC8E, 0xBC8E, 0xBC8E, 0xBC8E, 0xBC8E,
 0xBC8E, 0xBC8E, 0xBC8E, 0xBC8E, 0xBC8E, 0xBC8E, 0xBC8E, 0xBC8E, 0xBC8E, 0xBC8E, 0xBC8E, 0xBC8E, 0xBC8E, 0xBC8E, 0xBC8E, 0xBC8E,
 0xBC8E, 0xBC8E, 0xBC8E, 0xBC8E, 0xBC8E, 0xBC8E, 0xBC8E, 0xBC8E, 0xBC8E, 0xBC8E, 0xBC8E, 0xBC8E, 0xBC8E, 0xBC8E, 0xBC8E, 0xBC8E,
 0xBC8E, 0xBC8E, 0xBC8E, 0xBC8E, 0xBC8E, 0xBC8E, 0xBC8E, 0xBC8E, 0xBC8E, 0xBC8E, 0xBC8E, 0xBC8E, 0xBC8E, 0xBC8E, 0xBC8E, 0xBC8E,
 0xBC8E, 0xBC8E, 0xBC8E, 0xBC8E, 0xBC8E, 0xBC8E, 0xBC8E, 0xBC8E, 0xBC8E, 0xBC8E, 0xBC8E, 0xBC8E, 0xBC8E, 0xBC8E, 0xBC8E, 0xBC8E,
 0xBC8E, 0xBC8E, 0xBC8E, 0xBC8E, 0xBC8E, 0xBC8E, 0xBC8E, 0xBC8E, 0xBC8E, 0xBC8E, 0xBC8E, 0xBC8E, 0xBC8E, 0xBC8E, 0xBC8E, 0xBC8E,
 0xBC8E, 0xBC8E, 0xBC8E, 0xBC8E, 0xBC8E, 0xBC8E, 0xBC8E, 0xBC8E, 0xBC8E, 0xBC8E, 0xBC8E, 0xBC8E, 0xBC8E, 0xBC8E, 0xBC8E, 0xBC8E,
 0xBC8E, 0xBC8E, 0xBC8E, 0xBC8E, 0xBC8E, 0xBC8E, 0xBC8E, 0xBC8E, 0xBC8E, 0xBC8E, 0xBC8E, 0xBC8E, 0xBC8E, 0xBC8E, 0xBC8E, 0xBC8E,
 0xBC8E, 0xBC8E, 0xBC8E, 0xBC8E, 0xBC8E, 0xBC8E, 0xBC8E, 0xBC8E, 0xBC8E, 0xBC8E, 0xBC8E, 0xBC8E, 0xBC8E, 0xBC8E, 0xBC8E, 0xBC8E,
 0xBC8E, 0xBC8E, 0xBC8E, 0xBC8E, 0xBC8E, 0xBC8E, 0xBC8E, 0xBC8E, 0xBC8E, 0xBC8E, 0xBC8E, 0xBC8E, 0xBC8E, 0xBC8E, 0xBC8E, 0xBC8E,
 0xBC8E, 0xBC8E, 0xBC8E, 0xBC8E, 0xBC8E, 0xBC8E, 0xBC8E, 0xBC8E, 0xBC8E, 0xBC8E, 0xBC8E, 0xBC8E, 0xBC8E, 0xBC8E, 0xBC8E, 0xBC8E,
 0xBC8E, 0xBC8E, 0xBC8E, 0xBC8E, 0xBC8E, 0xBC8E, 0xBC8E, 0xBC8E, 0xBC8E, 0xBC8E, 0xBC8E, 0xBC8E, 0xBC8E, 0xBC8E, 0xBC8E, 0xBC8E,
 0xBC8E, 0xBC8E, 0xBC8E, 0xBC8E, 0xBC8E, 0xBC8E, 0xBC8E, 0xBC8E, 0xBC8E, 0xBC8E, 0xBC8E, 0xBC8E, 0xBC8E, 0xBC8E, 0xBC8E, 0xBC8E,
 0xBC8E, 0xBC8E, 0xBC8E, 0xBC8E, 0xBC8E, 0xBC8E, 0xBC8E, 0xBC8E, 0xBC8E, 0xBC8E, 0xBC8E, 0xBC8E, 0xBC8E, 0xBC8E, 0xBC8E, 0xBC8E,
 0xBC8E, 0xBC8E, 0xBC8E, 0xBC8E, 0xBC8E, 0xBC8E, 0xBC8E, 0xBC8E, 0xBC8E, 0xBC8E, 0xBC8E, 0xBC8E, 0xBC8E, 0xBC8E, 0xBC8E, 0xBC8E,
 0xBC8E, 0xBC8E, 0xBC8E, 0xBC8E, 0xBC8E, 0xBC8E, 0xBC8E, 0xBC8E, 0xBC8E, 0xBC8E, 0xBC8E, 0xBC8E, 0xBC8E, 0xBC8E, 0xBC8E, 0xBC8E,
 0xBC8E, 0xBC8E, 0xBC8E, 0xBC8E, 0xBC8E, 0xBC8E, 0xBC8E, 0xBC8E, 0xBC8E, 0xBC8E, 0xBC8E, 0xBC8E, 0xBC8E, 0xBC8E, 0xBC8E, 0xBC8E,
 0xBC8E, 0xBC8E, 0xBC8E, 0xBC8E, 0xBC8E, 0xBC8E, 0xBC8E, 0xBC8E, 0xBC8E, 0xBC8E, 0xBC8E, 0xBC8E, 0xBC8E, 0xBC8E, 0xBC8E, 0xBC8E,
 0xBC8E, 0xBC8E, 0xBC8E, 0xBC8E, 0xBC8E, 0xBC8E, 0xBC8E, 0xBC8E, 0xBC8E, 0xBC8E, 0xBC8E, 0xBC8E, 0xBC8E, 0xBC8E, 0xBC8E, 0xBC8E,
 0xBC8E, 0xBC8E, 0xBC8E, 0xBC8E, 0xBC8E, 0xBC8E, 0xBC8E, 0xBC8E, 0xBC8E, 0xBC8E, 0xBC8E, 0xBC8E, 0xBC8E, 0xBC8E, 0xBC8E, 0xBC8E,
 0xBC8E, 0xBC8E, 0xBC8E, 0xBC8E, 0xBC8E, 0xBC8E, 0xBC8E, 0xBC8E, 0xBC8E, 0xBC8E, 0xBC8E, 0xBC8E, 0xBC8E, 0xBC8E, 0xBC8E, 0xBC8E,
 0xBC8E, 0xBC8E, 0xBC8E, 0xBC8E, 0xBC8E, 0xBC8E, 0xBC8E, 0xBC8E, 0xBC8E, 0xBC8E, 0xBC8E, 0xBC8E, 0xBC8E, 0xBC8E, 0xBC8E, 0xBC8E,
 0xBC8E, 0xBC8E, 0xBC8E, 0xBC8E, 0xBC8E, 0xBC8E, 0xBC8E, 0xBC8E, 0xBC8E, 0xBC8E, 0xBC8E, 0xBC8E, 0xBC8E, 0xBC8E, 0xBC8E, 0xBC8E,
 0xBC8E, 0xBC8E, 0xBC8E, 0xBC8E, 0xBC8E, 0xBC8E, 0xBC8E, 0xBC8E, 0xBC8E, 0xBC8E, 0xBC8E, 0xBC8E, 0xBC8E, 0xBC8E, 0xBC8E, 0xBC8E,
 0xBC8E, 0xBC8E, 0xBC8E, 0xBC8E, 0xBC8E, 0xBC8E, 0xBC8E, 0xBC8E, 0xBC8E, 0xBC8E, 0xBC8E, 0xBC8E, 0xBC8E, 0xBC8E, 0xBC8E, 0xBC8E,

};

#endif /* __images_h */
